movie_id,title,budget,genre,cast,director,runtime,release_date,production_company,language,country,IMDB_rating,number_of_votes,box_office_revenue
1208,Movie_1208,13612754.0,Drama,"Zendaya, Jennifer Lawrence",Patty Jenkins,136.0,2018-05-06,Walt Disney Pictures,Chinese,Australia,7.2,7574.0,11634719
257,Movie_257,11522148.0,Comedy,"Will Smith, Gal Gadot, Anya Taylor-Joy",Bong Joon-ho,82.0,2003-07-23,Paramount Pictures,English,Canada,9.2,10129.0,85388098
2357,Movie_2357,21064347.0,Comedy,"Denzel Washington, Taylor Thespian",Zack Snyder,76.0,2002-10-05,Columbia Pictures,English,Italy,8.3,5583.0,31884100
176,Movie_176,6613083.0,Drama,"Sam Star, Zendaya",Ridley Scott,83.0,2019-07-27,DreamWorks,English,China,9.4,2638.0,20158653
212,Movie_212,,Horror,"Sam Star, Margot Robbie, Chris Evans",Zack Snyder,87.0,2024-04-05,NEON,Korean,Australia,7.1,12343.0,419753546
412,Movie_412,72225211.0,Mystery,"Jordan Talent, Riley Role, Taylor Thespian, Amy Adams",Sofia Coppola,127.0,2005-01-08,DreamWorks,English,South Korea,5.4,11729.0,59268465
53,Movie_53,66455768.0,Animation,"Lupita Nyong'o, Viola Davis, Scarlett Johansson, Dwayne Johnson",Greta Gerwig,123.0,2018-09-29,Village Roadshow,Hindi,UK,7.2,16689.0,226999498
267,Movie_267,9141582.0,Western,"Pat Player, Samuel L. Jackson",Chloe Zhao,124.0,2008-06-18,Columbia Pictures,English,South Korea,7.9,6884.0,35936115
480,Movie_480,27285740.0,Musical,"Zendaya, Denzel Washington",Jane Doe,95.0,2001-12-16,20th Century Studios,English,France,6.3,10828.0,32650842
1293,Movie_1293,55747145.0,Crime,"Awkwafina, John Doe A, Jake Gyllenhaal, Jennifer Lawrence",Wes Anderson,102.0,2003-12-03,Legendary Entertainment,English,Canada,7.3,15725.0,74946029
2873,Movie_2873,152588382.0,Mystery,"Awkwafina, Leonardo DiCaprio, Jane Doe B",Bong Joon-ho,109.0,2007-10-15,Regency Enterprises,German,India,8.8,17042.0,126561277
1518,Movie_1518,34929913.0,Western,"Pedro Pascal, Benedict Cumberbatch, Jake Gyllenhaal",Chloe Zhao,118.0,2010-08-31,Blumhouse Productions,Italian,UK,7.8,13371.0,53599525
300,Movie_300,6813335.0,Animation,"Zendaya, Florence Pugh, Jane Doe B",Peter Jackson,116.0,2013-05-01,Walt Disney Pictures,English,France,8.3,12691.0,40233124
757,Movie_757,85136816.0,Thriller,"Emma Stone, Tom Holland, Florence Pugh, Taylor Thespian",Zack Snyder,104.0,2010-02-22,Focus Features,English,Italy,5.7,10919.0,211191435
45,Movie_45,80507092.0,Musical,"Viola Davis, Natalie Portman, Samuel L. Jackson",Taylor Green,161.0,2004-03-11,Universal Pictures,Korean,Australia,6.3,18579.0,39125860
2949,Movie_2949,3166020.0,Comedy,"Morgan Screen, Scarlett Johansson",Sam Mendes,136.0,2001-01-29,Paramount Pictures,German,India,6.7,6244.0,2506255
1367,Movie_1367,2767780.0,Crime,"Christian Bale, Sam Star",Sam Mendes,102.0,2001-04-07,Regency Enterprises,Portuguese,Italy,6.2,9099.0,3724042
2429,Movie_2429,113317391.0,Romance,"Leonardo DiCaprio, Ryan Gosling, Robert Downey Jr.",Patty Jenkins,110.0,2002-06-02,20th Century Studios,Korean,Japan,8.5,12589.0,225698948
1792,Movie_1792,6044273.0,Fantasy,"Will Smith, Tom Holland",Alex Rivera,106.0,2001-05-12,Focus Features,Portuguese,South Korea,6.5,9870.0,4937882
1652,Movie_1652,12296056.0,Biography,"Viola Davis, Dwayne Johnson, Casey Celeb",James Cameron,100.0,2000-03-29,Paramount Pictures,English,China,10.0,6330.0,55298963
1778,Movie_1778,18258071.0,Musical,"Morgan Freeman, Denzel Washington, Brad Pitt",Michael Bay,147.0,2002-01-03,A24,English,India,7.2,8144.0,24121475
832,Movie_832,14456449.0,Animation,"Pat Player, Cate Blanchett, Pedro Pascal",Alex Rivera,88.0,2023-09-06,Lionsgate,Italian,Australia,6.9,10189.0,27891090
2620,Movie_2620,33322390.0,Western,"Tom Holland, Jane Doe B, Amy Adams",Martin Scorsese,121.0,2016-01-13,Metro-Goldwyn-Mayer,English,Japan,5.9,10331.0,25831969
2575,Movie_2575,91775830.0,Adventure,"Alex Actor, Jake Gyllenhaal, Joaquin Phoenix",Chris Park,97.0,2003-08-15,Annapurna Pictures,English,UK,4.6,11653.0,76122552
671,Movie_671,176736482.0,Action,"Jordan Talent, Taylor Thespian, Gal Gadot, Emma Stone",Ryan Coogler,80.0,2019-06-22,Lionsgate,English,Canada,6.2,14140.0,1087362574
1079,Movie_1079,34607257.0,Musical,"Saoirse Ronan, Charlize Theron, Idris Elba",Denis Villeneuve,60.0,2016-11-24,Walt Disney Pictures,English,South Korea,5.2,11044.0,131182555
1408,Movie_1408,4775275.0,Adventure,"John Doe A, Ryan Gosling, Samuel L. Jackson",Barry Jenkins,117.0,2015-04-09,NEON,Italian,USA,8.2,12176.0,6064406
930,Movie_930,99030035.0,Drama,"Will Smith, Brad Pitt",Wes Anderson,68.0,2012-07-18,Columbia Pictures,Hindi,France,6.3,8705.0,195737508
2892,Movie_2892,,Mystery,"Joaquin Phoenix, Taylor Thespian, Leonardo DiCaprio, Natalie Portman",Kathryn Bigelow,92.0,2008-04-05,Warner Bros.,Hindi,Germany,9.0,12056.0,8627284
529,Movie_529,19703095.0,Comedy,"Jordan Talent, Tom Holland, Tom Hanks",Alex Rivera,84.0,2022-03-22,New Line Cinema,English,France,6.7,13180.0,20376703
2107,Movie_2107,38192335.0,Drama,"Robert Downey Jr., Denzel Washington, Pedro Pascal, Jordan Talent",Casey Brown,125.0,2015-11-20,A24,Spanish,Japan,8.5,6742.0,29952986
1376,Movie_1376,4336834.0,Drama,"Awkwafina, Amy Adams, Leonardo DiCaprio, Casey Celeb",Drew White,154.0,2024-10-12,Walt Disney Pictures,Spanish,South Korea,7.4,14077.0,3848281
94,Movie_94,64476241.0,Musical,"Casey Celeb, Brie Larson",Jordan Peele,100.0,2001-07-02,New Line Cinema,Chinese,Australia,6.5,14319.0,76673053
1718,Movie_1718,16661236.0,Mystery,"Scarlett Johansson, Jane Doe B",Peter Jackson,69.0,2022-03-21,Columbia Pictures,French,Italy,7.2,4464.0,12054358
1732,Movie_1732,143362175.0,Animation,"Dwayne Johnson, Anya Taylor-Joy, Tom Hanks, Lupita Nyong'o",Alex Rivera,98.0,2020-10-29,DreamWorks,Portuguese,Italy,6.3,16440.0,236746678
193,Movie_193,47701960.0,Family,"Awkwafina, Jordan Talent, Charlize Theron, Viola Davis",Greta Gerwig,90.0,2024-12-14,New Line Cinema,German,Italy,8.1,8541.0,56795897
64,Movie_64,30184258.0,Sci-Fi,"Tom Holland, Gal Gadot, Emma Stone, Margot Robbie",Michael Bay,152.0,2009-07-22,Columbia Pictures,Portuguese,USA,7.3,11885.0,91551523
1962,Movie_1962,48706792.0,Western,"Robert Downey Jr., Jane Doe B, Morgan Screen",Zack Snyder,131.0,2021-01-05,A24,Chinese,Australia,8.5,10483.0,23781406
2563,Movie_2563,5022947.0,Horror,"Morgan Freeman, Brie Larson, Meryl Streep, Sandra Bullock",Sofia Coppola,136.0,2001-09-23,Amblin Entertainment,English,South Korea,7.6,4576.0,8144232
1095,Movie_1095,8271584.0,Adventure,"Lupita Nyong'o, Oscar Isaac, Gal Gadot",Ridley Scott,101.0,2015-06-17,Walt Disney Pictures,Italian,Brazil,6.9,7258.0,26256108
1963,Movie_1963,8756454.0,Crime,"Benedict Cumberbatch, Jordan Talent, Gal Gadot, John Doe A",Steven Spielberg,124.0,2007-08-07,DreamWorks,English,Japan,9.5,11288.0,41516875
2187,Movie_2187,2485843.0,Romance,"Lupita Nyong'o, Sam Star, Brad Pitt, Idris Elba",Pat Quinn,69.0,2016-01-07,20th Century Studios,English,Brazil,6.3,8918.0,1419815
2543,Movie_2543,11435610.0,Thriller,"Chris Evans, Denzel Washington, Sam Star, Tom Hanks",Tim Burton,117.0,2007-10-16,20th Century Studios,Portuguese,Australia,6.0,5024.0,24978479
1196,Movie_1196,400000000.0,Crime,"Florence Pugh, Gal Gadot, Robert Downey Jr.",Denis Villeneuve,112.0,2008-11-02,Amblin Entertainment,Japanese,China,7.7,11408.0,1328893292
1712,Movie_1712,14534099.0,Biography,"Tom Holland, Zendaya",John Smith,98.0,2009-01-03,New Line Cinema,English,France,7.9,7040.0,11516440
2806,Movie_2806,161168007.0,Action,"Natalie Portman, Anya Taylor-Joy, Joaquin Phoenix, Ryan Gosling",Tim Burton,129.0,2014-08-29,Lionsgate,English,Brazil,7.9,16640.0,559394749
2514,Movie_2514,84181645.0,Horror,"Scarlett Johansson, Robert Downey Jr., Joaquin Phoenix, Alex Actor",Jordan Peele,100.0,2024-11-04,Lionsgate,Portuguese,Australia,8.4,15634.0,137610177
2665,Movie_2665,8183954.0,War,"Meryl Streep, Zendaya",Greta Gerwig,114.0,2010-07-23,Regency Enterprises,Italian,Italy,7.6,1582.0,17420692
2639,Movie_2639,29640980.0,Crime,"Sam Star, Leonardo DiCaprio, Dwayne Johnson, Taylor Thespian",Ridley Scott,152.0,2017-12-27,Warner Bros.,English,Italy,7.8,12349.0,34640545
651,Movie_651,38914072.0,Animation,"Anya Taylor-Joy, Pedro Pascal",Denis Villeneuve,88.0,2002-09-11,NEON,German,France,8.0,11267.0,87518492
566,Movie_566,7977953.0,Sci-Fi,"Charlize Theron, Jane Doe B, Awkwafina",Jamie Lee,132.0,2024-01-02,Warner Bros.,English,Germany,7.5,8534.0,7270400
417,Movie_417,5637626.0,Fantasy,"Awkwafina, Timothée Chalamet, Samuel L. Jackson",Taylor Green,120.0,2010-12-30,Village Roadshow,English,South Korea,8.0,4644.0,11422540
2679,Movie_2679,5948186.0,Horror,"Oscar Isaac, Ryan Gosling",Quentin Tarantino,111.0,2002-07-06,Searchlight Pictures,Spanish,Italy,6.4,4567.0,7024188
1489,Movie_1489,285950280.0,Comedy,"Chris Evans, Brie Larson",Ava DuVernay,96.0,2025-04-15,Paramount Pictures,Chinese,Australia,8.8,15875.0,765247901
565,Movie_565,11376120.0,War,"Joaquin Phoenix, Scarlett Johansson, Riley Role, Saoirse Ronan",Tim Burton,106.0,2022-01-19,Columbia Pictures,Japanese,Canada,7.1,9376.0,26530418
768,Movie_768,12745296.0,Fantasy,"Emma Stone, Ana de Armas, Chris Evans, Florence Pugh",Casey Brown,89.0,2001-12-21,New Line Cinema,French,India,7.2,8814.0,15730009
299,Movie_299,,Family,"Morgan Freeman, Emma Stone, Amy Adams",Taylor Green,124.0,2015-10-30,Warner Bros.,English,Canada,6.1,13671.0,37168884
2930,Movie_2930,8234253.0,Adventure,"Oscar Isaac, Cate Blanchett, Jane Doe B, Tom Holland",Ryan Coogler,,2003-11-06,Annapurna Pictures,English,China,7.2,5991.0,34567776
2674,Movie_2674,12800840.0,Fantasy,"Lupita Nyong'o, Florence Pugh, Brie Larson, John Doe A",Martin Scorsese,96.0,2012-11-28,Focus Features,Japanese,UK,8.8,5431.0,47742510
1608,Movie_1608,54888822.0,Western,"Morgan Screen, Sam Star, Amy Adams",Jane Doe,88.0,2005-07-24,DreamWorks,German,India,7.0,5410.0,18090625
1026,Movie_1026,20569293.0,Horror,"Jane Doe B, Amy Adams",Kathryn Bigelow,132.0,2008-12-02,Village Roadshow,English,UK,8.3,13590.0,49845159
555,Movie_555,37607181.0,Documentary,"Joaquin Phoenix, Will Smith, Tom Hanks",Denis Villeneuve,95.0,2022-04-16,NEON,Japanese,Canada,9.4,9631.0,57598991
1,Movie_1,24303626.0,Animation,"John Doe A, Samuel L. Jackson, Timothée Chalamet, Taylor Thespian",Steven Spielberg,104.0,2012-01-31,Village Roadshow,English,France,7.3,9641.0,59125969
2712,Movie_2712,9351366.0,War,"Casey Celeb, Brie Larson, Ryan Gosling, Riley Role",Greta Gerwig,150.0,2003-05-30,A24,Chinese,France,5.5,14033.0,6383640
950,Movie_950,7583480.0,Adventure,"Dwayne Johnson, Samuel L. Jackson, Oscar Isaac, Sandra Bullock",Kathryn Bigelow,117.0,2006-10-25,Warner Bros.,German,France,6.1,7147.0,12299789
2647,Movie_2647,85313568.0,Drama,"Tom Hanks, Anya Taylor-Joy",Ava DuVernay,102.0,2013-10-29,20th Century Studios,German,Brazil,5.5,13281.0,128064336
103,Movie_103,39527836.0,Thriller,"Idris Elba, Scarlett Johansson",Kathryn Bigelow,114.0,2008-01-19,A24,English,China,7.8,10986.0,155102444
1908,Movie_1908,31598002.0,Western,"Charlize Theron, Riley Role, Tom Hanks",Pat Quinn,138.0,2021-06-10,New Line Cinema,English,Brazil,6.5,9032.0,24473005
479,Movie_479,20391559.0,Thriller,"Meryl Streep, Chris Evans",Ridley Scott,122.0,2025-05-02,Paramount Pictures,English,Italy,6.5,4903.0,151441320
2384,Movie_2384,30656249.0,Sci-Fi,"Brie Larson, Jane Doe B, Tom Hanks, Viola Davis",Ryan Coogler,117.0,2021-05-31,Universal Pictures,English,UK,7.2,9580.0,85342303
1287,Movie_1287,15185450.0,Biography,"Taylor Thespian, Samuel L. Jackson",Quentin Tarantino,153.0,2017-03-27,Regency Enterprises,Spanish,Germany,7.1,4275.0,15680554
145,Movie_145,26448014.0,Drama,"Amy Adams, Sam Star, Margot Robbie",Sam Mendes,136.0,2022-10-30,Warner Bros.,English,China,5.2,1274.0,23013837
556,Movie_556,8179145.0,Thriller,"Meryl Streep, Ana de Armas, Natalie Portman, Jennifer Lawrence",John Smith,103.0,2015-05-17,Universal Pictures,French,South Korea,8.1,8052.0,11056402
2793,Movie_2793,6244623.0,Horror,"Zendaya, Gal Gadot",Steven Spielberg,106.0,2015-06-21,Warner Bros.,English,Germany,7.6,8953.0,29603730
15,Movie_15,11376920.0,Comedy,"Ryan Gosling, Will Smith, Tom Hanks, Jake Gyllenhaal",Barry Jenkins,97.0,2025-09-23,Blumhouse Productions,Italian,Japan,6.8,12226.0,7583547
2309,Movie_2309,12060491.0,Drama,"Pat Player, Tom Hanks",Zack Snyder,120.0,2015-01-03,Metro-Goldwyn-Mayer,English,France,8.0,10606.0,39712885
1162,Movie_1162,8489773.0,War,"John Doe A, Jennifer Lawrence",Jamie Lee,85.0,2016-06-09,Blumhouse Productions,Spanish,Germany,7.2,11971.0,14587412
701,Movie_701,,Drama,"Pedro Pascal, Saoirse Ronan, Lupita Nyong'o",Steven Spielberg,76.0,2004-01-02,Warner Bros.,Korean,Germany,9.3,9947.0,92670050
908,Movie_908,,Romance,"Tom Hanks, Sam Star",John Smith,75.0,2012-02-18,Annapurna Pictures,Spanish,Germany,6.3,9511.0,27349726
2259,Movie_2259,131093581.0,Crime,"Tom Hanks, Jordan Talent",Alex Rivera,65.0,2021-02-25,NEON,Spanish,India,6.3,13601.0,40683006
195,Movie_195,31206029.0,Adventure,"Margot Robbie, Tom Hanks, Joaquin Phoenix",Ryan Coogler,96.0,2016-11-26,Searchlight Pictures,English,Italy,7.6,13397.0,99305789
1147,Movie_1147,2883150.0,Family,"Saoirse Ronan, Morgan Freeman",John Smith,91.0,2004-07-27,Paramount Pictures,Hindi,Germany,6.4,7693.0,9898500
2877,Movie_2877,42636102.0,Romance,"Tom Holland, Will Smith, Oscar Isaac, Christian Bale",Tim Burton,110.0,2015-02-20,Searchlight Pictures,English,Canada,7.6,17775.0,143719631
1406,Movie_1406,42665478.0,Animation,"Brie Larson, Chris Evans, Oscar Isaac, Riley Role",Peter Jackson,95.0,2018-12-12,Village Roadshow,English,Brazil,9.6,12230.0,101920286
1407,Movie_1407,23488031.0,Horror,"Tom Hanks, Chris Evans, Scarlett Johansson",Jamie Lee,113.0,2020-09-18,Amblin Entertainment,French,France,8.0,15984.0,30938662
204,Movie_204,400000000.0,Drama,"Riley Role, Pedro Pascal, Amy Adams",Jordan Peele,124.0,2000-03-20,Searchlight Pictures,Hindi,Canada,8.7,10415.0,1192472635
189,Movie_189,35393810.0,Family,"Sam Star, Anya Taylor-Joy",Damien Chazelle,117.0,2016-12-30,A24,English,France,6.8,9201.0,90696222
2655,Movie_2655,23261386.0,Comedy,"Saoirse Ronan, Tom Hanks, Christian Bale",Martin Scorsese,116.0,2007-08-23,Focus Features,English,France,7.9,10013.0,71294024
1463,Movie_1463,7621905.0,War,"Samuel L. Jackson, Florence Pugh",Ridley Scott,128.0,2003-02-15,NEON,English,USA,8.9,9249.0,15909383
52,Movie_52,26896233.0,Musical,"John Doe A, Joaquin Phoenix",Jordan Peele,94.0,2013-05-29,New Line Cinema,Korean,India,8.1,10172.0,15574140
2987,Movie_2987,29367014.0,Mystery,"Cate Blanchett, Florence Pugh, Jordan Talent, Jane Doe B",Jamie Lee,120.0,2002-07-26,Paramount Pictures,English,Brazil,7.1,7890.0,57799851
1242,Movie_1242,17964824.0,War,"Pedro Pascal, Amy Adams",Barry Jenkins,89.0,2015-12-19,Regency Enterprises,English,UK,7.3,8109.0,46397613
33,Movie_33,40233663.0,Fantasy,"Dwayne Johnson, Brad Pitt, Alex Actor",Pat Quinn,118.0,2002-10-09,Village Roadshow,French,UK,7.2,13012.0,17227142
1539,Movie_1539,85542463.0,Documentary,"Pat Player, Chris Evans, Denzel Washington",Sam Mendes,116.0,2019-01-29,Focus Features,Spanish,Australia,9.6,10649.0,40187898
175,Movie_175,31234483.0,Drama,"Benedict Cumberbatch, Viola Davis, Tom Hanks, Chris Evans",Guillermo del Toro,123.0,2004-07-16,Regency Enterprises,English,Japan,7.5,11422.0,56026415
528,Movie_528,125801379.0,Horror,"Christian Bale, Riley Role, Morgan Freeman, Morgan Screen",Guy Ritchie,106.0,2010-04-27,Lionsgate,English,South Korea,7.4,14695.0,128721533
140,Movie_140,40361110.0,Musical,"Brie Larson, Cate Blanchett, Jennifer Lawrence",Pat Quinn,136.0,2019-12-24,Paramount Pictures,English,USA,7.3,10185.0,127794905
2817,Movie_2817,73823969.0,Action,"Awkwafina, Idris Elba",Chloe Zhao,96.0,2020-07-20,Village Roadshow,English,Brazil,10.0,10655.0,736719051
1868,Movie_1868,22261546.0,Documentary,"Taylor Thespian, Emma Stone, Denzel Washington, Natalie Portman",Peter Jackson,93.0,2006-06-25,Universal Pictures,English,Canada,8.4,14077.0,52571529
544,Movie_544,6986997.0,Thriller,"Lupita Nyong'o, Margot Robbie, John Doe A",Michael Bay,139.0,2004-06-18,DreamWorks,English,Germany,7.7,11631.0,28134031
782,Movie_782,65241391.0,Western,"Benedict Cumberbatch, Scarlett Johansson",Pat Quinn,75.0,2007-05-29,Universal Pictures,Portuguese,Canada,6.2,14027.0,58700509
1484,Movie_1484,11414131.0,Drama,"Tom Hanks, Will Smith, Florence Pugh, Viola Davis",Barry Jenkins,88.0,2007-04-24,Searchlight Pictures,English,Canada,5.2,6616.0,11764982
2024,Movie_2024,88141857.0,Musical,"Jane Doe B, Timothée Chalamet, Zendaya, Morgan Screen",Guy Ritchie,116.0,2017-12-24,20th Century Studios,English,South Korea,7.3,12114.0,113048976
219,Movie_219,23656433.0,Documentary,"Samuel L. Jackson, Amy Adams, Denzel Washington, Alex Actor",Casey Brown,92.0,2014-11-14,NEON,German,Japan,8.7,11579.0,11378957
818,Movie_818,8056788.0,Western,"Ryan Gosling, Ana de Armas, Alex Actor",John Smith,115.0,2012-12-28,Lionsgate,English,Canada,6.4,12667.0,13987204
2692,Movie_2692,8154726.0,Western,"Jennifer Lawrence, Chris Evans, Brie Larson",Jordan Peele,111.0,2019-03-17,Focus Features,English,Brazil,5.7,7366.0,30668507
765,Movie_765,33998457.0,Adventure,"Christian Bale, John Doe A",John Smith,130.0,2008-12-12,Columbia Pictures,Spanish,Australia,6.3,7878.0,45103173
815,Movie_815,4122706.0,Drama,"Will Smith, Morgan Screen, Benedict Cumberbatch, Joaquin Phoenix",Peter Jackson,79.0,2007-05-27,Walt Disney Pictures,English,China,5.9,8975.0,10885155
2094,Movie_2094,17116345.0,Family,"Dwayne Johnson, Lupita Nyong'o, Scarlett Johansson",Christopher Nolan,115.0,2008-02-01,Focus Features,English,Germany,7.5,9351.0,62414543
2477,Movie_2477,40911926.0,Horror,"Sandra Bullock, Joaquin Phoenix, John Doe A, Morgan Freeman",Denis Villeneuve,72.0,2009-02-21,Paramount Pictures,English,Brazil,7.2,10757.0,223335518
2481,Movie_2481,16485527.0,Documentary,"Morgan Screen, Meryl Streep, Jennifer Lawrence",Chloe Zhao,117.0,2000-03-23,Universal Pictures,German,Brazil,9.3,7063.0,4889483
622,Movie_622,12779514.0,Documentary,"Alex Actor, Anya Taylor-Joy, Viola Davis, Meryl Streep",Denis Villeneuve,72.0,2022-06-11,Warner Bros.,English,France,7.0,6581.0,28613019
1744,Movie_1744,31131303.0,Drama,"Sam Star, Riley Role, Scarlett Johansson, Viola Davis",Peter Jackson,115.0,2019-03-11,DreamWorks,English,South Korea,8.9,11013.0,136019883
1833,Movie_1833,31163148.0,Musical,"Sam Star, Viola Davis, Leonardo DiCaprio",Quentin Tarantino,75.0,2021-02-19,20th Century Studios,English,Japan,7.7,15991.0,159633411
1303,Movie_1303,31902702.0,Drama,"Anya Taylor-Joy, Viola Davis, Zendaya",Christopher Nolan,125.0,2000-11-20,NEON,French,Brazil,9.3,4848.0,86459079
2738,Movie_2738,7200194.0,Musical,"Tom Holland, Oscar Isaac, Scarlett Johansson",Sofia Coppola,67.0,2007-05-14,Village Roadshow,Chinese,South Korea,6.3,14184.0,5224991
2570,Movie_2570,6551565.0,Fantasy,"Denzel Washington, Morgan Freeman, Oscar Isaac, Taylor Thespian",Jane Doe,121.0,2009-10-11,Universal Pictures,English,Italy,6.8,12894.0,12995982
150,Movie_150,18538117.0,War,"Pedro Pascal, Tom Hanks, Chris Evans, Jennifer Lawrence",Guy Ritchie,78.0,2018-11-11,Warner Bros.,English,Canada,7.1,10979.0,43136078
486,Movie_486,1589594.0,War,"Morgan Freeman, Tom Holland, Oscar Isaac, Alex Actor",Denis Villeneuve,137.0,2016-05-30,Warner Bros.,Spanish,India,8.2,12538.0,4261637
2710,Movie_2710,211260148.0,Mystery,"Timothée Chalamet, Jane Doe B, Benedict Cumberbatch, Zendaya",Tim Burton,155.0,2017-10-29,NEON,English,South Korea,8.1,16961.0,182100931
2579,Movie_2579,10343972.0,Sci-Fi,"Margot Robbie, Morgan Screen",David Fincher,102.0,2006-11-10,NEON,English,UK,7.2,9627.0,62446444
1979,Movie_1979,13227186.0,Action,"Denzel Washington, Meryl Streep, Lupita Nyong'o, Dwayne Johnson",Taylor Green,77.0,2002-03-27,Walt Disney Pictures,Chinese,Italy,7.7,8692.0,22015914
2622,Movie_2622,9819061.0,Romance,"Robert Downey Jr., Viola Davis, Joaquin Phoenix",Kathryn Bigelow,145.0,2014-08-17,Amblin Entertainment,Hindi,Australia,7.4,16127.0,14933396
533,Movie_533,222424886.0,Documentary,"Will Smith, Awkwafina, Anya Taylor-Joy",Chloe Zhao,87.0,2002-07-13,Annapurna Pictures,English,Brazil,7.3,17818.0,279235355
258,Movie_258,,Musical,"Leonardo DiCaprio, Cate Blanchett, Lupita Nyong'o, Meryl Streep",Jane Doe,94.0,2025-02-13,Columbia Pictures,English,South Korea,7.6,10911.0,4455500
846,Movie_846,19054009.0,Comedy,"Emma Stone, Robert Downey Jr., Anya Taylor-Joy",Ridley Scott,91.0,2015-12-15,Metro-Goldwyn-Mayer,Hindi,Brazil,7.9,9913.0,16521480
1814,Movie_1814,400000000.0,Drama,"Morgan Screen, Robert Downey Jr., Margot Robbie",Christopher Nolan,109.0,2016-02-14,Focus Features,English,USA,6.9,14739.0,874151424
568,Movie_568,60709605.0,Thriller,"John Doe A, Ryan Gosling, Will Smith, Gal Gadot",Taika Waititi,114.0,2019-08-21,Searchlight Pictures,English,South Korea,8.0,11417.0,124460053
2568,Movie_2568,7087057.0,Crime,"Tom Holland, Oscar Isaac",Patty Jenkins,157.0,2016-07-11,Paramount Pictures,English,Canada,7.6,10941.0,9889355
2988,Movie_2988,3826049.0,Romance,"Dwayne Johnson, Denzel Washington, Morgan Freeman",Drew White,124.0,2002-05-01,NEON,English,Japan,6.5,7441.0,10986571
2297,Movie_2297,7907684.0,Thriller,"Will Smith, Brie Larson, Amy Adams, Lupita Nyong'o",Michael Bay,90.0,2007-03-17,Focus Features,English,Italy,7.7,9550.0,14175968
745,Movie_745,15360388.0,Family,"Zendaya, Timothée Chalamet",Taika Waititi,137.0,2004-02-06,Annapurna Pictures,French,UK,6.4,12679.0,13910066
507,Movie_507,103880777.0,Fantasy,"Gal Gadot, Morgan Screen",Jordan Peele,105.0,2014-02-18,NEON,English,China,7.3,14997.0,372552202
1150,Movie_1150,36298537.0,Comedy,"John Doe A, Jake Gyllenhaal, Leonardo DiCaprio",Sofia Coppola,68.0,2014-04-02,Focus Features,English,Italy,8.3,8464.0,50078967
2023,Movie_2023,12963495.0,Mystery,"Samuel L. Jackson, Viola Davis",Taika Waititi,146.0,2021-03-09,Warner Bros.,Portuguese,Japan,5.9,6544.0,19634739
534,Movie_534,8366174.0,Documentary,"Cate Blanchett, Will Smith, Brad Pitt, Benedict Cumberbatch",Wes Anderson,86.0,2000-04-12,Universal Pictures,English,Canada,8.0,12866.0,25611986
1398,Movie_1398,9665635.0,Crime,"Oscar Isaac, Timothée Chalamet, Meryl Streep, Robert Downey Jr.",Steven Spielberg,60.0,2016-03-21,Amblin Entertainment,English,China,5.9,8647.0,15422946
2753,Movie_2753,15012449.0,Romance,"Alex Actor, Morgan Screen, Scarlett Johansson",Ava DuVernay,80.0,2011-06-17,Columbia Pictures,English,Australia,6.8,7392.0,19508063
2026,Movie_2026,23606925.0,Crime,"Ana de Armas, Benedict Cumberbatch, Jane Doe B, Meryl Streep",Chloe Zhao,65.0,2020-07-19,Regency Enterprises,English,Italy,8.8,12608.0,78300878
788,Movie_788,8285626.0,Western,"Jordan Talent, Saoirse Ronan",John Smith,91.0,2021-05-25,Universal Pictures,Korean,Canada,7.8,3661.0,6851503
1703,Movie_1703,2487602.0,Thriller,"Pat Player, Jane Doe B",Pat Quinn,111.0,2007-10-27,Amblin Entertainment,English,India,6.9,6176.0,3241783
197,Movie_197,62702240.0,Romance,"Amy Adams, Timothée Chalamet, Benedict Cumberbatch, Zendaya",Peter Jackson,143.0,2023-11-04,Legendary Entertainment,German,France,9.9,12070.0,192074350
1058,Movie_1058,176966775.0,Romance,"Gal Gadot, Oscar Isaac, Jake Gyllenhaal",Guy Ritchie,114.0,2013-05-14,20th Century Studios,Japanese,Italy,8.8,11896.0,101373242
292,Movie_292,,Thriller,"Chris Evans, Sam Star, Jordan Talent",James Cameron,87.0,2018-07-19,Annapurna Pictures,English,France,7.5,8714.0,68154786
1914,Movie_1914,11518375.0,Biography,"Christian Bale, Robert Downey Jr., Zendaya, Pat Player",Tim Burton,121.0,2002-12-25,Regency Enterprises,English,Canada,7.0,9902.0,22995642
1458,Movie_1458,39232582.0,Thriller,"John Doe A, Sandra Bullock",Ridley Scott,146.0,2010-08-09,Warner Bros.,Spanish,USA,8.8,12237.0,73975777
46,Movie_46,18581093.0,Horror,"Pedro Pascal, Viola Davis",Morgan Blake,150.0,2005-01-20,A24,Italian,Japan,7.4,7209.0,13569937
2156,Movie_2156,14594303.0,Fantasy,"Robert Downey Jr., Natalie Portman",Barry Jenkins,,2006-02-06,Regency Enterprises,English,Germany,7.1,10323.0,86596302
2367,Movie_2367,54220528.0,Biography,"Morgan Freeman, Brie Larson",Ridley Scott,145.0,2002-12-31,DreamWorks,English,France,6.3,9012.0,284346957
2970,Movie_2970,7617990.0,War,"Ana de Armas, Sam Star, Charlize Theron, Morgan Screen",Drew White,109.0,2014-07-03,Blumhouse Productions,English,Canada,7.9,8308.0,7209597
1951,Movie_1951,14172251.0,Action,"Natalie Portman, Chris Evans, John Doe A",Ryan Coogler,69.0,2012-02-08,Legendary Entertainment,German,UK,7.8,8683.0,29500528
2145,Movie_2145,7942876.0,Mystery,"Amy Adams, Morgan Screen, Tom Holland, Emma Stone",Ryan Coogler,117.0,2022-10-21,Columbia Pictures,Spanish,China,6.5,4573.0,9273462
888,Movie_888,112486194.0,Western,"Samuel L. Jackson, Tom Hanks, Ryan Gosling",Kathryn Bigelow,,2008-08-20,Lionsgate,Hindi,India,6.6,14531.0,84314472
424,Movie_424,23338272.0,Sci-Fi,"Jane Doe B, Denzel Washington, Casey Celeb, Joaquin Phoenix",Chloe Zhao,135.0,2018-11-22,Columbia Pictures,Spanish,UK,7.9,11926.0,27446771
1832,Movie_1832,14998290.0,Drama,"Samuel L. Jackson, Pat Player, Lupita Nyong'o",Michael Bay,128.0,2000-02-27,Universal Pictures,French,China,5.6,16145.0,29891079
652,Movie_652,400000000.0,Musical,"Samuel L. Jackson, Tom Holland, Margot Robbie",Ryan Coogler,134.0,2011-10-29,Warner Bros.,English,China,7.2,12151.0,801216261
1438,Movie_1438,17718080.0,Comedy,"Zendaya, Florence Pugh",Tim Burton,60.0,2007-03-15,Village Roadshow,English,China,7.0,10725.0,57975268
451,Movie_451,25454684.0,Animation,"Saoirse Ronan, Anya Taylor-Joy, Pedro Pascal, Viola Davis",Patty Jenkins,106.0,2010-03-03,Focus Features,English,India,7.1,4981.0,103517417
185,Movie_185,7873513.0,Crime,"Meryl Streep, Jane Doe B",Alex Rivera,147.0,2021-06-30,Searchlight Pictures,English,Italy,7.1,14728.0,21270404
332,Movie_332,2349940.0,Adventure,"Benedict Cumberbatch, Will Smith, Jane Doe B",Casey Brown,133.0,2025-11-14,Blumhouse Productions,Japanese,China,8.1,4905.0,5966278
599,Movie_599,55686637.0,Family,"Will Smith, Benedict Cumberbatch, Charlize Theron, Idris Elba",Martin Scorsese,148.0,2009-06-08,New Line Cinema,French,Canada,9.6,14305.0,121169949
2363,Movie_2363,8698920.0,Action,"Leonardo DiCaprio, Ana de Armas, Brie Larson",Jordan Peele,140.0,2018-05-28,Blumhouse Productions,Chinese,Brazil,6.7,11012.0,27156250
1056,Movie_1056,14591402.0,Adventure,"Saoirse Ronan, Cate Blanchett, Jordan Talent",Sofia Coppola,140.0,2019-03-26,Annapurna Pictures,German,Japan,6.9,10217.0,16332515
1576,Movie_1576,76416079.0,Documentary,"Lupita Nyong'o, Timothée Chalamet",Greta Gerwig,77.0,2018-10-11,NEON,English,Canada,7.6,14205.0,102990432
1804,Movie_1804,362833331.0,Horror,"Lupita Nyong'o, John Doe A",Greta Gerwig,79.0,2015-07-03,Metro-Goldwyn-Mayer,English,France,6.0,16553.0,1016305333
2496,Movie_2496,21523619.0,Drama,"Cate Blanchett, Riley Role, Scarlett Johansson",Drew White,103.0,2019-06-26,Village Roadshow,Japanese,South Korea,5.9,10122.0,35689236
2994,Movie_2994,12369654.0,Comedy,"Leonardo DiCaprio, Robert Downey Jr., Sandra Bullock, Jordan Talent",Sofia Coppola,111.0,2022-08-09,Blumhouse Productions,Chinese,UK,6.6,9037.0,7233015
290,Movie_290,39441648.0,Crime,"Jennifer Lawrence, Joaquin Phoenix",Taylor Green,,2020-03-14,Annapurna Pictures,Japanese,India,7.3,8504.0,38084325
2675,Movie_2675,23965793.0,Animation,"Christian Bale, Jordan Talent",David Fincher,111.0,2017-07-17,Columbia Pictures,Chinese,India,8.6,8635.0,122049588
333,Movie_333,14865919.0,Thriller,"Pat Player, Oscar Isaac, Robert Downey Jr., Sam Star",Damien Chazelle,105.0,2009-05-26,20th Century Studios,English,China,7.4,5594.0,31375157
2841,Movie_2841,2991334.0,Drama,"Scarlett Johansson, Samuel L. Jackson, Ana de Armas",Jane Doe,107.0,2013-09-24,Amblin Entertainment,English,Italy,7.8,5945.0,5037029
1581,Movie_1581,17270310.0,Documentary,"Ryan Gosling, Scarlett Johansson, Denzel Washington",Sam Mendes,114.0,2005-11-17,A24,Italian,India,7.3,4788.0,13897368
2660,Movie_2660,3107017.0,Thriller,"Chris Evans, Lupita Nyong'o, Jennifer Lawrence, Morgan Freeman",Jordan Peele,141.0,2003-09-05,Paramount Pictures,French,Italy,8.4,8014.0,4018243
719,Movie_719,5798962.0,Mystery,"Sandra Bullock, Jane Doe B, Saoirse Ronan, Taylor Thespian",Denis Villeneuve,82.0,2025-07-12,NEON,German,France,7.8,10257.0,17110621
1353,Movie_1353,91550979.0,Family,"Jane Doe B, Alex Actor, Viola Davis, Riley Role",Guillermo del Toro,168.0,2007-03-12,Regency Enterprises,English,France,6.1,12477.0,140989605
1341,Movie_1341,11530082.0,War,"Casey Celeb, Denzel Washington, Riley Role, Emma Stone",Zack Snyder,89.0,2009-04-01,Blumhouse Productions,English,Japan,7.8,7533.0,33702960
508,Movie_508,33258847.0,Adventure,"Alex Actor, Gal Gadot, Joaquin Phoenix",Pat Quinn,117.0,2015-12-20,Focus Features,English,India,7.4,14438.0,123924895
2574,Movie_2574,9941816.0,Thriller,"Gal Gadot, Zendaya, Ryan Gosling",Sam Mendes,117.0,2009-04-02,Village Roadshow,English,Germany,7.9,14178.0,35668938
2888,Movie_2888,8108099.0,Romance,"Denzel Washington, Taylor Thespian, Brie Larson, John Doe A",Ryan Coogler,117.0,2020-05-13,Walt Disney Pictures,English,India,6.9,7962.0,8670214
2401,Movie_2401,66344049.0,Crime,"Denzel Washington, Samuel L. Jackson",Quentin Tarantino,66.0,2012-09-10,Village Roadshow,English,UK,8.4,6686.0,336206687
1126,Movie_1126,12921660.0,Crime,"Will Smith, Anya Taylor-Joy, Riley Role, Lupita Nyong'o",Alex Rivera,103.0,2009-06-01,Columbia Pictures,English,South Korea,7.0,6649.0,40758647
1296,Movie_1296,65692689.0,Musical,"Amy Adams, Pat Player",Ridley Scott,122.0,2015-03-04,DreamWorks,German,South Korea,7.8,16350.0,42193541
1816,Movie_1816,10126014.0,Family,"Zendaya, Alex Actor, Amy Adams",Ridley Scott,145.0,2008-06-12,Village Roadshow,Hindi,Germany,7.9,3467.0,12254871
271,Movie_271,2185661.0,Fantasy,"Sandra Bullock, Amy Adams, Dwayne Johnson",Jane Doe,80.0,2020-01-15,Legendary Entertainment,Hindi,Germany,6.0,9689.0,2397199
1799,Movie_1799,102222982.0,Biography,"Cate Blanchett, Riley Role, Jane Doe B",Denis Villeneuve,92.0,2001-08-08,DreamWorks,English,Canada,7.0,13498.0,107055779
252,Movie_252,73678278.0,Drama,"Oscar Isaac, Natalie Portman, Lupita Nyong'o",Jane Doe,80.0,2016-10-07,Regency Enterprises,Portuguese,Australia,7.3,14374.0,47548634
2113,Movie_2113,14968916.0,Thriller,"Amy Adams, Cate Blanchett, Casey Celeb, Ryan Gosling",Patty Jenkins,111.0,2024-12-31,NEON,English,Australia,8.3,5055.0,47493327
2518,Movie_2518,22009617.0,Horror,"Viola Davis, Jane Doe B, Christian Bale, Emma Stone",Chris Park,138.0,2017-04-25,Regency Enterprises,Spanish,UK,8.5,10922.0,13422225
1949,Movie_1949,33066636.0,Documentary,"Charlize Theron, Emma Stone, Natalie Portman, Zendaya",Chloe Zhao,105.0,2018-06-09,DreamWorks,Hindi,Germany,8.4,12163.0,44857855
1886,Movie_1886,86922866.0,Romance,"Casey Celeb, Leonardo DiCaprio",Alex Rivera,100.0,2013-02-27,New Line Cinema,Japanese,USA,7.3,15598.0,105941844
171,Movie_171,3742739.0,Horror,"Scarlett Johansson, Emma Stone, Charlize Theron",Morgan Blake,149.0,2005-02-21,Annapurna Pictures,French,Brazil,6.0,7110.0,1047001
2759,Movie_2759,20541651.0,Thriller,"Sam Star, Christian Bale",Michael Bay,151.0,2018-09-27,Walt Disney Pictures,English,Canada,8.4,7983.0,33254239
2809,Movie_2809,44278496.0,Western,"Ryan Gosling, Tom Hanks, Margot Robbie",Bong Joon-ho,,2015-09-12,Columbia Pictures,English,South Korea,8.2,12738.0,79404928
89,Movie_89,153622272.0,Biography,"Zendaya, Anya Taylor-Joy, Casey Celeb, Jennifer Lawrence",Pat Quinn,70.0,2007-03-30,Lionsgate,Hindi,Brazil,4.2,10328.0,39517039
1160,Movie_1160,141145283.0,Musical,"Jane Doe B, Morgan Screen",Zack Snyder,94.0,2023-08-28,20th Century Studios,Spanish,Canada,8.4,16137.0,135985289
1498,Movie_1498,1550894.0,Thriller,"Sandra Bullock, Lupita Nyong'o, Jordan Talent, Florence Pugh",Jamie Lee,115.0,2022-11-19,Warner Bros.,Spanish,Canada,8.1,11814.0,859077
1747,Movie_1747,34427423.0,Animation,"Amy Adams, Tom Holland, Taylor Thespian",Chris Park,83.0,2010-03-30,Annapurna Pictures,English,India,6.8,9723.0,75139323
2188,Movie_2188,15222620.0,Sci-Fi,"Will Smith, Pedro Pascal",John Smith,,2008-03-11,Village Roadshow,Spanish,UK,6.7,13681.0,17621750
777,Movie_777,16368950.0,Sci-Fi,"Natalie Portman, Leonardo DiCaprio, John Doe A, Cate Blanchett",Kathryn Bigelow,88.0,2011-01-23,Columbia Pictures,English,Brazil,6.2,11446.0,68006637
762,Movie_762,11472467.0,Musical,"Joaquin Phoenix, Chris Evans, Benedict Cumberbatch",Greta Gerwig,100.0,2017-04-23,Walt Disney Pictures,English,China,7.0,11232.0,15192169
1221,Movie_1221,6680810.0,Western,"Jane Doe B, Taylor Thespian, Pedro Pascal",Zack Snyder,90.0,2013-09-07,Columbia Pictures,French,Australia,7.7,12106.0,5164801
1488,Movie_1488,2078584.0,Comedy,"Riley Role, Pat Player, Christian Bale, Meryl Streep",Bong Joon-ho,115.0,2012-07-16,A24,English,France,5.9,6755.0,2574827
2341,Movie_2341,15360322.0,Fantasy,"Brad Pitt, Amy Adams, Jordan Talent",Kathryn Bigelow,125.0,2007-08-06,Village Roadshow,Italian,France,6.4,11245.0,15807640
153,Movie_153,4723388.0,Crime,"Meryl Streep, Denzel Washington, Chris Evans, Cate Blanchett",Drew White,140.0,2012-04-09,20th Century Studios,English,UK,7.5,9902.0,7284804
2203,Movie_2203,31761880.0,Adventure,"Timothée Chalamet, Jane Doe B, Gal Gadot",Ridley Scott,106.0,2001-03-22,Searchlight Pictures,Hindi,South Korea,8.5,12245.0,15885285
1468,Movie_1468,28671790.0,Western,"Morgan Freeman, Jennifer Lawrence, Meryl Streep",Martin Scorsese,133.0,2023-12-08,DreamWorks,English,France,8.8,4222.0,226268702
487,Movie_487,8237740.0,Biography,"Cate Blanchett, Pedro Pascal, Jordan Talent, Timothée Chalamet",Guillermo del Toro,139.0,2012-10-13,Annapurna Pictures,Japanese,South Korea,6.5,11469.0,3725308
977,Movie_977,2984090.0,Horror,"Chris Evans, Morgan Freeman",Alex Rivera,102.0,2019-03-17,Searchlight Pictures,English,Germany,7.3,889.0,8909507
1798,Movie_1798,215216815.0,Sci-Fi,"Riley Role, Joaquin Phoenix, Amy Adams",Morgan Blake,132.0,2006-01-07,Metro-Goldwyn-Mayer,Japanese,Brazil,7.3,10164.0,215609715
872,Movie_872,24700830.0,Crime,"Gal Gadot, Will Smith, Amy Adams, Awkwafina",Sofia Coppola,60.0,2008-12-07,Regency Enterprises,English,USA,7.3,8533.0,86955591
2004,Movie_2004,84141920.0,Western,"Brad Pitt, Jordan Talent, Lupita Nyong'o",Guy Ritchie,109.0,2020-03-31,Universal Pictures,French,Japan,6.6,12983.0,99485442
247,Movie_247,29307064.0,Sci-Fi,"Saoirse Ronan, Pedro Pascal",Alex Rivera,148.0,2023-06-17,Lionsgate,Hindi,USA,8.4,11177.0,56988264
680,Movie_680,2644045.0,Action,"Ana de Armas, Lupita Nyong'o",Greta Gerwig,100.0,2003-06-02,DreamWorks,English,Brazil,6.9,2460.0,25213711
2781,Movie_2781,197112431.0,Sci-Fi,"Riley Role, Denzel Washington, Amy Adams",Jamie Lee,104.0,2000-09-27,Legendary Entertainment,Japanese,Brazil,7.7,16483.0,80870006
679,Movie_679,23643982.0,Mystery,"Anya Taylor-Joy, Ryan Gosling",Quentin Tarantino,88.0,2020-02-13,Lionsgate,English,Brazil,7.4,5474.0,51681769
677,Movie_677,68080347.0,Fantasy,"Amy Adams, Emma Stone, Scarlett Johansson",Greta Gerwig,103.0,2022-01-29,Village Roadshow,English,Italy,9.0,6817.0,497717510
2471,Movie_2471,131572961.0,Fantasy,"Jane Doe B, Morgan Screen",Christopher Nolan,116.0,2006-02-26,Legendary Entertainment,English,Australia,8.8,14021.0,648359966
1447,Movie_1447,99240060.0,Documentary,"Florence Pugh, Ryan Gosling",Morgan Blake,117.0,2017-09-22,Village Roadshow,Italian,Brazil,6.0,13992.0,60362782
2252,Movie_2252,53019913.0,Romance,"Lupita Nyong'o, Joaquin Phoenix, Casey Celeb, Leonardo DiCaprio",Chloe Zhao,60.0,2021-10-08,New Line Cinema,Japanese,Canada,8.1,14843.0,66158671
790,Movie_790,3482938.0,Horror,"Pat Player, Natalie Portman",Jane Doe,76.0,2025-12-14,A24,Chinese,Brazil,8.0,5797.0,2106322
2706,Movie_2706,43884864.0,Sci-Fi,"Brie Larson, Casey Celeb, Robert Downey Jr.",Ryan Coogler,114.0,2006-09-18,Amblin Entertainment,Portuguese,Italy,7.2,14257.0,116540347
2853,Movie_2853,8569338.0,Western,"Scarlett Johansson, Leonardo DiCaprio",Drew White,146.0,2004-06-28,20th Century Studios,Japanese,USA,7.4,8071.0,17087010
1476,Movie_1476,57367946.0,Sci-Fi,"Margot Robbie, Ana de Armas",John Smith,128.0,2002-11-13,Village Roadshow,Korean,China,8.2,8601.0,157953113
2901,Movie_2901,4572055.0,Western,"Denzel Washington, Will Smith",Ava DuVernay,72.0,2010-07-08,Annapurna Pictures,French,Australia,8.7,12259.0,5482544
68,Movie_68,,Drama,"Joaquin Phoenix, Cate Blanchett, Viola Davis",Barry Jenkins,,2017-09-24,DreamWorks,English,Canada,7.5,10075.0,201328919
440,Movie_440,44190628.0,Horror,"Amy Adams, Benedict Cumberbatch, Cate Blanchett",Wes Anderson,77.0,2017-02-18,Amblin Entertainment,English,South Korea,8.6,11599.0,152206756
2109,Movie_2109,10809417.0,Animation,"Brad Pitt, Margot Robbie, Will Smith, Dwayne Johnson",Guillermo del Toro,84.0,2025-12-14,Walt Disney Pictures,English,India,7.0,6550.0,13348093
1675,Movie_1675,13707069.0,Drama,"Samuel L. Jackson, Will Smith",Jamie Lee,130.0,2013-02-18,Amblin Entertainment,German,USA,7.3,11192.0,14857800
1414,Movie_1414,7840499.0,Family,"Oscar Isaac, Alex Actor, Benedict Cumberbatch",Quentin Tarantino,118.0,2023-02-20,Searchlight Pictures,English,Brazil,9.2,11134.0,19944390
135,Movie_135,9388814.0,Crime,"Charlize Theron, Pedro Pascal, Jennifer Lawrence",Sofia Coppola,75.0,2014-12-16,Searchlight Pictures,German,Canada,9.0,9202.0,14354561
1973,Movie_1973,7790486.0,Animation,"Dwayne Johnson, John Doe A, Ana de Armas, Brie Larson",Casey Brown,116.0,2011-05-13,A24,English,Germany,8.0,8042.0,27510667
882,Movie_882,106540294.0,Action,"Tom Hanks, Robert Downey Jr., Viola Davis",Ridley Scott,120.0,2022-12-25,DreamWorks,Japanese,France,6.0,15185.0,355130181
2669,Movie_2669,29485435.0,Crime,"Pat Player, Meryl Streep",Patty Jenkins,140.0,2000-03-11,20th Century Studios,Italian,Italy,7.1,10708.0,55297797
686,Movie_686,,Comedy,"Casey Celeb, Christian Bale, Pedro Pascal",Casey Brown,99.0,2002-05-17,Walt Disney Pictures,English,Canada,8.3,7740.0,10968737
1785,Movie_1785,19572801.0,Drama,"Samuel L. Jackson, Cate Blanchett, Lupita Nyong'o, Ana de Armas",Drew White,110.0,2006-11-20,Walt Disney Pictures,Chinese,Australia,7.5,6056.0,63504116
2916,Movie_2916,34259293.0,Horror,"Benedict Cumberbatch, Brad Pitt",Wes Anderson,161.0,2007-11-30,New Line Cinema,Italian,France,5.9,,41856813
2402,Movie_2402,,Adventure,"Joaquin Phoenix, Alex Actor",Drew White,88.0,2006-11-05,Blumhouse Productions,English,UK,7.5,14210.0,97600559
1848,Movie_1848,12766544.0,Mystery,"Christian Bale, Morgan Freeman",Jane Doe,93.0,2019-09-22,Universal Pictures,English,Italy,7.3,8674.0,45777805
323,Movie_323,11998188.0,War,"Pedro Pascal, Ana de Armas, Viola Davis",Alex Rivera,133.0,2022-09-23,NEON,Spanish,South Korea,6.7,11201.0,5876351
434,Movie_434,10118168.0,Horror,"Will Smith, Florence Pugh",Ava DuVernay,87.0,2004-06-05,Paramount Pictures,Japanese,Japan,8.6,,33503745
2716,Movie_2716,106669214.0,Crime,"Meryl Streep, Robert Downey Jr.",Casey Brown,96.0,2013-01-18,NEON,English,UK,6.8,15234.0,381263241
1308,Movie_1308,11804515.0,Family,"Gal Gadot, Christian Bale, Charlize Theron, Joaquin Phoenix",James Cameron,129.0,2001-08-24,20th Century Studios,Spanish,UK,7.3,6053.0,22434967
2415,Movie_2415,219308470.0,War,"Anya Taylor-Joy, Ana de Armas, John Doe A",Patty Jenkins,97.0,2006-04-21,Annapurna Pictures,Chinese,Brazil,6.7,13961.0,156615242
479,Movie_479,20391559.0,Thriller,"Meryl Streep, Chris Evans",Ridley Scott,122.0,2025-05-02,Paramount Pictures,English,Italy,6.5,4903.0,151592761
2498,Movie_2498,19597639.0,Drama,"Idris Elba, Chris Evans",Quentin Tarantino,109.0,2013-08-02,Lionsgate,English,Australia,7.2,6378.0,31916022
2154,Movie_2154,17036071.0,Animation,"Ana de Armas, Jake Gyllenhaal",Sofia Coppola,128.0,2022-08-16,Universal Pictures,English,South Korea,7.7,7542.0,72331700
125,Movie_125,27745547.0,Action,"Pat Player, Christian Bale",Chris Park,111.0,2007-10-31,Village Roadshow,Japanese,USA,6.4,11952.0,27759233
179,Movie_179,228098789.0,War,"Brad Pitt, Samuel L. Jackson, Sandra Bullock",Taylor Green,88.0,2008-02-03,Paramount Pictures,French,USA,6.0,6865.0,246466100
255,Movie_255,37249791.0,Romance,"Chris Evans, Pat Player, Jennifer Lawrence, Emma Stone",Morgan Blake,128.0,2009-01-02,Walt Disney Pictures,English,USA,6.1,12293.0,52440292
811,Movie_811,29482536.0,Adventure,"Taylor Thespian, Pedro Pascal, Sandra Bullock",Guy Ritchie,89.0,2001-12-31,Metro-Goldwyn-Mayer,French,Australia,6.8,9599.0,28487354
808,Movie_808,16721302.0,Thriller,"Pedro Pascal, Denzel Washington",Tim Burton,105.0,2019-10-23,Blumhouse Productions,English,Japan,6.8,8787.0,55083156
2929,Movie_2929,4522051.0,War,"Charlize Theron, Pat Player, Casey Celeb, Ana de Armas",Kathryn Bigelow,100.0,2001-09-28,NEON,English,India,8.8,8272.0,12099286
2752,Movie_2752,4406851.0,Animation,"Zendaya, Idris Elba, Pedro Pascal",Taylor Green,115.0,2020-05-19,Legendary Entertainment,Spanish,Italy,6.2,7347.0,5839752
322,Movie_322,,Thriller,"Taylor Thespian, John Doe A",Kathryn Bigelow,155.0,2016-07-09,Universal Pictures,Korean,South Korea,7.0,4638.0,6549540
1989,Movie_1989,215686764.0,Mystery,"Emma Stone, Morgan Screen, Christian Bale",Sam Mendes,134.0,2023-09-13,Universal Pictures,English,USA,5.8,11910.0,578472590
2315,Movie_2315,29559811.0,Animation,"Margot Robbie, Sandra Bullock",Wes Anderson,,2022-06-01,Village Roadshow,Spanish,India,8.7,8002.0,127988385
2885,Movie_2885,68860256.0,Crime,"Benedict Cumberbatch, Pat Player",Pat Quinn,87.0,2006-05-27,A24,English,Italy,7.2,12812.0,98408497
2629,Movie_2629,16660961.0,Adventure,"Brad Pitt, Saoirse Ronan, Joaquin Phoenix, Morgan Freeman",Steven Spielberg,146.0,2008-08-10,Universal Pictures,French,France,6.9,8048.0,43078975
1318,Movie_1318,20477591.0,Horror,"Idris Elba, Meryl Streep, Cate Blanchett, Tom Holland",Patty Jenkins,143.0,2005-02-08,Village Roadshow,French,Italy,7.1,9128.0,16899662
1035,Movie_1035,80448439.0,War,"Leonardo DiCaprio, Casey Celeb, Jake Gyllenhaal",Sofia Coppola,100.0,2005-07-24,Warner Bros.,Spanish,China,6.8,10733.0,52959888
1673,Movie_1673,30122758.0,Adventure,"Leonardo DiCaprio, Lupita Nyong'o, Idris Elba",Tim Burton,98.0,2007-11-27,Blumhouse Productions,English,Italy,7.3,13567.0,131443159
1763,Movie_1763,57666642.0,Romance,"Emma Stone, Zendaya, Tom Holland",Chloe Zhao,109.0,2016-09-10,Universal Pictures,Hindi,China,9.1,7326.0,52337628
2118,Movie_2118,46673728.0,War,"Pat Player, Casey Celeb, Tom Holland",Jamie Lee,87.0,2011-05-12,Regency Enterprises,English,France,7.7,15070.0,88658072
2684,Movie_2684,36420129.0,Biography,"Scarlett Johansson, Timothée Chalamet",Ridley Scott,155.0,2017-09-15,Blumhouse Productions,English,France,7.0,10540.0,170986080
2111,Movie_2111,53020262.0,Biography,"Pat Player, Saoirse Ronan, Lupita Nyong'o",John Smith,120.0,2005-08-12,Paramount Pictures,Korean,Japan,8.8,12196.0,25523158
1361,Movie_1361,11481591.0,Biography,"Anya Taylor-Joy, Morgan Screen, Chris Evans, Riley Role",Steven Spielberg,137.0,2000-10-08,Legendary Entertainment,English,China,6.9,10876.0,26943951
606,Movie_606,21240015.0,Adventure,"Cate Blanchett, Ana de Armas",Jane Doe,128.0,2011-04-15,Columbia Pictures,English,Canada,7.7,5002.0,46500005
1175,Movie_1175,28369077.0,Sci-Fi,"Denzel Washington, Pat Player, Margot Robbie, Brad Pitt",Bong Joon-ho,144.0,2023-03-01,A24,Italian,Japan,9.1,14174.0,80372358
2555,Movie_2555,61431745.0,Comedy,"Idris Elba, Zendaya",John Smith,98.0,2020-03-30,Focus Features,English,France,7.9,11459.0,99936106
2046,Movie_2046,20708613.0,Thriller,"Jordan Talent, Margot Robbie, Sandra Bullock",Michael Bay,99.0,2021-09-27,DreamWorks,Portuguese,Brazil,7.4,8174.0,33885368
1513,Movie_1513,398983035.0,Mystery,"Morgan Screen, Tom Holland",Patty Jenkins,136.0,2016-07-25,Walt Disney Pictures,Hindi,Canada,8.0,10305.0,236740886
81,Movie_81,1626967.0,Crime,"Joaquin Phoenix, Casey Celeb, Jennifer Lawrence",Jane Doe,141.0,2008-02-19,Focus Features,English,India,6.9,3288.0,2401170
472,Movie_472,15638842.0,Musical,"Jordan Talent, Natalie Portman, Jennifer Lawrence, Casey Celeb",Kathryn Bigelow,138.0,2001-06-15,New Line Cinema,English,Japan,6.5,10980.0,76126853
1984,Movie_1984,8500418.0,Mystery,"Jake Gyllenhaal, Saoirse Ronan, Scarlett Johansson, Taylor Thespian",Alex Rivera,89.0,2007-10-13,Regency Enterprises,Japanese,Germany,6.5,9829.0,9538474
444,Movie_444,64739167.0,Horror,"Natalie Portman, Joaquin Phoenix, Amy Adams, Jake Gyllenhaal",Morgan Blake,130.0,2019-08-13,NEON,Korean,Japan,7.6,12332.0,35511307
1738,Movie_1738,45834845.0,Crime,"Meryl Streep, Samuel L. Jackson",Kathryn Bigelow,114.0,2017-06-05,A24,French,Germany,6.5,7151.0,87139874
2019,Movie_2019,17408710.0,Family,"Scarlett Johansson, John Doe A",Ava DuVernay,76.0,2000-11-29,Legendary Entertainment,Japanese,India,7.1,11797.0,74326404
1794,Movie_1794,20071266.0,Horror,"John Doe A, Morgan Screen, Chris Evans, Awkwafina",Patty Jenkins,101.0,2009-05-24,Village Roadshow,English,Italy,7.2,16405.0,43155786
1314,Movie_1314,25878787.0,Adventure,"Morgan Screen, Cate Blanchett, Natalie Portman, Ryan Gosling",Quentin Tarantino,108.0,2020-09-22,A24,English,France,5.2,14499.0,104361157
1651,Movie_1651,15523727.0,Sci-Fi,"Jane Doe B, Dwayne Johnson, Pat Player, Sam Star",David Fincher,110.0,2004-05-29,Paramount Pictures,Spanish,Japan,6.6,10480.0,26802582
344,Movie_344,58431876.0,Sci-Fi,"Sam Star, Robert Downey Jr.",Christopher Nolan,126.0,2000-01-23,Focus Features,English,China,9.4,7191.0,140483108
409,Movie_409,22840601.0,Comedy,"Brie Larson, Scarlett Johansson",Alex Rivera,116.0,2002-12-11,Walt Disney Pictures,English,South Korea,9.1,11358.0,52866738
1000,Movie_1000,6984448.0,Drama,"Morgan Freeman, Jane Doe B",Sam Mendes,89.0,2017-05-12,Legendary Entertainment,Spanish,South Korea,8.8,7665.0,16324261
2931,Movie_2931,62754938.0,Documentary,"Jane Doe B, Leonardo DiCaprio, Oscar Isaac, Charlize Theron",Sofia Coppola,92.0,2020-12-07,Regency Enterprises,German,Australia,8.0,12330.0,24249040
142,Movie_142,9111444.0,Western,"Pedro Pascal, Ana de Armas",Peter Jackson,77.0,2022-06-04,Regency Enterprises,German,Canada,8.7,5037.0,14938114
927,Movie_927,13593006.0,War,"Margot Robbie, Chris Evans, Brie Larson",Taylor Green,123.0,2020-03-27,Columbia Pictures,English,Brazil,6.3,10289.0,40144672
1344,Movie_1344,74871133.0,Family,"Saoirse Ronan, Sam Star, Robert Downey Jr.",Jane Doe,83.0,2004-11-30,Blumhouse Productions,German,Australia,6.8,8990.0,87654569
786,Movie_786,4665164.0,Sci-Fi,"Brad Pitt, Timothée Chalamet, Riley Role",Taika Waititi,95.0,2021-06-20,DreamWorks,English,USA,6.9,7293.0,9724202
371,Movie_371,9405132.0,Romance,"Saoirse Ronan, Joaquin Phoenix, Jake Gyllenhaal, Jennifer Lawrence",Barry Jenkins,138.0,2003-11-04,Searchlight Pictures,Spanish,Australia,6.9,,2999417
730,Movie_730,8192177.0,Mystery,"Viola Davis, Amy Adams, Lupita Nyong'o, Samuel L. Jackson",Kathryn Bigelow,154.0,2016-04-17,Focus Features,Spanish,Brazil,8.3,4890.0,13676000
1462,Movie_1462,32155648.0,Biography,"Alex Actor, Timothée Chalamet",Kathryn Bigelow,87.0,2016-04-27,Blumhouse Productions,English,Australia,6.6,13910.0,22925739
830,Movie_830,24370093.0,Documentary,"Dwayne Johnson, Chris Evans, Pedro Pascal, Margot Robbie",Bong Joon-ho,111.0,2002-07-23,A24,English,USA,6.5,11180.0,40737118
2698,Movie_2698,37205341.0,Crime,"Casey Celeb, Benedict Cumberbatch, Taylor Thespian",Morgan Blake,114.0,2013-12-23,20th Century Studios,English,Germany,7.9,14828.0,64098401
1884,Movie_1884,140472430.0,Adventure,"Meryl Streep, Alex Actor, Viola Davis",Jane Doe,103.0,2021-08-15,A24,Portuguese,Brazil,7.8,12866.0,119100126
2807,Movie_2807,11875379.0,Romance,"Jennifer Lawrence, Casey Celeb, Leonardo DiCaprio, Benedict Cumberbatch",Steven Spielberg,119.0,2001-05-25,Universal Pictures,French,South Korea,8.7,10034.0,15868071
178,Movie_178,85076194.0,Western,"Casey Celeb, Charlize Theron",David Fincher,67.0,2006-01-05,Walt Disney Pictures,English,Germany,9.5,11261.0,116669840
2861,Movie_2861,22681266.0,Action,"Benedict Cumberbatch, Ryan Gosling",Taylor Green,158.0,2022-01-21,Walt Disney Pictures,English,China,6.5,12628.0,31968766
2249,Movie_2249,65942436.0,Western,"Riley Role, Casey Celeb",Peter Jackson,158.0,2011-04-12,DreamWorks,English,USA,9.4,16592.0,160503949
2460,Movie_2460,14355551.0,Western,"Leonardo DiCaprio, Denzel Washington, Benedict Cumberbatch",David Fincher,93.0,2023-05-31,Regency Enterprises,Portuguese,Germany,6.8,7249.0,34344061
1345,Movie_1345,48458962.0,Crime,"Lupita Nyong'o, Jane Doe B",John Smith,94.0,2024-10-15,Columbia Pictures,English,Brazil,6.1,7084.0,29456738
355,Movie_355,18511190.0,Biography,"Jordan Talent, Emma Stone, Alex Actor",Jane Doe,117.0,2025-02-06,Searchlight Pictures,English,Brazil,8.8,12409.0,50153871
184,Movie_184,400000000.0,Fantasy,"Tom Hanks, Joaquin Phoenix",Ava DuVernay,60.0,2023-10-01,A24,English,Italy,6.9,17643.0,974165309
1599,Movie_1599,230171022.0,Horror,"Casey Celeb, Morgan Screen, Emma Stone, Jennifer Lawrence",Taylor Green,,2003-12-09,Focus Features,German,UK,7.7,12649.0,289101832
1117,Movie_1117,102193837.0,Crime,"Natalie Portman, Ryan Gosling, Amy Adams",David Fincher,110.0,2020-08-29,Focus Features,English,India,6.3,6604.0,486648307
1006,Movie_1006,29997313.0,Sci-Fi,"Dwayne Johnson, Anya Taylor-Joy, Brie Larson",Alex Rivera,100.0,2016-03-23,DreamWorks,Portuguese,China,6.9,9552.0,21601792
839,Movie_839,7152141.0,Documentary,"Idris Elba, Emma Stone, Morgan Freeman, Christian Bale",Peter Jackson,146.0,2021-12-15,Blumhouse Productions,Portuguese,Japan,6.0,5911.0,12898484
2293,Movie_2293,12230281.0,Thriller,"Ana de Armas, Jennifer Lawrence, Tom Holland",Drew White,145.0,2016-04-07,Focus Features,French,Germany,5.2,8012.0,10852092
569,Movie_569,34387802.0,Western,"Tom Holland, Idris Elba",Wes Anderson,131.0,2014-08-26,Regency Enterprises,Italian,USA,8.4,10452.0,38854240
1826,Movie_1826,43217391.0,Fantasy,"Scarlett Johansson, Meryl Streep",Wes Anderson,112.0,2008-10-16,Columbia Pictures,Chinese,Japan,8.2,7635.0,172852140
1062,Movie_1062,27533063.0,Horror,"Gal Gadot, Charlize Theron, Jane Doe B",Quentin Tarantino,112.0,2003-01-02,NEON,English,Italy,6.6,7238.0,117349258
2323,Movie_2323,60084095.0,Musical,"Cate Blanchett, Chris Evans, Meryl Streep",Denis Villeneuve,109.0,2017-05-17,Warner Bros.,Portuguese,China,8.2,14213.0,125540899
1692,Movie_1692,35217861.0,Thriller,"Morgan Freeman, Anya Taylor-Joy, John Doe A, Charlize Theron",Drew White,111.0,2021-02-17,Warner Bros.,English,UK,7.8,13871.0,69839974
315,Movie_315,179469341.0,Crime,"Pedro Pascal, Sam Star",Sam Mendes,116.0,2021-05-18,Metro-Goldwyn-Mayer,English,USA,6.5,6048.0,614643364
163,Movie_163,37719389.0,Horror,"Meryl Streep, Margot Robbie, Robert Downey Jr., John Doe A",Guillermo del Toro,122.0,2023-09-16,20th Century Studios,French,UK,7.3,13095.0,25508691
1394,Movie_1394,3950302.0,Horror,"Riley Role, Dwayne Johnson, Oscar Isaac",Jane Doe,107.0,2017-02-14,NEON,English,Germany,6.0,6216.0,5978821
1100,Movie_1100,9848505.0,Horror,"Cate Blanchett, Leonardo DiCaprio, Dwayne Johnson",Chris Park,78.0,2010-03-21,Warner Bros.,English,India,6.5,6368.0,26789398
2186,Movie_2186,10185424.0,Mystery,"Samuel L. Jackson, Sam Star, Brad Pitt",Damien Chazelle,140.0,2007-11-23,Warner Bros.,English,USA,7.9,13176.0,24212771
1261,Movie_1261,15272092.0,Romance,"Pat Player, Gal Gadot, Taylor Thespian",Ridley Scott,99.0,2014-01-24,Regency Enterprises,English,Brazil,9.5,1624.0,64709361
1018,Movie_1018,11607607.0,War,"Brad Pitt, Jennifer Lawrence, Tom Hanks, Pat Player",Sofia Coppola,157.0,2020-04-11,New Line Cinema,English,France,7.8,11709.0,19966696
820,Movie_820,94329465.0,Documentary,"Sam Star, Christian Bale, Ryan Gosling, Leonardo DiCaprio",Taylor Green,93.0,2015-04-07,Walt Disney Pictures,Hindi,Japan,7.0,7153.0,49533782
31,Movie_31,59209838.0,Western,"Idris Elba, Casey Celeb, Brad Pitt, Tom Hanks",Sofia Coppola,92.0,2018-08-21,Legendary Entertainment,Chinese,USA,6.6,15588.0,20005891
433,Movie_433,56703750.0,Thriller,"Viola Davis, Pat Player, Chris Evans, Sandra Bullock",Alex Rivera,95.0,2001-09-05,20th Century Studios,English,USA,7.6,11994.0,45238459
2648,Movie_2648,6571859.0,Horror,"Riley Role, Ryan Gosling, Charlize Theron",Chris Park,114.0,2005-07-01,Searchlight Pictures,Chinese,Brazil,7.0,12585.0,6265490
2000,Movie_2000,8439967.0,Fantasy,"Zendaya, Robert Downey Jr., Anya Taylor-Joy, Will Smith",Sam Mendes,77.0,2018-12-13,Columbia Pictures,English,Australia,6.7,10818.0,42854579
174,Movie_174,39539451.0,Animation,"Ryan Gosling, Jordan Talent",Chris Park,131.0,2007-02-12,Universal Pictures,German,Canada,7.8,13738.0,31523570
1898,Movie_1898,101383732.0,Mystery,"Viola Davis, Tom Hanks, Samuel L. Jackson, Cate Blanchett",Alex Rivera,138.0,2007-09-14,Walt Disney Pictures,German,Brazil,6.0,15659.0,46960390
297,Movie_297,14799275.0,Fantasy,"Timothée Chalamet, Saoirse Ronan",Quentin Tarantino,92.0,2020-08-12,Regency Enterprises,English,Australia,7.3,7330.0,72866965
326,Movie_326,16032620.0,Drama,"Christian Bale, Saoirse Ronan, Pedro Pascal",Guy Ritchie,139.0,2016-06-04,20th Century Studios,Chinese,USA,8.1,9148.0,21872734
1197,Movie_1197,33775915.0,Fantasy,"Pedro Pascal, Meryl Streep, Riley Role, Jordan Talent",Greta Gerwig,114.0,2012-11-11,Metro-Goldwyn-Mayer,English,UK,8.8,13481.0,82819208
813,Movie_813,169876967.0,War,"Jordan Talent, Taylor Thespian, Lupita Nyong'o, Idris Elba",Taika Waititi,124.0,2009-08-02,A24,English,Brazil,7.9,16362.0,242377827
1504,Movie_1504,28047984.0,Drama,"Jake Gyllenhaal, Dwayne Johnson, Taylor Thespian, Samuel L. Jackson",Sam Mendes,146.0,2018-10-06,Searchlight Pictures,English,France,8.1,11230.0,33364249
2257,Movie_2257,3457996.0,Thriller,"Sandra Bullock, Jordan Talent, Casey Celeb, Natalie Portman",Ava DuVernay,104.0,2019-10-10,NEON,French,Germany,8.5,10131.0,2733807
1136,Movie_1136,38768392.0,Comedy,"Robert Downey Jr., Pat Player, Tom Holland",Bong Joon-ho,90.0,2007-01-05,A24,English,USA,7.8,8208.0,129191263
806,Movie_806,14151628.0,Biography,"Jake Gyllenhaal, Casey Celeb, Jane Doe B",Damien Chazelle,86.0,2016-11-26,Blumhouse Productions,English,UK,6.7,14116.0,11376428
1128,Movie_1128,38306611.0,Action,"Morgan Screen, Viola Davis, Zendaya, Lupita Nyong'o",Denis Villeneuve,92.0,2001-04-26,Searchlight Pictures,Italian,Japan,7.9,5634.0,125073649
1666,Movie_1666,46720532.0,Western,"Benedict Cumberbatch, Saoirse Ronan, Christian Bale",Quentin Tarantino,122.0,2003-06-14,Walt Disney Pictures,Spanish,India,6.6,11049.0,138617482
1101,Movie_1101,11386703.0,Action,"Florence Pugh, Timothée Chalamet, Awkwafina",Chris Park,108.0,2005-03-05,20th Century Studios,English,Australia,7.5,10203.0,36800047
2876,Movie_2876,4066382.0,Fantasy,"Benedict Cumberbatch, Ana de Armas, Florence Pugh",Ryan Coogler,130.0,2015-06-24,20th Century Studios,English,USA,5.5,7466.0,6313509
496,Movie_496,57295016.0,Western,"Cate Blanchett, Casey Celeb, Natalie Portman",Chris Park,79.0,2006-09-06,Legendary Entertainment,Spanish,Brazil,7.8,16281.0,44061924
898,Movie_898,34491835.0,Family,"Margot Robbie, Benedict Cumberbatch",Sam Mendes,148.0,2007-02-26,Metro-Goldwyn-Mayer,Spanish,Brazil,7.1,11376.0,27859231
74,Movie_74,8889067.0,Mystery,"Idris Elba, Emma Stone",Taylor Green,146.0,2008-12-06,20th Century Studios,Portuguese,Canada,5.9,5125.0,6844537
966,Movie_966,16602685.0,Sci-Fi,"Jordan Talent, Charlize Theron, Idris Elba",Steven Spielberg,121.0,2021-01-04,Village Roadshow,Spanish,South Korea,8.3,12025.0,42737212
1089,Movie_1089,113782431.0,Thriller,"Will Smith, Brie Larson",Alex Rivera,118.0,2002-03-05,Universal Pictures,Korean,USA,8.7,8890.0,246247133
1757,Movie_1757,63541544.0,Western,"Timothée Chalamet, Leonardo DiCaprio, Meryl Streep, Charlize Theron",Zack Snyder,103.0,2010-09-17,Metro-Goldwyn-Mayer,English,Australia,7.1,13914.0,145911785
742,Movie_742,28887073.0,Animation,"Natalie Portman, Casey Celeb",Taika Waititi,132.0,2011-08-05,Amblin Entertainment,English,France,9.7,13986.0,49254137
1230,Movie_1230,8831035.0,Mystery,"Ryan Gosling, Natalie Portman",Greta Gerwig,72.0,2009-03-26,DreamWorks,English,USA,7.0,11574.0,15984790
1611,Movie_1611,2884199.0,Animation,"Jordan Talent, Anya Taylor-Joy, Joaquin Phoenix",Guillermo del Toro,72.0,2008-11-27,Searchlight Pictures,English,UK,6.3,2422.0,3279386
1037,Movie_1037,400000000.0,Comedy,"Idris Elba, Sandra Bullock, John Doe A",Denis Villeneuve,101.0,2017-05-30,Metro-Goldwyn-Mayer,English,USA,10.0,14328.0,1585863377
2868,Movie_2868,24789143.0,Thriller,"Amy Adams, Anya Taylor-Joy, Saoirse Ronan",Peter Jackson,77.0,2006-07-26,NEON,French,Japan,8.0,15323.0,30900032
1916,Movie_1916,46657220.0,Mystery,"John Doe A, Amy Adams",Ryan Coogler,80.0,2004-04-02,NEON,Japanese,Germany,7.3,13114.0,23587601
1236,Movie_1236,5595954.0,Adventure,"John Doe A, Saoirse Ronan, Viola Davis",Bong Joon-ho,77.0,2003-04-04,Paramount Pictures,English,Germany,6.0,9578.0,35373755
512,Movie_512,36126697.0,Musical,"Gal Gadot, Pedro Pascal",Damien Chazelle,89.0,2023-04-08,Blumhouse Productions,Hindi,Germany,8.5,10996.0,87058028
415,Movie_415,48655803.0,Action,"Jane Doe B, Robert Downey Jr.",Tim Burton,65.0,2005-07-17,A24,Japanese,Canada,5.9,12885.0,52568291
728,Movie_728,21210521.0,Comedy,"Morgan Freeman, Charlize Theron, Benedict Cumberbatch, Natalie Portman",Pat Quinn,107.0,2006-08-09,Lionsgate,English,India,5.6,9918.0,41247227
2260,Movie_2260,11018254.0,Western,"Lupita Nyong'o, Viola Davis",Chris Park,89.0,2003-01-19,NEON,Korean,Italy,6.2,8826.0,5325323
2474,Movie_2474,7877937.0,Documentary,"Jane Doe B, Pat Player, Saoirse Ronan, Jennifer Lawrence",Quentin Tarantino,77.0,2009-12-11,Regency Enterprises,Chinese,Italy,6.8,8411.0,14530450
2903,Movie_2903,23690548.0,Romance,"Anya Taylor-Joy, Awkwafina, Amy Adams, Samuel L. Jackson",Damien Chazelle,116.0,2008-12-30,Village Roadshow,English,USA,7.2,13428.0,23944303
696,Movie_696,83276533.0,Family,"Dwayne Johnson, Timothée Chalamet, Amy Adams",Jordan Peele,,2021-06-10,Village Roadshow,German,South Korea,8.2,15481.0,229200160
2957,Movie_2957,52209697.0,Documentary,"Joaquin Phoenix, Casey Celeb, Leonardo DiCaprio, Sam Star",Guy Ritchie,108.0,2012-04-08,Amblin Entertainment,German,UK,6.7,14030.0,17943387
325,Movie_325,9509154.0,Thriller,"Robert Downey Jr., Saoirse Ronan, Meryl Streep",Alex Rivera,103.0,2012-11-17,Paramount Pictures,English,Japan,7.4,9858.0,22980405
1033,Movie_1033,15941687.0,Romance,"Cate Blanchett, Taylor Thespian, Morgan Freeman",Steven Spielberg,69.0,2013-06-15,Regency Enterprises,Hindi,China,,10662.0,41950150
1676,Movie_1676,91896317.0,Drama,"John Doe A, Benedict Cumberbatch, Tom Hanks, Robert Downey Jr.",Peter Jackson,96.0,2014-11-13,Warner Bros.,English,France,7.1,14636.0,362019334
681,Movie_681,400000000.0,Crime,"Idris Elba, Alex Actor",Steven Spielberg,154.0,2021-09-15,Columbia Pictures,Chinese,South Korea,8.4,14934.0,285852989
458,Movie_458,11684196.0,Animation,"Gal Gadot, Natalie Portman",Pat Quinn,129.0,2005-06-13,Village Roadshow,Italian,France,6.3,9754.0,9241493
810,Movie_810,101886949.0,Documentary,"Emma Stone, Brie Larson, John Doe A, Saoirse Ronan",Bong Joon-ho,89.0,2013-07-26,20th Century Studios,English,Italy,7.5,17392.0,121634267
2120,Movie_2120,24128081.0,Musical,"Florence Pugh, Natalie Portman, Margot Robbie, Lupita Nyong'o",Jordan Peele,106.0,2009-06-06,Amblin Entertainment,Italian,USA,7.0,6306.0,42220683
369,Movie_369,54485710.0,Animation,"Brie Larson, Timothée Chalamet, Idris Elba",Peter Jackson,111.0,2004-02-07,Blumhouse Productions,English,Japan,8.3,10298.0,93657758
2274,Movie_2274,20133766.0,Documentary,"Saoirse Ronan, Casey Celeb, Lupita Nyong'o",Peter Jackson,146.0,2002-02-14,Searchlight Pictures,English,South Korea,7.7,2597.0,34172859
1689,Movie_1689,5777327.0,Horror,"Awkwafina, Lupita Nyong'o, Brad Pitt, Leonardo DiCaprio",Chris Park,147.0,2023-05-21,DreamWorks,English,Brazil,5.8,13407.0,6205268
240,Movie_240,3490688.0,Fantasy,"Joaquin Phoenix, Zendaya, Lupita Nyong'o, Benedict Cumberbatch",Morgan Blake,129.0,2013-06-24,20th Century Studios,English,USA,6.2,11237.0,10292866
600,Movie_600,84539341.0,Sci-Fi,"Zendaya, Christian Bale, Jake Gyllenhaal, Ryan Gosling",Bong Joon-ho,97.0,2025-12-24,Walt Disney Pictures,English,USA,8.2,13757.0,633748815
1002,Movie_1002,381225540.0,Action,"Robert Downey Jr., Tom Hanks, Jake Gyllenhaal, Morgan Screen",Sofia Coppola,94.0,2004-08-05,Annapurna Pictures,English,USA,6.5,12613.0,870866567
1843,Movie_1843,7973786.0,Sci-Fi,"Ana de Armas, Dwayne Johnson",Jordan Peele,91.0,2020-02-29,Searchlight Pictures,Italian,Italy,7.8,3441.0,20032020
1877,Movie_1877,16366188.0,Animation,"Amy Adams, Will Smith",Greta Gerwig,137.0,2002-06-30,Blumhouse Productions,English,Japan,7.9,11141.0,102226227
1245,Movie_1245,61293542.0,Documentary,"Lupita Nyong'o, Jane Doe B, Jake Gyllenhaal, Casey Celeb",Damien Chazelle,84.0,2007-12-11,Paramount Pictures,English,France,7.6,12891.0,71576815
1638,Movie_1638,199218080.0,Western,"Lupita Nyong'o, Benedict Cumberbatch, Margot Robbie, Timothée Chalamet",Denis Villeneuve,95.0,2003-12-14,Lionsgate,French,South Korea,7.3,22662.0,399607963
2729,Movie_2729,24972777.0,Documentary,"Timothée Chalamet, Christian Bale, Cate Blanchett, Joaquin Phoenix",Wes Anderson,75.0,2007-08-28,Village Roadshow,German,Canada,8.9,9895.0,41197754
848,Movie_848,6838769.0,Animation,"Tom Holland, Chris Evans, Timothée Chalamet, Awkwafina",Jane Doe,114.0,2020-10-13,Lionsgate,English,France,5.7,11605.0,19209119
692,Movie_692,19419218.0,Romance,"Jordan Talent, Morgan Freeman, Idris Elba",Ridley Scott,94.0,2023-01-09,Focus Features,Japanese,Canada,8.5,13025.0,11932267
1563,Movie_1563,3531868.0,War,"Zendaya, Pat Player, Ana de Armas, Charlize Theron",Christopher Nolan,97.0,2023-12-04,Legendary Entertainment,Korean,USA,9.8,8587.0,1873355
980,Movie_980,10044957.0,Fantasy,"Ana de Armas, Tom Holland, Oscar Isaac, Brad Pitt",Ava DuVernay,116.0,2006-10-17,New Line Cinema,German,USA,7.6,8731.0,20219170
858,Movie_858,10803663.0,Animation,"Charlize Theron, Brad Pitt",Patty Jenkins,75.0,2014-05-25,NEON,Spanish,China,7.6,6969.0,10313892
2307,Movie_2307,43054120.0,Comedy,"John Doe A, Dwayne Johnson, Saoirse Ronan",Taylor Green,84.0,2015-03-09,Regency Enterprises,English,Japan,7.5,7485.0,150296512
953,Movie_953,10129482.0,Crime,"Brie Larson, Dwayne Johnson, Ana de Armas",Damien Chazelle,93.0,2005-07-15,Regency Enterprises,English,USA,7.0,10778.0,47703034
2212,Movie_2212,5712916.0,Animation,"Taylor Thespian, Ryan Gosling",Drew White,107.0,2009-05-16,Blumhouse Productions,English,USA,8.0,8377.0,8956868
545,Movie_545,27285532.0,Action,"Gal Gadot, Timothée Chalamet, John Doe A",Quentin Tarantino,103.0,2001-07-08,Regency Enterprises,English,UK,7.5,12987.0,118232934
2788,Movie_2788,8533981.0,Drama,"Samuel L. Jackson, Christian Bale, Jordan Talent",Jamie Lee,104.0,2025-05-08,Paramount Pictures,Korean,USA,8.1,4889.0,5768729
1091,Movie_1091,185791873.0,Western,"Morgan Screen, Jake Gyllenhaal, Jane Doe B",James Cameron,93.0,2014-08-11,Blumhouse Productions,French,UK,6.5,8504.0,289854525
2509,Movie_2509,3621150.0,Sci-Fi,"Gal Gadot, Morgan Freeman",Sam Mendes,111.0,2015-06-07,DreamWorks,English,India,7.3,1386.0,21058723
2881,Movie_2881,42463740.0,Horror,"Margot Robbie, Sam Star, Jordan Talent",Denis Villeneuve,98.0,2012-07-22,Universal Pictures,Italian,South Korea,8.9,8706.0,49238512
1878,Movie_1878,75948183.0,Family,"Charlize Theron, Morgan Screen",Guillermo del Toro,151.0,2006-01-05,Focus Features,Japanese,USA,9.0,11795.0,60797013
1787,Movie_1787,7402979.0,War,"Tom Hanks, Joaquin Phoenix, Charlize Theron",Greta Gerwig,132.0,2002-10-19,Paramount Pictures,German,Germany,8.6,12095.0,10240308
2630,Movie_2630,1550202.0,Crime,"Amy Adams, Gal Gadot, Florence Pugh",Sam Mendes,168.0,2016-10-16,Regency Enterprises,French,Germany,8.3,6859.0,3785009
1585,Movie_1585,5382193.0,Biography,"Lupita Nyong'o, Scarlett Johansson, Robert Downey Jr.",Ryan Coogler,83.0,2010-05-05,Amblin Entertainment,Portuguese,France,6.5,10912.0,8203833
1897,Movie_1897,1375184.0,Action,"Pedro Pascal, Christian Bale, Zendaya, Tom Holland",Michael Bay,,2018-01-27,Blumhouse Productions,English,UK,7.5,6091.0,9098279
2398,Movie_2398,24701406.0,Western,"Jake Gyllenhaal, Sam Star, Denzel Washington, Anya Taylor-Joy",John Smith,153.0,2006-11-25,Warner Bros.,English,UK,6.6,,35252541
2499,Movie_2499,138614153.0,Adventure,"Morgan Screen, Samuel L. Jackson, Dwayne Johnson, Jake Gyllenhaal",Guy Ritchie,107.0,2011-08-07,Universal Pictures,English,Canada,8.0,11679.0,365178746
109,Movie_109,32681196.0,Western,"Tom Hanks, Dwayne Johnson",Kathryn Bigelow,87.0,2001-03-21,Regency Enterprises,Japanese,USA,8.5,3674.0,42654822
1069,Movie_1069,34729447.0,Sci-Fi,"Jennifer Lawrence, Sandra Bullock, Natalie Portman",Casey Brown,113.0,2018-05-07,Walt Disney Pictures,English,Japan,7.9,8960.0,152771693
2953,Movie_2953,104259153.0,Mystery,"John Doe A, Saoirse Ronan",Zack Snyder,128.0,2009-09-22,20th Century Studios,Japanese,Italy,6.2,9040.0,83775145
2190,Movie_2190,5307003.0,Mystery,"Jennifer Lawrence, Tom Holland, Florence Pugh, Brie Larson",Patty Jenkins,112.0,2024-05-06,New Line Cinema,Spanish,Brazil,8.4,4108.0,10050871
319,Movie_319,34896389.0,Sci-Fi,"Saoirse Ronan, Samuel L. Jackson, Robert Downey Jr.",Barry Jenkins,145.0,2021-02-16,Annapurna Pictures,French,Germany,7.6,17448.0,59635501
1074,Movie_1074,11170246.0,Documentary,"Samuel L. Jackson, Scarlett Johansson",Taika Waititi,82.0,2016-10-10,Annapurna Pictures,Korean,Germany,8.6,9319.0,3625737
603,Movie_603,14430735.0,Adventure,"Gal Gadot, Pat Player",John Smith,132.0,2013-03-11,Paramount Pictures,Spanish,France,7.5,8841.0,10133206
2775,Movie_2775,23894365.0,War,"Saoirse Ronan, Tom Hanks",Denis Villeneuve,96.0,2005-11-19,Annapurna Pictures,Korean,UK,7.0,8471.0,86470290
431,Movie_431,136572992.0,Western,"Benedict Cumberbatch, Taylor Thespian",Drew White,84.0,2010-11-06,Focus Features,English,Australia,4.9,15466.0,95120046
1912,Movie_1912,60211081.0,Romance,"Lupita Nyong'o, Casey Celeb, Zendaya, Meryl Streep",Jamie Lee,67.0,2008-05-10,Annapurna Pictures,Spanish,India,7.4,12811.0,27783670
403,Movie_403,27024349.0,War,"Lupita Nyong'o, Tom Holland, Sam Star, Pat Player",Sam Mendes,105.0,2000-02-09,Warner Bros.,Portuguese,Italy,7.8,13496.0,38868870
1454,Movie_1454,6942755.0,Horror,"Joaquin Phoenix, Lupita Nyong'o, Samuel L. Jackson",Taika Waititi,84.0,2024-03-13,NEON,English,Canada,8.3,6908.0,25495405
773,Movie_773,120134248.0,Comedy,"Alex Actor, Viola Davis, Idris Elba",Guillermo del Toro,121.0,2007-10-10,Columbia Pictures,Portuguese,UK,5.9,6976.0,179191593
1937,Movie_1937,1677675.0,War,"Benedict Cumberbatch, Gal Gadot, Cate Blanchett, Timothée Chalamet",Martin Scorsese,105.0,2002-11-01,Annapurna Pictures,English,France,6.1,4112.0,9075072
1923,Movie_1923,147215721.0,Fantasy,"Scarlett Johansson, Brad Pitt, Sandra Bullock, Joaquin Phoenix",Michael Bay,174.0,2018-10-12,Paramount Pictures,English,USA,6.7,15864.0,363022673
2168,Movie_2168,215390291.0,Drama,"Florence Pugh, Leonardo DiCaprio, Amy Adams, Jane Doe B",Denis Villeneuve,133.0,2016-08-28,20th Century Studios,English,France,6.7,7120.0,840909951
1942,Movie_1942,24535529.0,Comedy,"Christian Bale, Zendaya, Jake Gyllenhaal",Michael Bay,116.0,2017-05-31,Metro-Goldwyn-Mayer,English,Italy,7.2,10949.0,51702043
2707,Movie_2707,12668531.0,Action,"Sam Star, Awkwafina, Jennifer Lawrence, Dwayne Johnson",Jordan Peele,113.0,2000-01-23,DreamWorks,Portuguese,France,8.3,6661.0,23618725
841,Movie_841,58143062.0,Drama,"Anya Taylor-Joy, Scarlett Johansson, Morgan Screen, Oscar Isaac",Bong Joon-ho,69.0,2013-01-01,NEON,English,Brazil,7.5,9895.0,120575878
450,Movie_450,10943205.0,Comedy,"Riley Role, Casey Celeb, Dwayne Johnson",Guillermo del Toro,95.0,2014-07-17,Annapurna Pictures,English,China,6.9,8426.0,22431413
2444,Movie_2444,20143896.0,Fantasy,"Jordan Talent, Scarlett Johansson, Gal Gadot, Idris Elba",Tim Burton,77.0,2009-03-04,Annapurna Pictures,Spanish,UK,7.2,5255.0,28104204
1565,Movie_1565,9512464.0,Romance,"Ryan Gosling, Dwayne Johnson",Ava DuVernay,97.0,2006-07-12,DreamWorks,English,Brazil,7.5,9204.0,31652006
1566,Movie_1566,4033697.0,Adventure,"Samuel L. Jackson, Ryan Gosling, Casey Celeb, Oscar Isaac",Damien Chazelle,123.0,2003-09-26,Amblin Entertainment,German,China,8.4,6303.0,1896894
1125,Movie_1125,138633109.0,Fantasy,"Denzel Washington, Timothée Chalamet, Brie Larson, Pat Player",Barry Jenkins,161.0,2015-12-24,Amblin Entertainment,Italian,France,7.6,12408.0,311277571
464,Movie_464,4300267.0,Action,"Jennifer Lawrence, Scarlett Johansson, Sandra Bullock",Martin Scorsese,122.0,2014-10-13,Legendary Entertainment,French,UK,7.1,5474.0,17195157
1134,Movie_1134,8147773.0,Western,"Gal Gadot, Denzel Washington",Pat Quinn,63.0,2020-03-11,Annapurna Pictures,Japanese,France,6.0,10647.0,4877042
2030,Movie_2030,12699779.0,Western,"John Doe A, Jordan Talent",Alex Rivera,91.0,2024-04-17,Focus Features,English,Canada,8.0,9268.0,14779746
71,Movie_71,14287135.0,Animation,"Christian Bale, Jake Gyllenhaal, Jane Doe B, Margot Robbie",Wes Anderson,136.0,2018-09-20,Blumhouse Productions,English,China,8.1,9231.0,48982813
2767,Movie_2767,7099752.0,War,"Jane Doe B, Samuel L. Jackson, Viola Davis",Peter Jackson,129.0,2012-04-28,Village Roadshow,English,Italy,8.1,9957.0,8383617
638,Movie_638,37959631.0,Adventure,"Joaquin Phoenix, Jennifer Lawrence",Pat Quinn,106.0,2021-12-11,Walt Disney Pictures,English,USA,7.3,12451.0,43476219
1351,Movie_1351,24430895.0,War,"Lupita Nyong'o, Emma Stone",Jordan Peele,86.0,2009-06-30,DreamWorks,Portuguese,Germany,7.8,10885.0,56494085
1274,Movie_1274,23582253.0,Romance,"Scarlett Johansson, Amy Adams, Tom Holland",Drew White,124.0,2000-08-15,Columbia Pictures,English,South Korea,8.2,10066.0,31168297
57,Movie_57,33871417.0,Biography,"Alex Actor, Florence Pugh, Oscar Isaac, Jennifer Lawrence",Wes Anderson,149.0,2005-04-16,Paramount Pictures,French,Japan,9.8,6336.0,65519414
1806,Movie_1806,20794419.0,Romance,"Sandra Bullock, Brie Larson, Jennifer Lawrence, Tom Hanks",Denis Villeneuve,96.0,2019-10-29,Universal Pictures,German,Italy,7.4,10835.0,71387018
1609,Movie_1609,73856615.0,Drama,"Ryan Gosling, Jane Doe B",Jane Doe,130.0,2025-09-14,Metro-Goldwyn-Mayer,English,Italy,5.8,9581.0,82721128
2845,Movie_2845,13524423.0,Documentary,"Riley Role, Awkwafina",Kathryn Bigelow,133.0,2022-10-23,Legendary Entertainment,French,Canada,6.7,15172.0,5213824
1507,Movie_1507,13830269.0,Thriller,"Jennifer Lawrence, Oscar Isaac, Gal Gadot",Sofia Coppola,96.0,2009-11-02,DreamWorks,English,Australia,6.6,5832.0,29866435
1512,Movie_1512,39223625.0,Adventure,"Idris Elba, Jane Doe B",Ryan Coogler,136.0,2016-01-04,Blumhouse Productions,English,South Korea,7.1,6418.0,103627666
1420,Movie_1420,58553174.0,Documentary,"Jane Doe B, Awkwafina, Morgan Screen, Brie Larson",Ridley Scott,103.0,2004-10-30,Village Roadshow,Hindi,Brazil,8.2,11625.0,36698411
2619,Movie_2619,12508738.0,Family,"Meryl Streep, Oscar Isaac, Morgan Screen",Wes Anderson,100.0,2011-09-28,Universal Pictures,Japanese,Japan,7.4,10761.0,33428791
310,Movie_310,174430995.0,Action,"Oscar Isaac, Zendaya",Ridley Scott,125.0,2004-05-20,Universal Pictures,English,France,9.3,7386.0,690663168
2741,Movie_2741,103842512.0,Animation,"Jordan Talent, Leonardo DiCaprio",Ridley Scott,125.0,2006-11-06,Regency Enterprises,English,South Korea,8.7,11882.0,816942980
963,Movie_963,12855901.0,Sci-Fi,"Chris Evans, Cate Blanchett, Gal Gadot, Pat Player",Guy Ritchie,102.0,2006-10-26,Legendary Entertainment,Hindi,Japan,9.3,18818.0,13620760
965,Movie_965,71306648.0,Horror,"Charlize Theron, Florence Pugh, Benedict Cumberbatch",Ava DuVernay,109.0,2010-10-05,Village Roadshow,Japanese,UK,8.1,8953.0,138926030
643,Movie_643,8933501.0,Western,"Pedro Pascal, Saoirse Ronan, Timothée Chalamet, Tom Holland",Steven Spielberg,77.0,2016-08-28,Searchlight Pictures,Italian,Japan,8.8,4547.0,8777356
1222,Movie_1222,10563333.0,Crime,"Tom Holland, Leonardo DiCaprio",Peter Jackson,138.0,2013-02-09,New Line Cinema,English,Canada,6.6,13346.0,59678634
394,Movie_394,19458033.0,Fantasy,"Zendaya, Pat Player",Chris Park,111.0,2019-10-10,Legendary Entertainment,Japanese,France,5.4,10850.0,27165466
912,Movie_912,21466351.0,Crime,"John Doe A, Chris Evans, Denzel Washington, Casey Celeb",Bong Joon-ho,116.0,2018-03-09,Regency Enterprises,English,UK,6.7,7077.0,39396898
795,Movie_795,26993517.0,Family,"Scarlett Johansson, Ryan Gosling",Sofia Coppola,124.0,2014-02-13,Lionsgate,French,China,5.6,16245.0,16479251
2578,Movie_2578,11474997.0,Animation,"Cate Blanchett, Brie Larson",Morgan Blake,133.0,2023-11-25,Lionsgate,Spanish,South Korea,5.1,11889.0,9054111
1850,Movie_1850,33605757.0,Romance,"Ana de Armas, Chris Evans",Guillermo del Toro,109.0,2020-12-15,Focus Features,English,UK,,8130.0,45153515
2119,Movie_2119,6322409.0,Mystery,"Brie Larson, Timothée Chalamet, Awkwafina, Tom Holland",Drew White,159.0,2018-06-06,Legendary Entertainment,English,UK,6.7,9926.0,10813314
1324,Movie_1324,18370086.0,Adventure,"Pedro Pascal, Morgan Screen, Scarlett Johansson, Zendaya",Guillermo del Toro,128.0,2018-08-02,Universal Pictures,German,Canada,8.3,10899.0,12205120
611,Movie_611,14775766.0,Fantasy,"Brad Pitt, Cate Blanchett, Jordan Talent",John Smith,66.0,2002-06-30,DreamWorks,English,USA,5.8,14006.0,50573635
2837,Movie_2837,112368817.0,Documentary,"Jordan Talent, Viola Davis, Tom Holland",Jane Doe,108.0,2021-06-20,NEON,English,Canada,4.7,10311.0,146357339
1004,Movie_1004,43284682.0,Thriller,"Florence Pugh, Zendaya, Saoirse Ronan",Denis Villeneuve,119.0,2020-01-26,Walt Disney Pictures,Chinese,UK,7.4,9065.0,57225542
1118,Movie_1118,23571315.0,Fantasy,"Emma Stone, Robert Downey Jr., Idris Elba",Peter Jackson,118.0,2015-08-30,NEON,French,France,9.5,9778.0,35176405
1158,Movie_1158,176342573.0,Fantasy,"Pat Player, Cate Blanchett, Morgan Freeman",Damien Chazelle,87.0,2017-09-02,Village Roadshow,English,South Korea,7.3,17843.0,1005232105
2219,Movie_2219,,Sci-Fi,"Leonardo DiCaprio, Brad Pitt, Scarlett Johansson, Jake Gyllenhaal",Kathryn Bigelow,118.0,2018-07-06,New Line Cinema,English,China,6.9,3011.0,22249727
2504,Movie_2504,3311213.0,Western,"Charlize Theron, Denzel Washington, Saoirse Ronan",Damien Chazelle,87.0,2013-12-16,Legendary Entertainment,French,Australia,5.6,8512.0,3229411
2879,Movie_2879,,Mystery,"Chris Evans, Ana de Armas, Jordan Talent, Awkwafina",Denis Villeneuve,133.0,2012-06-07,Amblin Entertainment,Italian,Italy,6.8,10724.0,166591138
2656,Movie_2656,4399440.0,Romance,"Morgan Freeman, Idris Elba",Alex Rivera,102.0,2015-07-13,20th Century Studios,Japanese,Brazil,7.4,9188.0,5409104
2137,Movie_2137,95268635.0,Fantasy,"John Doe A, Oscar Isaac",Barry Jenkins,111.0,2008-02-28,A24,Hindi,UK,8.9,14692.0,101353638
437,Movie_437,12707528.0,Fantasy,"Anya Taylor-Joy, Morgan Screen, Emma Stone",Michael Bay,104.0,2009-02-26,Metro-Goldwyn-Mayer,French,Australia,7.2,12791.0,21677716
2025,Movie_2025,16265734.0,Animation,"Casey Celeb, Sam Star",Alex Rivera,103.0,2010-04-16,New Line Cinema,English,France,9.0,12256.0,31233773
121,Movie_121,22124772.0,Sci-Fi,"Jordan Talent, Samuel L. Jackson",Greta Gerwig,129.0,2004-03-04,Searchlight Pictures,English,UK,7.7,10037.0,67112756
1657,Movie_1657,7678220.0,Sci-Fi,"Jane Doe B, Margot Robbie, Chris Evans, Awkwafina",Kathryn Bigelow,78.0,2005-12-16,Searchlight Pictures,Italian,France,5.2,7285.0,12666789
799,Movie_799,32101195.0,Musical,"Chris Evans, Denzel Washington, Riley Role",Ridley Scott,137.0,2013-03-26,20th Century Studios,Portuguese,France,6.1,14229.0,53352600
863,Movie_863,13953743.0,Western,"Jake Gyllenhaal, Chris Evans",Zack Snyder,138.0,2010-07-23,Columbia Pictures,English,UK,7.9,7791.0,57865329
2424,Movie_2424,125052022.0,Horror,"Christian Bale, Saoirse Ronan, Jennifer Lawrence",Ridley Scott,118.0,2022-06-29,Focus Features,English,USA,7.8,12068.0,878858957
1658,Movie_1658,237424153.0,Adventure,"Morgan Freeman, Idris Elba, Amy Adams",Patty Jenkins,147.0,2013-05-13,DreamWorks,English,Australia,5.7,13757.0,769283495
314,Movie_314,31083523.0,Thriller,"Leonardo DiCaprio, Meryl Streep, Joaquin Phoenix, Riley Role",Drew White,139.0,2002-11-05,Village Roadshow,Portuguese,France,5.1,6180.0,36721506
2766,Movie_2766,41631973.0,Comedy,"Sam Star, Ryan Gosling",Sam Mendes,126.0,2002-03-24,A24,English,Australia,5.4,14426.0,116820017
234,Movie_234,122488837.0,Western,"Joaquin Phoenix, Morgan Freeman",Guillermo del Toro,100.0,2020-04-07,Lionsgate,Korean,Brazil,8.2,8928.0,97155428
1111,Movie_1111,5804145.0,Family,"Benedict Cumberbatch, Anya Taylor-Joy",Damien Chazelle,62.0,2000-06-20,Amblin Entertainment,Japanese,China,6.4,3751.0,4306450
1739,Movie_1739,52209954.0,Fantasy,"Will Smith, Tom Hanks, John Doe A",Patty Jenkins,140.0,2012-01-12,Warner Bros.,English,Brazil,7.2,13007.0,257958170
941,Movie_941,7970695.0,Fantasy,"Cate Blanchett, Denzel Washington, Casey Celeb",Quentin Tarantino,104.0,2000-03-21,20th Century Studios,Portuguese,Japan,8.6,8228.0,20774810
2776,Movie_2776,226228840.0,Family,"Emma Stone, Sam Star, Idris Elba",Wes Anderson,123.0,2000-09-21,NEON,Italian,Italy,8.8,18614.0,610043939
112,Movie_112,21390621.0,Biography,"Awkwafina, Dwayne Johnson, Jordan Talent, Benedict Cumberbatch",Pat Quinn,74.0,2025-09-09,Columbia Pictures,Portuguese,China,4.6,7655.0,9108192
2230,Movie_2230,66318195.0,Musical,"Riley Role, Brie Larson, Emma Stone, Benedict Cumberbatch",Tim Burton,107.0,2022-08-29,New Line Cinema,French,Canada,6.2,8688.0,101861029
1174,Movie_1174,20352171.0,Family,"Saoirse Ronan, Awkwafina, Brad Pitt",Jamie Lee,90.0,2003-04-17,Amblin Entertainment,French,Italy,8.0,12342.0,19728163
411,Movie_411,4478596.0,Horror,"Morgan Freeman, John Doe A",Alex Rivera,95.0,2007-06-07,Paramount Pictures,German,China,5.2,8665.0,2480687
219,Movie_219,23656433.0,Documentary,"Samuel L. Jackson, Amy Adams, Denzel Washington, Alex Actor",Casey Brown,92.0,2014-11-14,NEON,German,Japan,8.7,11579.0,11367590
1214,Movie_1214,26440063.0,Family,"Tom Hanks, Cate Blanchett",Morgan Blake,92.0,2021-07-15,A24,English,USA,7.8,5538.0,127447201
536,Movie_536,16539325.0,Animation,"Joaquin Phoenix, Natalie Portman, Benedict Cumberbatch",Ridley Scott,89.0,2019-05-29,Focus Features,Korean,France,8.7,8197.0,44696234
2091,Movie_2091,12643866.0,Western,"Riley Role, Oscar Isaac, Margot Robbie",Tim Burton,141.0,2004-05-04,Village Roadshow,English,Canada,7.8,13331.0,27684037
2330,Movie_2330,35004602.0,Horror,"Dwayne Johnson, Casey Celeb, Jake Gyllenhaal",Jamie Lee,67.0,2003-08-26,Amblin Entertainment,English,Japan,6.3,13358.0,38315218
1761,Movie_1761,9599382.0,Mystery,"Leonardo DiCaprio, Sam Star",Ava DuVernay,118.0,2015-01-20,Regency Enterprises,English,Japan,7.3,5942.0,40309883
473,Movie_473,26589647.0,Mystery,"Samuel L. Jackson, Pat Player",Damien Chazelle,145.0,2020-02-11,A24,Hindi,South Korea,7.9,11157.0,18996482
1115,Movie_1115,21782799.0,Adventure,"Timothée Chalamet, Riley Role, Dwayne Johnson",Sofia Coppola,69.0,2004-05-22,Warner Bros.,English,USA,6.0,12124.0,52409295
2468,Movie_2468,38430131.0,Animation,"Jane Doe B, Morgan Freeman, Margot Robbie",Morgan Blake,122.0,2019-11-24,Walt Disney Pictures,Italian,China,7.1,8983.0,81326332
582,Movie_582,4505007.0,Biography,"Timothée Chalamet, Pat Player",Wes Anderson,119.0,2010-06-20,DreamWorks,English,UK,6.5,8226.0,7416152
1492,Movie_1492,25647100.0,Documentary,"Tom Hanks, John Doe A, Awkwafina, Morgan Freeman",Alex Rivera,73.0,2023-08-06,20th Century Studios,German,South Korea,6.6,9305.0,17796798
602,Movie_602,26991637.0,Fantasy,"Ana de Armas, Amy Adams, Lupita Nyong'o",Wes Anderson,123.0,2017-08-15,Regency Enterprises,English,India,9.6,6487.0,114130015
2440,Movie_2440,18441245.0,Documentary,"Dwayne Johnson, Ryan Gosling, Tom Hanks, Casey Celeb",Guy Ritchie,,2000-05-23,Warner Bros.,Italian,USA,7.0,11890.0,5365887
388,Movie_388,15490479.0,War,"Pedro Pascal, Charlize Theron",David Fincher,81.0,2005-04-08,Regency Enterprises,Chinese,Canada,7.0,11588.0,7539280
613,Movie_613,147276169.0,Comedy,"Lupita Nyong'o, Emma Stone",Taika Waititi,111.0,2024-02-05,Paramount Pictures,Chinese,France,7.3,12536.0,175718066
1771,Movie_1771,4896609.0,Thriller,"Denzel Washington, Jordan Talent",Chris Park,92.0,2004-01-23,Warner Bros.,Portuguese,Germany,5.9,10716.0,4038465
435,Movie_435,102985264.0,Mystery,"Jane Doe B, Morgan Screen",Sam Mendes,87.0,2014-05-12,New Line Cinema,Korean,Japan,6.9,18912.0,27579919
1557,Movie_1557,2081585.0,War,"Jordan Talent, Margot Robbie",Ryan Coogler,86.0,2025-04-16,A24,English,France,6.7,6978.0,5185184
2844,Movie_2844,54191181.0,Western,"Sam Star, Natalie Portman, Alex Actor",Sofia Coppola,94.0,2024-04-22,Warner Bros.,Italian,Germany,7.1,11721.0,46586826
1317,Movie_1317,5128796.0,Thriller,"Anya Taylor-Joy, Leonardo DiCaprio, Gal Gadot",Jordan Peele,94.0,2018-04-11,Walt Disney Pictures,Hindi,Japan,9.5,7769.0,4895939
2500,Movie_2500,29448036.0,Animation,"Jake Gyllenhaal, Pat Player",Barry Jenkins,121.0,2008-11-03,Warner Bros.,English,Italy,9.0,10084.0,50572309
2012,Movie_2012,400000000.0,Crime,"Tom Holland, Cate Blanchett",James Cameron,106.0,2001-03-22,Village Roadshow,Hindi,France,8.7,19093.0,682337645
2926,Movie_2926,41183758.0,Biography,"Awkwafina, Gal Gadot, Ryan Gosling, Jane Doe B",Sofia Coppola,125.0,2017-10-25,Walt Disney Pictures,German,UK,6.4,9715.0,17202857
136,Movie_136,26723161.0,Family,"Denzel Washington, Charlize Theron",Guillermo del Toro,104.0,2008-05-15,Blumhouse Productions,English,Italy,6.2,8446.0,37813523
1750,Movie_1750,,Family,"Pedro Pascal, Scarlett Johansson",Pat Quinn,92.0,2000-12-06,Blumhouse Productions,English,UK,6.8,11547.0,37563558
2191,Movie_2191,15274931.0,Drama,"Meryl Streep, John Doe A, Samuel L. Jackson",Christopher Nolan,76.0,2005-05-24,Regency Enterprises,English,Canada,9.0,7243.0,39867719
2149,Movie_2149,142541264.0,Thriller,"Alex Actor, Jane Doe B, Leonardo DiCaprio",Ridley Scott,82.0,2025-01-30,Legendary Entertainment,Spanish,South Korea,6.3,17109.0,189742622
2281,Movie_2281,6183288.0,Documentary,"Brie Larson, Natalie Portman, Riley Role",Zack Snyder,67.0,2025-08-28,20th Century Studios,Spanish,South Korea,7.7,9748.0,2782112
367,Movie_367,5861927.0,Mystery,"Scarlett Johansson, Taylor Thespian, Meryl Streep, John Doe A",Jamie Lee,118.0,2019-09-04,Amblin Entertainment,German,India,7.4,8343.0,5398092
2865,Movie_2865,47315796.0,Drama,"Riley Role, Meryl Streep, Awkwafina",Damien Chazelle,134.0,2004-01-29,Lionsgate,English,France,7.6,11198.0,105878943
2016,Movie_2016,16385629.0,Comedy,"Scarlett Johansson, Pedro Pascal, Cate Blanchett",Sofia Coppola,109.0,2000-06-11,Legendary Entertainment,English,UK,6.0,7617.0,23924049
30,Movie_30,8741972.0,Action,"Will Smith, Lupita Nyong'o",Chris Park,105.0,2016-06-17,Metro-Goldwyn-Mayer,English,India,7.3,10360.0,50525973
2529,Movie_2529,40980992.0,Adventure,"Pat Player, Samuel L. Jackson, Florence Pugh",Guy Ritchie,83.0,2008-07-02,NEON,Spanish,France,8.9,11892.0,58684400
23,Movie_23,11948810.0,Horror,"Dwayne Johnson, Ryan Gosling, Leonardo DiCaprio, Lupita Nyong'o",Peter Jackson,157.0,2024-07-07,NEON,French,USA,8.3,7866.0,8471002
1570,Movie_1570,11022355.0,Musical,"Benedict Cumberbatch, Anya Taylor-Joy, Joaquin Phoenix, Natalie Portman",Ryan Coogler,105.0,2022-08-11,NEON,French,Italy,7.3,11911.0,15292343
2811,Movie_2811,72002913.0,Sci-Fi,"Casey Celeb, Robert Downey Jr., Leonardo DiCaprio, Joaquin Phoenix",Quentin Tarantino,60.0,2017-02-11,Focus Features,English,France,6.7,15277.0,281060370
2233,Movie_2233,43292654.0,Documentary,"Tom Hanks, Joaquin Phoenix, Sam Star",John Smith,122.0,2009-01-24,A24,English,South Korea,7.6,13509.0,39063511
421,Movie_421,8907004.0,Western,"Sandra Bullock, Will Smith",Michael Bay,133.0,2011-12-01,Focus Features,English,Japan,7.3,9472.0,30427586
1423,Movie_1423,2408667.0,Musical,"Pat Player, John Doe A",Guy Ritchie,117.0,2007-01-03,Walt Disney Pictures,German,South Korea,6.8,4534.0,2113741
461,Movie_461,66947975.0,Action,"Meryl Streep, Jordan Talent",Morgan Blake,88.0,2012-07-08,Columbia Pictures,English,USA,8.0,11414.0,65606040
44,Movie_44,95140202.0,Action,"Pedro Pascal, Sam Star, Denzel Washington",Tim Burton,158.0,2017-07-26,Annapurna Pictures,Korean,Australia,5.8,12247.0,346171122
88,Movie_88,39563541.0,Western,"Anya Taylor-Joy, Pat Player, Charlize Theron, John Doe A",Quentin Tarantino,114.0,2003-04-07,Columbia Pictures,English,Australia,8.1,9531.0,62723060
2475,Movie_2475,71291830.0,Mystery,"Pat Player, Alex Actor, Ryan Gosling, Leonardo DiCaprio",Quentin Tarantino,126.0,2023-10-12,Searchlight Pictures,Hindi,Australia,8.8,10587.0,189555131
2112,Movie_2112,21355709.0,Action,"Jake Gyllenhaal, Amy Adams, Alex Actor",Drew White,73.0,2022-04-22,Blumhouse Productions,Korean,USA,6.6,12037.0,18355992
283,Movie_283,17217727.0,Romance,"Ryan Gosling, Viola Davis",Ridley Scott,94.0,2015-11-29,Paramount Pictures,Hindi,Germany,8.7,9523.0,25212128
595,Movie_595,85980810.0,Musical,"Margot Robbie, Jane Doe B, John Doe A",Sofia Coppola,124.0,2024-12-31,Walt Disney Pictures,Spanish,South Korea,7.0,8535.0,84524485
573,Movie_573,2320365.0,Western,"Robert Downey Jr., Sam Star, Gal Gadot",James Cameron,115.0,2022-10-04,DreamWorks,English,Italy,7.7,12054.0,4872223
2368,Movie_2368,14770756.0,Animation,"Lupita Nyong'o, Pedro Pascal, Sandra Bullock",Guillermo del Toro,98.0,2003-03-14,Legendary Entertainment,English,India,7.3,5183.0,44271505
1621,Movie_1621,5368838.0,Thriller,"Brad Pitt, Lupita Nyong'o, John Doe A",Taika Waititi,123.0,2005-11-04,Warner Bros.,Japanese,USA,5.9,5900.0,9903622
1270,Movie_1270,51551322.0,Mystery,"Taylor Thespian, Jake Gyllenhaal, Oscar Isaac",Quentin Tarantino,115.0,2020-07-10,Legendary Entertainment,Spanish,Italy,6.6,12141.0,83892378
2479,Movie_2479,79929266.0,Romance,"Jane Doe B, Denzel Washington, Tom Holland, Morgan Freeman",Greta Gerwig,87.0,2007-03-27,New Line Cinema,Hindi,Australia,8.2,7290.0,93239847
2383,Movie_2383,49682068.0,Action,"Samuel L. Jackson, Alex Actor",Wes Anderson,109.0,2003-06-14,A24,English,USA,7.2,10584.0,116148317
2417,Movie_2417,22597325.0,War,"Oscar Isaac, Emma Stone",Jamie Lee,93.0,2013-08-09,Warner Bros.,Hindi,France,7.4,13781.0,23231285
80,Movie_80,29637663.0,Sci-Fi,"Zendaya, Idris Elba, Jennifer Lawrence, Jane Doe B",Bong Joon-ho,159.0,2001-02-26,Universal Pictures,English,Japan,8.0,13132.0,65632308
2927,Movie_2927,42680791.0,Action,"Casey Celeb, Leonardo DiCaprio, Brie Larson",Bong Joon-ho,128.0,2000-12-06,NEON,English,France,6.2,9648.0,161993842
1094,Movie_1094,15641703.0,Sci-Fi,"Benedict Cumberbatch, Morgan Freeman",Martin Scorsese,123.0,2011-11-01,Blumhouse Productions,English,USA,7.4,10564.0,132941016
1030,Movie_1030,60229063.0,Musical,"Tom Holland, Idris Elba, Jane Doe B, Amy Adams",Sam Mendes,91.0,2008-05-23,Universal Pictures,English,Germany,6.0,13225.0,155608518
999,Movie_999,9737344.0,Documentary,"Denzel Washington, Margot Robbie",Taika Waititi,144.0,2015-10-17,Paramount Pictures,English,South Korea,7.8,10620.0,19064348
1802,Movie_1802,20534445.0,Animation,"Benedict Cumberbatch, Casey Celeb",David Fincher,121.0,2010-07-10,Village Roadshow,English,Italy,6.9,8043.0,123537669
2803,Movie_2803,101890887.0,Action,"Samuel L. Jackson, Dwayne Johnson",Jordan Peele,77.0,2022-10-03,Legendary Entertainment,English,South Korea,7.5,14149.0,579109254
2452,Movie_2452,2520736.0,Drama,"Christian Bale, Morgan Freeman, Amy Adams",Zack Snyder,127.0,2014-08-13,NEON,English,UK,7.9,7668.0,11918821
2470,Movie_2470,6753157.0,Romance,"Chris Evans, Tom Holland",Chris Park,101.0,2013-05-12,Annapurna Pictures,English,USA,6.2,12683.0,4792066
1135,Movie_1135,36960334.0,Mystery,"Scarlett Johansson, Gal Gadot, Pedro Pascal, Robert Downey Jr.",Drew White,101.0,2010-12-17,NEON,English,Italy,7.7,16430.0,163611323
222,Movie_222,15288856.0,Romance,"Morgan Screen, Scarlett Johansson",Taika Waititi,132.0,2008-12-04,Searchlight Pictures,Hindi,South Korea,6.1,12151.0,25592309
1426,Movie_1426,,Mystery,"Dwayne Johnson, Amy Adams, Brie Larson, Chris Evans",Christopher Nolan,119.0,2016-07-19,Legendary Entertainment,English,South Korea,8.1,12438.0,145886595
2165,Movie_2165,17477779.0,Biography,"Brad Pitt, Dwayne Johnson",Peter Jackson,105.0,2020-07-09,Annapurna Pictures,English,UK,8.4,13129.0,52351276
2060,Movie_2060,37699849.0,Crime,"Natalie Portman, Sandra Bullock, John Doe A",Casey Brown,103.0,2020-07-18,20th Century Studios,Spanish,Australia,7.2,12828.0,33296735
558,Movie_558,15669435.0,Western,"Sam Star, Zendaya, Joaquin Phoenix",Guy Ritchie,73.0,2014-11-26,NEON,English,South Korea,6.9,8774.0,27464078
2485,Movie_2485,13278685.0,Family,"Sandra Bullock, Viola Davis",Pat Quinn,128.0,2018-07-04,Blumhouse Productions,Spanish,Italy,6.3,14926.0,26953728
1433,Movie_1433,,Documentary,"Chris Evans, Cate Blanchett, Amy Adams",David Fincher,97.0,2008-08-09,Searchlight Pictures,Spanish,Australia,8.5,14472.0,22219029
1875,Movie_1875,27372292.0,Action,"Anya Taylor-Joy, Margot Robbie",Guillermo del Toro,77.0,2015-12-05,NEON,English,Canada,8.3,9477.0,124679799
1019,Movie_1019,6913099.0,Sci-Fi,"Taylor Thespian, Ana de Armas",Zack Snyder,121.0,2003-03-16,A24,English,UK,7.4,10285.0,10901742
2891,Movie_2891,4428493.0,Thriller,"Florence Pugh, Morgan Freeman, Chris Evans",Alex Rivera,90.0,2019-08-22,Warner Bros.,English,France,7.6,11529.0,13915583
1663,Movie_1663,2224306.0,Documentary,"Sam Star, Leonardo DiCaprio, Benedict Cumberbatch, Alex Actor",Chloe Zhao,117.0,2013-04-02,Annapurna Pictures,Hindi,Australia,8.6,9296.0,1264717
273,Movie_273,7374748.0,Action,"Tom Hanks, Riley Role, Jordan Talent, Jake Gyllenhaal",James Cameron,89.0,2000-04-08,Regency Enterprises,Hindi,Australia,7.3,5860.0,10442061
522,Movie_522,4887583.0,Animation,"Anya Taylor-Joy, Tom Holland, Will Smith",Sofia Coppola,117.0,2000-01-27,Metro-Goldwyn-Mayer,Korean,USA,7.3,8492.0,2386458
1207,Movie_1207,151195036.0,Animation,"Idris Elba, Natalie Portman",Bong Joon-ho,112.0,2013-05-09,Metro-Goldwyn-Mayer,English,South Korea,8.7,12489.0,1001264216
943,Movie_943,26768018.0,Horror,"Robert Downey Jr., Chris Evans, Margot Robbie, Viola Davis",Alex Rivera,92.0,2004-12-15,Legendary Entertainment,Korean,France,6.8,9031.0,17339891
1104,Movie_1104,40601502.0,Mystery,"Denzel Washington, Riley Role",Steven Spielberg,106.0,2019-04-22,Amblin Entertainment,Japanese,Germany,6.6,11848.0,57449497
1226,Movie_1226,110201369.0,Drama,"Ana de Armas, Awkwafina, Sandra Bullock",Drew White,119.0,2007-04-07,Columbia Pictures,English,USA,5.1,6824.0,159576364
1012,Movie_1012,18743997.0,Family,"Jennifer Lawrence, Riley Role, Robert Downey Jr.",Ryan Coogler,102.0,2015-06-09,Regency Enterprises,Hindi,India,5.2,6831.0,25145265
2341,Movie_2341,15360322.0,Fantasy,"Brad Pitt, Amy Adams, Jordan Talent",Kathryn Bigelow,125.0,2007-08-06,Village Roadshow,Italian,France,6.4,11245.0,15791849
1337,Movie_1337,106145884.0,Sci-Fi,"Saoirse Ronan, Awkwafina",Drew White,124.0,2001-03-09,Village Roadshow,English,Australia,5.7,7454.0,392558195
2340,Movie_2340,30187926.0,Comedy,"Samuel L. Jackson, Timothée Chalamet",Tim Burton,102.0,2017-10-09,A24,French,USA,5.8,13060.0,41643013
706,Movie_706,6374859.0,Adventure,"Joaquin Phoenix, Jane Doe B, Brie Larson, Scarlett Johansson",Martin Scorsese,147.0,2025-12-18,Amblin Entertainment,English,USA,7.9,6360.0,28050326
2621,Movie_2621,2344272.0,Mystery,"Pat Player, Riley Role",Ridley Scott,84.0,2007-11-15,Universal Pictures,English,France,8.4,8651.0,6236810
2960,Movie_2960,53941273.0,Crime,"Pat Player, Jordan Talent",Jane Doe,147.0,2013-03-19,Blumhouse Productions,English,Japan,8.1,7959.0,77823099
1211,Movie_1211,15019521.0,Fantasy,"Oscar Isaac, Gal Gadot",Kathryn Bigelow,100.0,2001-08-19,20th Century Studios,English,USA,7.4,8770.0,13119741
2746,Movie_2746,17369980.0,Thriller,"Alex Actor, Scarlett Johansson, Christian Bale",Sofia Coppola,60.0,2001-08-06,Legendary Entertainment,French,Australia,7.2,11470.0,17460159
1911,Movie_1911,18167846.0,Adventure,"Viola Davis, Anya Taylor-Joy, Sam Star, Idris Elba",Barry Jenkins,132.0,2015-02-17,New Line Cinema,French,Italy,6.1,12773.0,35191520
169,Movie_169,6181669.0,Documentary,"Tom Holland, Sam Star",Steven Spielberg,84.0,2001-07-23,Village Roadshow,English,France,7.3,9705.0,5590678
1331,Movie_1331,30721217.0,Mystery,"Brad Pitt, Will Smith, Cate Blanchett",Sam Mendes,141.0,2000-07-19,Walt Disney Pictures,Spanish,Brazil,6.3,12917.0,50079651
2673,Movie_2673,15557153.0,Mystery,"Chris Evans, Anya Taylor-Joy, Ana de Armas, Will Smith",Damien Chazelle,120.0,2008-11-02,Universal Pictures,English,Germany,8.3,9186.0,21116632
1577,Movie_1577,46442801.0,Biography,"Tom Holland, Chris Evans",Ryan Coogler,137.0,2009-08-01,Warner Bros.,French,Germany,9.1,12112.0,31325481
1872,Movie_1872,16459809.0,Comedy,"Scarlett Johansson, Jordan Talent, Tom Hanks",David Fincher,98.0,2023-02-09,Walt Disney Pictures,Hindi,Italy,8.1,9566.0,34411526
2751,Movie_2751,80598304.0,Thriller,"Gal Gadot, Meryl Streep, Jane Doe B",Tim Burton,119.0,2003-01-24,Walt Disney Pictures,Italian,France,5.7,9425.0,56868505
1272,Movie_1272,21511558.0,Drama,"Viola Davis, Christian Bale",Martin Scorsese,98.0,2009-11-30,Lionsgate,English,South Korea,8.6,10029.0,146144978
2258,Movie_2258,21987181.0,Musical,"Florence Pugh, Dwayne Johnson, Tom Hanks",Martin Scorsese,98.0,2016-01-05,Walt Disney Pictures,Spanish,Brazil,,17251.0,36225465
979,Movie_979,15888681.0,Biography,"Scarlett Johansson, Christian Bale",Kathryn Bigelow,95.0,2009-12-31,Lionsgate,French,USA,7.0,11569.0,20526642
368,Movie_368,17256821.0,Animation,"Casey Celeb, Robert Downey Jr.",Tim Burton,107.0,2004-05-23,DreamWorks,Chinese,USA,7.2,16085.0,23525672
2823,Movie_2823,29664633.0,Family,"Viola Davis, Jennifer Lawrence, Saoirse Ronan, Amy Adams",Kathryn Bigelow,137.0,2007-12-06,Lionsgate,German,UK,7.3,8908.0,118009065
2300,Movie_2300,,Animation,"Morgan Screen, Casey Celeb, Christian Bale, Brad Pitt",Guy Ritchie,114.0,2015-08-21,Regency Enterprises,Chinese,South Korea,7.4,16900.0,29519120
2093,Movie_2093,2720167.0,Mystery,"Ryan Gosling, Robert Downey Jr., Cate Blanchett, Charlize Theron",Steven Spielberg,175.0,2009-07-30,Walt Disney Pictures,English,Germany,6.5,4339.0,12220421
879,Movie_879,55475224.0,Family,"Jake Gyllenhaal, John Doe A, Tom Holland",James Cameron,96.0,2011-06-26,NEON,English,Brazil,9.0,,115691915
352,Movie_352,112412292.0,Action,"Ryan Gosling, Meryl Streep, Timothée Chalamet, Leonardo DiCaprio",Quentin Tarantino,84.0,2016-11-25,Blumhouse Productions,Spanish,Italy,8.0,10229.0,475449542
1042,Movie_1042,66018269.0,Adventure,"Ana de Armas, Dwayne Johnson, Pat Player, Leonardo DiCaprio",Pat Quinn,107.0,2018-07-12,Focus Features,Hindi,Italy,5.8,13829.0,84860550
2419,Movie_2419,181472743.0,Drama,"Natalie Portman, Morgan Screen",Tim Burton,118.0,2015-02-16,Columbia Pictures,French,UK,7.3,12458.0,322908186
2051,Movie_2051,15345226.0,Biography,"Gal Gadot, Scarlett Johansson, Awkwafina",Quentin Tarantino,126.0,2019-08-26,Metro-Goldwyn-Mayer,Hindi,Australia,5.9,10070.0,21494735
1938,Movie_1938,147437209.0,Biography,"Christian Bale, Jane Doe B, Idris Elba",Michael Bay,119.0,2017-10-22,DreamWorks,Hindi,Japan,7.0,10170.0,107997624
2718,Movie_2718,158555064.0,Thriller,"Casey Celeb, Alex Actor, Ana de Armas",Ryan Coogler,125.0,2009-09-30,Focus Features,Hindi,Brazil,6.4,15439.0,168291799
2395,Movie_2395,31678389.0,Mystery,"Cate Blanchett, Gal Gadot, Anya Taylor-Joy",Sofia Coppola,,2007-04-18,Searchlight Pictures,English,Brazil,6.6,10943.0,86359882
499,Movie_499,,Adventure,"Morgan Freeman, Anya Taylor-Joy, Ryan Gosling",David Fincher,101.0,2016-05-09,Universal Pictures,English,Australia,8.1,9653.0,341257853
2588,Movie_2588,3456425.0,Crime,"Morgan Freeman, Gal Gadot, Taylor Thespian, Scarlett Johansson",Ryan Coogler,144.0,2007-09-09,Searchlight Pictures,English,South Korea,8.1,10253.0,12580774
211,Movie_211,12804411.0,Romance,"Ryan Gosling, Casey Celeb, Jennifer Lawrence, Emma Stone",Casey Brown,129.0,2023-08-07,Regency Enterprises,English,Canada,7.1,4208.0,22420806
2316,Movie_2316,8117640.0,Romance,"Awkwafina, Sandra Bullock, Natalie Portman, Leonardo DiCaprio",Ava DuVernay,123.0,2010-06-02,Columbia Pictures,Spanish,Germany,7.3,5182.0,20112091
1038,Movie_1038,16383139.0,War,"Alex Actor, Pedro Pascal, Joaquin Phoenix, Gal Gadot",Bong Joon-ho,80.0,2012-02-27,Lionsgate,English,China,7.3,9797.0,52007561
228,Movie_228,1452754.0,Mystery,"Alex Actor, Jordan Talent, Taylor Thespian, Saoirse Ronan",Peter Jackson,102.0,2000-12-13,A24,English,Canada,7.5,7116.0,2575962
366,Movie_366,2940740.0,Animation,"Casey Celeb, Riley Role, Pedro Pascal",Taylor Green,77.0,2014-01-17,Blumhouse Productions,English,India,5.9,6058.0,2832064
901,Movie_901,6502563.0,Animation,"Will Smith, Jennifer Lawrence, Benedict Cumberbatch, Tom Holland",Tim Burton,136.0,2020-01-10,20th Century Studios,English,UK,6.3,11418.0,13578771
2413,Movie_2413,5510943.0,Romance,"Casey Celeb, Samuel L. Jackson, Brie Larson, Pat Player",Ava DuVernay,146.0,2015-10-27,Metro-Goldwyn-Mayer,English,India,8.6,7614.0,8294223
1992,Movie_1992,3623526.0,Romance,"Viola Davis, Oscar Isaac, Saoirse Ronan, John Doe A",Denis Villeneuve,120.0,2004-02-03,Legendary Entertainment,English,Germany,8.4,4276.0,7924737
2637,Movie_2637,16598672.0,Fantasy,"Saoirse Ronan, Anya Taylor-Joy, Gal Gadot",Peter Jackson,122.0,2013-02-17,Annapurna Pictures,English,France,8.0,8977.0,39235153
970,Movie_970,14753424.0,Musical,"Ana de Armas, Brie Larson, Benedict Cumberbatch, Jake Gyllenhaal",Jordan Peele,109.0,2002-10-25,DreamWorks,English,Japan,7.6,10917.0,31045449
408,Movie_408,3354734.0,Documentary,"Anya Taylor-Joy, Idris Elba",Greta Gerwig,119.0,2008-09-22,Columbia Pictures,Portuguese,UK,6.7,12433.0,2302771
1978,Movie_1978,5078603.0,Comedy,"Alex Actor, Amy Adams, Chris Evans",Jordan Peele,97.0,2010-11-13,20th Century Studios,English,Japan,8.9,,33600903
2624,Movie_2624,203556830.0,Adventure,"Natalie Portman, Morgan Freeman",Michael Bay,117.0,2022-01-08,NEON,English,South Korea,6.2,11017.0,1229381060
2261,Movie_2261,13705133.0,War,"Morgan Freeman, Dwayne Johnson",Taika Waititi,136.0,2014-09-24,New Line Cinema,Hindi,Italy,7.8,6559.0,35788361
1614,Movie_1614,1600432.0,Action,"Amy Adams, Riley Role",Barry Jenkins,89.0,2005-05-17,Lionsgate,Hindi,France,6.9,8737.0,3453677
2432,Movie_2432,56716722.0,Mystery,"Timothée Chalamet, Tom Hanks",Martin Scorsese,70.0,2021-01-09,Regency Enterprises,English,Italy,8.8,8644.0,338438798
1964,Movie_1964,2249187.0,Thriller,"Pat Player, Ryan Gosling",John Smith,139.0,2000-09-04,Blumhouse Productions,Spanish,France,7.6,3266.0,1766265
8,Movie_8,12280590.0,Sci-Fi,"Ana de Armas, Natalie Portman",Damien Chazelle,115.0,2014-08-23,NEON,English,USA,7.2,12016.0,17768268
694,Movie_694,205593797.0,Mystery,"Gal Gadot, Morgan Screen, Robert Downey Jr.",Denis Villeneuve,104.0,2001-05-25,Amblin Entertainment,English,China,7.1,6463.0,509384521
1430,Movie_1430,145843706.0,Animation,"Alex Actor, Christian Bale, Will Smith, Riley Role",Zack Snyder,106.0,2020-09-27,Lionsgate,English,South Korea,7.5,12365.0,503684735
1869,Movie_1869,11603369.0,Horror,"Jordan Talent, Viola Davis, Idris Elba",Jamie Lee,60.0,2003-08-14,DreamWorks,Spanish,Germany,6.2,9574.0,6030401
416,Movie_416,9707582.0,Adventure,"Awkwafina, Brie Larson, Gal Gadot",Guy Ritchie,128.0,2013-08-04,A24,English,China,5.6,11346.0,9177270
2407,Movie_2407,37874509.0,Animation,"Pedro Pascal, Will Smith",Jamie Lee,127.0,2001-06-26,Amblin Entertainment,French,Canada,6.2,15605.0,34503899
2947,Movie_2947,2625856.0,War,"Alex Actor, Jane Doe B",Jordan Peele,72.0,2018-01-29,Blumhouse Productions,Portuguese,UK,8.2,1516.0,5199081
1645,Movie_1645,31515379.0,Action,"Emma Stone, Ryan Gosling, Christian Bale",Jamie Lee,129.0,2024-10-18,Walt Disney Pictures,Spanish,Canada,5.1,15637.0,23730878
2032,Movie_2032,317669817.0,Musical,"Morgan Freeman, Margot Robbie, Brie Larson",Alex Rivera,110.0,2006-04-27,New Line Cinema,Chinese,Germany,6.5,11708.0,466140603
200,Movie_200,33592029.0,Horror,"Brad Pitt, Chris Evans, Awkwafina, Charlize Theron",David Fincher,115.0,2024-10-24,Universal Pictures,Chinese,India,9.5,9198.0,72109661
284,Movie_284,61883088.0,Documentary,"Sam Star, Ryan Gosling, Brie Larson, Alex Actor",Steven Spielberg,117.0,2012-12-04,NEON,Hindi,South Korea,6.8,14572.0,72439823
232,Movie_232,20896994.0,Animation,"Meryl Streep, Scarlett Johansson",Damien Chazelle,114.0,2013-06-23,A24,English,France,8.5,15313.0,161761224
2795,Movie_2795,85367032.0,Musical,"Brad Pitt, Natalie Portman",David Fincher,153.0,2018-11-21,Walt Disney Pictures,English,Canada,9.6,17240.0,896065672
2251,Movie_2251,11841398.0,Western,"Florence Pugh, Oscar Isaac, Saoirse Ronan, Benedict Cumberbatch",Kathryn Bigelow,108.0,2006-01-31,New Line Cinema,English,USA,5.8,12012.0,24204360
97,Movie_97,18365675.0,Biography,"Samuel L. Jackson, Jennifer Lawrence, Brad Pitt, Ana de Armas",Drew White,125.0,2018-10-05,Lionsgate,German,South Korea,7.7,18741.0,24149484
1393,Movie_1393,5950647.0,Action,"Meryl Streep, Emma Stone, Sam Star",Chris Park,128.0,2020-01-26,Warner Bros.,Italian,USA,7.1,10211.0,2382682
2597,Movie_2597,3817399.0,War,"Timothée Chalamet, Taylor Thespian, Cate Blanchett, Zendaya",Sofia Coppola,64.0,2022-03-02,Lionsgate,Italian,Germany,6.3,4711.0,4808575
1428,Movie_1428,32023972.0,Adventure,"Awkwafina, Tom Hanks",Wes Anderson,99.0,2015-03-30,20th Century Studios,Japanese,UK,6.7,10687.0,76620265
2611,Movie_2611,44800197.0,Documentary,"Christian Bale, Idris Elba, Brad Pitt",Damien Chazelle,100.0,2018-11-28,New Line Cinema,Korean,India,7.8,10057.0,35058253
1115,Movie_1115,21782799.0,Adventure,"Timothée Chalamet, Riley Role, Dwayne Johnson",Sofia Coppola,69.0,2004-05-22,Warner Bros.,English,USA,6.0,12124.0,52356939
890,Movie_890,38188005.0,Comedy,"Emma Stone, Lupita Nyong'o",Sofia Coppola,77.0,2001-06-09,Walt Disney Pictures,English,USA,7.1,12400.0,105799048
2893,Movie_2893,28135674.0,Romance,"Joaquin Phoenix, Jennifer Lawrence, Natalie Portman",Denis Villeneuve,103.0,2000-05-13,Columbia Pictures,Chinese,France,7.1,11302.0,66095314
2615,Movie_2615,16955697.0,Sci-Fi,"Tom Hanks, Samuel L. Jackson, Margot Robbie, Anya Taylor-Joy",Jamie Lee,79.0,2016-12-23,Lionsgate,English,Italy,6.8,8262.0,53650075
1445,Movie_1445,14072129.0,Action,"Robert Downey Jr., Zendaya, Will Smith, Ryan Gosling",Morgan Blake,78.0,2009-11-25,New Line Cinema,English,France,9.6,6688.0,35146364
2292,Movie_2292,124113890.0,Musical,"Jennifer Lawrence, Sam Star",Damien Chazelle,126.0,2024-02-23,Legendary Entertainment,English,China,8.4,14640.0,389855532
105,Movie_105,101906923.0,Mystery,"Brad Pitt, Casey Celeb",Greta Gerwig,111.0,2017-05-24,Warner Bros.,French,Canada,6.8,4142.0,179985759
2967,Movie_2967,12488281.0,Family,"Jane Doe B, Benedict Cumberbatch, Will Smith, Lupita Nyong'o",Steven Spielberg,121.0,2011-05-03,Paramount Pictures,English,South Korea,9.0,12559.0,78271013
1085,Movie_1085,33587461.0,Fantasy,"Dwayne Johnson, Christian Bale, Pat Player",Taylor Green,89.0,2016-12-28,20th Century Studios,Spanish,USA,6.7,6124.0,30256499
2179,Movie_2179,28285888.0,Western,"Saoirse Ronan, Ana de Armas, Morgan Freeman",Taika Waititi,85.0,2009-07-23,20th Century Studios,English,China,7.4,11677.0,165750954
1045,Movie_1045,15986088.0,Documentary,"Margot Robbie, Ryan Gosling",Denis Villeneuve,63.0,2016-09-28,New Line Cinema,Portuguese,Brazil,6.8,11575.0,11375061
904,Movie_904,13629970.0,Fantasy,"Timothée Chalamet, Sam Star, Scarlett Johansson",Barry Jenkins,115.0,2009-01-20,Walt Disney Pictures,English,India,5.4,7735.0,46867110
1098,Movie_1098,4882692.0,Documentary,"Chris Evans, Charlize Theron, Joaquin Phoenix",David Fincher,89.0,2010-05-15,Metro-Goldwyn-Mayer,English,UK,8.1,7375.0,8208575
747,Movie_747,81875869.0,War,"Jordan Talent, Jane Doe B",Barry Jenkins,111.0,2000-02-26,20th Century Studios,Chinese,India,7.4,8984.0,95455323
227,Movie_227,28866645.0,Adventure,"Christian Bale, Meryl Streep, Dwayne Johnson",Wes Anderson,121.0,2001-08-01,Regency Enterprises,English,China,7.4,9835.0,206388896
1362,Movie_1362,15224190.0,Fantasy,"Chris Evans, Viola Davis, Meryl Streep",David Fincher,93.0,2022-12-11,Lionsgate,Hindi,Canada,6.1,6898.0,16526989
2322,Movie_2322,30385577.0,Documentary,"Sandra Bullock, Zendaya, Viola Davis, Denzel Washington",Ridley Scott,108.0,2020-10-21,Blumhouse Productions,English,Canada,,7091.0,61940987
1567,Movie_1567,3239137.0,Musical,"Jennifer Lawrence, Saoirse Ronan",Quentin Tarantino,94.0,2012-11-18,New Line Cinema,English,Australia,8.2,9065.0,9984812
1624,Movie_1624,9092640.0,Musical,"Taylor Thespian, Natalie Portman, Cate Blanchett, Amy Adams",Patty Jenkins,151.0,2008-07-23,Legendary Entertainment,English,South Korea,8.0,5835.0,66035811
2333,Movie_2333,4440771.0,Adventure,"Idris Elba, Gal Gadot",Greta Gerwig,89.0,2008-11-27,Metro-Goldwyn-Mayer,English,China,8.0,7568.0,22890885
2688,Movie_2688,9814667.0,Family,"Benedict Cumberbatch, Denzel Washington",Steven Spielberg,71.0,2019-01-10,Paramount Pictures,Chinese,France,9.6,5421.0,26685341
1065,Movie_1065,13855871.0,Western,"Idris Elba, Robert Downey Jr.",Chloe Zhao,123.0,2011-12-25,Universal Pictures,German,USA,8.9,13294.0,38935745
2783,Movie_2783,121789433.0,Crime,"Tom Hanks, Ryan Gosling",Drew White,106.0,2020-11-15,Regency Enterprises,Korean,France,7.6,10918.0,112205402
2919,Movie_2919,26885866.0,Western,"Pat Player, Meryl Streep, Riley Role, Robert Downey Jr.",Chris Park,126.0,2022-02-18,Searchlight Pictures,English,France,9.1,14167.0,65552661
1641,Movie_1641,18130977.0,Fantasy,"Saoirse Ronan, Pedro Pascal",Bong Joon-ho,92.0,2002-07-03,NEON,Korean,Brazil,7.6,7817.0,48800468
465,Movie_465,25690466.0,Horror,"Scarlett Johansson, Benedict Cumberbatch, Meryl Streep, Charlize Theron",Patty Jenkins,,2024-07-18,Regency Enterprises,Korean,India,7.9,10899.0,59330210
913,Movie_913,25249933.0,Crime,"Jennifer Lawrence, Margot Robbie",Guy Ritchie,96.0,2022-08-27,DreamWorks,English,Germany,6.9,11355.0,85057864
737,Movie_737,9909074.0,Action,"Lupita Nyong'o, Sam Star, Casey Celeb, Zendaya",Drew White,96.0,2007-09-12,Searchlight Pictures,English,South Korea,7.2,16752.0,21593331
2319,Movie_2319,53171597.0,Musical,"Christian Bale, Brad Pitt, Ryan Gosling, Robert Downey Jr.",Sofia Coppola,141.0,2004-09-06,Amblin Entertainment,English,UK,5.9,13763.0,109387156
2990,Movie_2990,14064935.0,Documentary,"Tom Hanks, Charlize Theron, Idris Elba, Benedict Cumberbatch",Jamie Lee,124.0,2019-04-08,Metro-Goldwyn-Mayer,Italian,USA,5.2,8629.0,3580378
2565,Movie_2565,23965359.0,Sci-Fi,"Cate Blanchett, Morgan Screen, Riley Role",Greta Gerwig,102.0,2015-03-14,A24,English,UK,9.6,5797.0,90033410
1588,Movie_1588,3809964.0,War,"Christian Bale, Gal Gadot",Jordan Peele,114.0,2015-05-15,Walt Disney Pictures,Hindi,UK,7.4,5153.0,12214831
213,Movie_213,51300779.0,Sci-Fi,"Sam Star, Florence Pugh",Christopher Nolan,151.0,2006-05-22,Focus Features,Spanish,UK,7.1,13165.0,65175915
13,Movie_13,54885182.0,Western,"Will Smith, Denzel Washington, Timothée Chalamet",Denis Villeneuve,106.0,2009-08-31,Paramount Pictures,German,Italy,7.7,11264.0,124726598
2934,Movie_2934,94861556.0,Romance,"Jane Doe B, Timothée Chalamet",Christopher Nolan,110.0,2006-07-23,A24,Spanish,UK,9.1,15386.0,154672625
423,Movie_423,50601540.0,Biography,"Casey Celeb, Benedict Cumberbatch",Kathryn Bigelow,94.0,2008-07-30,20th Century Studios,English,France,4.8,8182.0,80374599
860,Movie_860,10462610.0,Drama,"Lupita Nyong'o, Anya Taylor-Joy, Timothée Chalamet",Chloe Zhao,113.0,2022-01-08,Paramount Pictures,Japanese,Australia,7.7,6176.0,14856856
931,Movie_931,6444303.0,Crime,"Chris Evans, Joaquin Phoenix, Ana de Armas",Chloe Zhao,89.0,2025-07-04,Universal Pictures,English,USA,7.6,10597.0,14161394
2343,Movie_2343,3291895.0,Western,"Cate Blanchett, Lupita Nyong'o, Brad Pitt, Zendaya",Patty Jenkins,139.0,2011-03-24,DreamWorks,English,Canada,7.5,14540.0,12083663
1346,Movie_1346,109001013.0,Western,"Scarlett Johansson, Timothée Chalamet, Florence Pugh, Chris Evans",Jordan Peele,103.0,2013-10-06,Legendary Entertainment,English,Australia,8.0,11754.0,162238936
2668,Movie_2668,16389973.0,Thriller,"Emma Stone, Pedro Pascal, Gal Gadot, Timothée Chalamet",Tim Burton,116.0,2012-11-28,Legendary Entertainment,English,India,7.7,8066.0,45038966
1399,Movie_1399,2947053.0,Horror,"Joaquin Phoenix, Robert Downey Jr.",Michael Bay,124.0,2002-12-06,Amblin Entertainment,English,India,4.6,8182.0,5805786
683,Movie_683,118255276.0,Animation,"Jennifer Lawrence, Lupita Nyong'o",Guillermo del Toro,122.0,2024-12-27,Warner Bros.,English,Japan,4.8,12860.0,493880104
1322,Movie_1322,80027775.0,Comedy,"Viola Davis, Emma Stone, Florence Pugh, Alex Actor",Zack Snyder,91.0,2023-08-13,Walt Disney Pictures,Korean,USA,6.6,15591.0,90951622
2121,Movie_2121,57035025.0,Fantasy,"Dwayne Johnson, Amy Adams",Zack Snyder,112.0,2017-04-25,Columbia Pictures,English,Brazil,7.7,11234.0,185071753
510,Movie_510,54293063.0,Romance,"Christian Bale, Amy Adams, Leonardo DiCaprio",Patty Jenkins,103.0,2014-01-29,Annapurna Pictures,English,Italy,7.7,12241.0,233090415
645,Movie_645,90976055.0,War,"Awkwafina, Pedro Pascal, Samuel L. Jackson, Florence Pugh",Zack Snyder,95.0,2015-05-31,New Line Cinema,English,USA,5.5,14403.0,198294162
598,Movie_598,14010301.0,Family,"Brie Larson, Oscar Isaac, Anya Taylor-Joy, Viola Davis",Patty Jenkins,133.0,2003-02-27,Amblin Entertainment,English,India,6.2,11789.0,25539438
1360,Movie_1360,13672396.0,Action,"Alex Actor, Jennifer Lawrence",John Smith,93.0,2016-10-15,Legendary Entertainment,German,Germany,6.9,7976.0,15833684
766,Movie_766,32470065.0,Adventure,"Sam Star, Margot Robbie, Alex Actor, Pat Player",Morgan Blake,60.0,2000-09-16,Legendary Entertainment,Korean,UK,7.8,7990.0,16167892
2576,Movie_2576,4809689.0,War,"Jennifer Lawrence, Alex Actor",Chris Park,115.0,2017-08-07,Annapurna Pictures,English,UK,8.2,4615.0,4122476
2672,Movie_2672,29750920.0,Adventure,"Awkwafina, Anya Taylor-Joy",Chloe Zhao,117.0,2023-02-09,Blumhouse Productions,Japanese,Italy,7.9,8023.0,56280798
519,Movie_519,10361483.0,War,"Tom Holland, Cate Blanchett, Margot Robbie",Damien Chazelle,159.0,2009-07-13,Universal Pictures,Chinese,Canada,6.8,9277.0,7611948
2162,Movie_2162,29927449.0,Western,"Jake Gyllenhaal, Jordan Talent, Brad Pitt, Gal Gadot",Casey Brown,125.0,2020-12-15,A24,French,Australia,8.0,16485.0,47678283
574,Movie_574,37931990.0,Musical,"Zendaya, Christian Bale",Ridley Scott,109.0,2012-04-24,Metro-Goldwyn-Mayer,English,Canada,5.9,11563.0,101544256
2754,Movie_2754,49160101.0,Comedy,"Saoirse Ronan, Sandra Bullock",Alex Rivera,71.0,2023-05-27,Walt Disney Pictures,Spanish,South Korea,6.6,8906.0,82172496
1495,Movie_1495,42508024.0,Sci-Fi,"Joaquin Phoenix, Casey Celeb, Meryl Streep",Bong Joon-ho,119.0,2001-05-02,Paramount Pictures,English,Italy,9.5,11080.0,278248341
2005,Movie_2005,64596357.0,Musical,"Margot Robbie, Ryan Gosling, Timothée Chalamet",Martin Scorsese,126.0,2008-09-15,NEON,English,USA,8.6,8510.0,489497559
2936,Movie_2936,358920460.0,Western,"Amy Adams, Sam Star, Zendaya, Chris Evans",Alex Rivera,86.0,2024-01-27,New Line Cinema,French,Canada,7.2,15659.0,151246327
2820,Movie_2820,8148479.0,Musical,"Denzel Washington, Jordan Talent, Tom Holland, Samuel L. Jackson",Tim Burton,110.0,2011-12-06,Walt Disney Pictures,French,Canada,7.4,8901.0,12089003
124,Movie_124,11418233.0,Animation,"Ryan Gosling, Emma Stone, Jane Doe B, Joaquin Phoenix",Zack Snyder,95.0,2006-11-18,Blumhouse Productions,Spanish,France,8.3,13002.0,23596100
1024,Movie_1024,,Crime,"Chris Evans, Morgan Screen",Bong Joon-ho,147.0,2003-05-19,Lionsgate,English,China,7.2,12235.0,8558648
221,Movie_221,55398464.0,Horror,"Viola Davis, Florence Pugh, Idris Elba, Sandra Bullock",Peter Jackson,98.0,2023-08-24,Annapurna Pictures,Hindi,USA,7.2,5258.0,96852157
2938,Movie_2938,38415061.0,Fantasy,"Pedro Pascal, Leonardo DiCaprio",Taika Waititi,,2017-11-25,Walt Disney Pictures,German,France,7.4,8841.0,42255313
359,Movie_359,103103409.0,Crime,"Sam Star, Natalie Portman",Jordan Peele,93.0,2011-12-20,Columbia Pictures,French,UK,7.3,14290.0,219003279
2041,Movie_2041,7863303.0,Documentary,"Joaquin Phoenix, Riley Role",Jane Doe,111.0,2019-03-23,Universal Pictures,English,Italy,6.9,12542.0,2825945
2381,Movie_2381,33513853.0,Comedy,"Lupita Nyong'o, Joaquin Phoenix, Leonardo DiCaprio",Morgan Blake,75.0,2020-04-03,20th Century Studios,English,Canada,7.5,12017.0,105579925
1660,Movie_1660,19748526.0,Family,"Emma Stone, Tom Holland",Quentin Tarantino,117.0,2006-03-10,Lionsgate,French,Italy,7.5,11034.0,55343897
260,Movie_260,2846104.0,Documentary,"Sam Star, Oscar Isaac, Saoirse Ronan",James Cameron,151.0,2010-11-19,Lionsgate,Hindi,Australia,6.9,9631.0,1018828
2802,Movie_2802,27820207.0,Animation,"Awkwafina, Robert Downey Jr., Brie Larson",John Smith,146.0,2015-03-27,Searchlight Pictures,Spanish,UK,5.9,7522.0,12916622
2863,Movie_2863,134433356.0,Romance,"Benedict Cumberbatch, Anya Taylor-Joy",Sofia Coppola,107.0,2009-08-22,Columbia Pictures,English,UK,7.5,14116.0,191556306
2418,Movie_2418,23366896.0,Mystery,"Natalie Portman, Pat Player, John Doe A, Tom Hanks",David Fincher,164.0,2024-06-14,DreamWorks,Italian,France,8.4,3541.0,17236315
2380,Movie_2380,,Mystery,"Will Smith, Timothée Chalamet",Chris Park,82.0,2015-10-02,Universal Pictures,English,South Korea,6.5,5168.0,33773165
1028,Movie_1028,21924550.0,Documentary,"Gal Gadot, Tom Hanks",Damien Chazelle,119.0,2025-11-11,Blumhouse Productions,English,UK,7.6,7941.0,30949683
2821,Movie_2821,48707626.0,Fantasy,"Saoirse Ronan, Casey Celeb, Natalie Portman",Taika Waititi,117.0,2023-11-15,Universal Pictures,Hindi,Brazil,6.8,10680.0,122869584
1256,Movie_1256,15523504.0,Fantasy,"Emma Stone, Brie Larson, Casey Celeb",Christopher Nolan,115.0,2010-03-15,Columbia Pictures,English,Canada,6.7,6701.0,81877686
2128,Movie_2128,9667800.0,Adventure,"Dwayne Johnson, Oscar Isaac, Samuel L. Jackson",Pat Quinn,114.0,2016-07-12,NEON,English,Italy,4.1,5926.0,10782558
1796,Movie_1796,15977991.0,Romance,"Will Smith, Anya Taylor-Joy, Samuel L. Jackson",Quentin Tarantino,101.0,2005-09-25,Walt Disney Pictures,French,Brazil,5.2,8304.0,35650624
2745,Movie_2745,6750564.0,Biography,"Sandra Bullock, Cate Blanchett, Samuel L. Jackson",Sofia Coppola,106.0,2025-07-25,NEON,Portuguese,Germany,5.4,11440.0,3336570
2350,Movie_2350,18343871.0,Crime,"Anya Taylor-Joy, Morgan Freeman, Tom Holland, Jane Doe B",Tim Burton,144.0,2021-04-05,Metro-Goldwyn-Mayer,Spanish,India,7.1,7404.0,18540818
457,Movie_457,47305413.0,War,"Florence Pugh, Casey Celeb, Chris Evans, Charlize Theron",Chris Park,110.0,2025-08-07,Searchlight Pictures,English,Germany,7.2,16007.0,60829779
463,Movie_463,27135956.0,Romance,"Morgan Screen, Morgan Freeman, Brie Larson",Barry Jenkins,119.0,2005-11-24,New Line Cinema,French,Canada,8.0,7882.0,37452921
2248,Movie_2248,4678891.0,Western,"Morgan Screen, Jake Gyllenhaal",Jordan Peele,,2009-09-04,Regency Enterprises,English,South Korea,8.7,11133.0,11485040
1205,Movie_1205,18161028.0,Biography,"Jordan Talent, Ryan Gosling, Tom Hanks, Tom Holland",Guy Ritchie,,2011-11-15,Warner Bros.,Spanish,South Korea,8.6,11358.0,49509813
1642,Movie_1642,125895631.0,Documentary,"Idris Elba, Timothée Chalamet, Charlize Theron, Amy Adams",Pat Quinn,,2014-12-05,NEON,English,Brazil,4.5,11535.0,152588567
382,Movie_382,135268691.0,Drama,"Taylor Thespian, Denzel Washington, Samuel L. Jackson",Taika Waititi,137.0,2017-03-17,Village Roadshow,Spanish,France,7.9,9068.0,188178408
1564,Movie_1564,6081024.0,Thriller,"Cate Blanchett, Will Smith, Pat Player, Natalie Portman",Alex Rivera,87.0,2025-11-11,Walt Disney Pictures,Spanish,China,7.4,14349.0,11260966
2375,Movie_2375,27526700.0,Family,"Jake Gyllenhaal, Jordan Talent, John Doe A",John Smith,112.0,2019-11-05,A24,English,Italy,6.8,12947.0,27424911
2983,Movie_2983,27670288.0,Western,"Idris Elba, Samuel L. Jackson, Jordan Talent",Barry Jenkins,86.0,2023-01-26,Columbia Pictures,French,India,7.1,11209.0,20762010
1672,Movie_1672,38856664.0,Biography,"Riley Role, Casey Celeb, Tom Holland",Guillermo del Toro,143.0,2015-03-12,NEON,Chinese,France,5.7,9389.0,29478030
2592,Movie_2592,16021640.0,Horror,"Zendaya, Charlize Theron",Tim Burton,102.0,2001-06-15,Lionsgate,Spanish,Japan,7.6,6079.0,17222585
2171,Movie_2171,2194655.0,Family,"Taylor Thespian, Viola Davis",Peter Jackson,151.0,2004-02-07,Searchlight Pictures,English,UK,8.5,5648.0,8824160
1555,Movie_1555,22373601.0,Drama,"Dwayne Johnson, Natalie Portman, Jordan Talent",Alex Rivera,152.0,2021-10-31,20th Century Studios,English,Australia,6.7,8143.0,28186953
2925,Movie_2925,16355399.0,Horror,"Jordan Talent, Brie Larson, Sandra Bullock, Pedro Pascal",Zack Snyder,144.0,2012-06-02,Blumhouse Productions,French,Brazil,7.5,9390.0,26779471
760,Movie_760,13158076.0,Romance,"John Doe A, Florence Pugh, Sandra Bullock",Guillermo del Toro,97.0,2023-07-30,Blumhouse Productions,English,India,5.6,7666.0,6886274
1603,Movie_1603,46427108.0,Biography,"Chris Evans, Oscar Isaac, Gal Gadot, Anya Taylor-Joy",Jamie Lee,104.0,2014-08-24,Walt Disney Pictures,Korean,Italy,5.4,7406.0,35704792
1053,Movie_1053,15906668.0,Thriller,"Awkwafina, Benedict Cumberbatch, Oscar Isaac",Tim Burton,159.0,2007-12-06,Lionsgate,Hindi,Italy,6.7,15932.0,26067361
1456,Movie_1456,380191134.0,Drama,"Pat Player, Cate Blanchett",Ava DuVernay,103.0,2017-03-14,Metro-Goldwyn-Mayer,German,Germany,8.9,8134.0,804911480
2385,Movie_2385,400000000.0,Crime,"Natalie Portman, Alex Actor, Emma Stone, Florence Pugh",Morgan Blake,81.0,2017-03-04,A24,English,China,7.4,14989.0,897700145
2631,Movie_2631,35601539.0,Adventure,"Casey Celeb, Riley Role, Awkwafina",Peter Jackson,150.0,2016-04-04,Amblin Entertainment,Japanese,USA,7.7,7433.0,64108873
1382,Movie_1382,4895444.0,Western,"Ryan Gosling, Saoirse Ronan, Jennifer Lawrence",Bong Joon-ho,60.0,2005-12-13,New Line Cinema,Portuguese,Australia,7.2,7957.0,9767276
1217,Movie_1217,10472168.0,Mystery,"Brie Larson, Casey Celeb",Ava DuVernay,109.0,2019-03-19,20th Century Studios,Spanish,Brazil,9.6,12647.0,20901837
543,Movie_543,76721291.0,Biography,"Jordan Talent, Viola Davis",Martin Scorsese,107.0,2005-11-04,Metro-Goldwyn-Mayer,English,India,7.9,12620.0,337199324
1338,Movie_1338,357555845.0,Western,"Joaquin Phoenix, Denzel Washington, Taylor Thespian",Chloe Zhao,99.0,2017-03-03,A24,German,China,8.1,11208.0,401618594
1299,Movie_1299,8795819.0,Documentary,"Ryan Gosling, Sandra Bullock, Alex Actor",Martin Scorsese,74.0,2013-07-04,Walt Disney Pictures,French,India,8.2,11026.0,5880836
2594,Movie_2594,9231259.0,Horror,"Scarlett Johansson, Tom Holland, Alex Actor",James Cameron,110.0,2004-11-23,Warner Bros.,Korean,Japan,6.8,8820.0,12540756
1819,Movie_1819,158837271.0,Mystery,"Chris Evans, Jennifer Lawrence",Ava DuVernay,111.0,2005-12-07,Searchlight Pictures,Korean,India,6.5,9280.0,187518035
2913,Movie_2913,16834913.0,Biography,"Emma Stone, Tom Hanks, Sandra Bullock",Sofia Coppola,105.0,2012-04-02,Blumhouse Productions,Chinese,Brazil,5.7,,5138224
2447,Movie_2447,20758166.0,Action,"Samuel L. Jackson, Emma Stone, Benedict Cumberbatch, Margot Robbie",Pat Quinn,73.0,2019-07-05,Lionsgate,English,UK,7.4,5718.0,72202003
1392,Movie_1392,3792418.0,Comedy,"Jennifer Lawrence, Riley Role",Ava DuVernay,77.0,2003-04-29,Annapurna Pictures,Japanese,UK,7.7,7279.0,5174659
2464,Movie_2464,34783025.0,Western,"Timothée Chalamet, Meryl Streep, Tom Hanks",Jane Doe,113.0,2018-09-26,DreamWorks,German,India,5.8,14625.0,27476165
756,Movie_756,36678300.0,Mystery,"Christian Bale, Natalie Portman, Oscar Isaac, Timothée Chalamet",Guillermo del Toro,134.0,2002-07-02,Metro-Goldwyn-Mayer,English,China,5.0,13183.0,76541704
2924,Movie_2924,37451680.0,Mystery,"Chris Evans, Morgan Screen, Leonardo DiCaprio",Tim Burton,110.0,2022-01-16,Lionsgate,Spanish,Canada,7.8,9045.0,34627963
1745,Movie_1745,19374544.0,War,"Chris Evans, Benedict Cumberbatch, Sam Star",Ava DuVernay,102.0,2020-05-29,Legendary Entertainment,German,China,10.0,5219.0,79165045
1323,Movie_1323,27468943.0,Musical,"John Doe A, Joaquin Phoenix",Alex Rivera,79.0,2008-04-19,Legendary Entertainment,English,China,7.4,12056.0,18746598
2484,Movie_2484,5439745.0,Adventure,"Tom Hanks, Dwayne Johnson, Benedict Cumberbatch",Guy Ritchie,115.0,2015-09-25,New Line Cinema,Korean,Canada,6.1,7077.0,10970765
1730,Movie_1730,44937193.0,Animation,"Leonardo DiCaprio, Amy Adams",Chloe Zhao,139.0,2008-07-25,Legendary Entertainment,English,Australia,7.7,6744.0,174204347
2654,Movie_2654,7248417.0,Family,"Pat Player, Denzel Washington, Anya Taylor-Joy",Taika Waititi,111.0,2013-08-15,Focus Features,French,USA,6.4,7729.0,7155112
436,Movie_436,20161789.0,Family,"Taylor Thespian, Zendaya",Wes Anderson,90.0,2013-04-10,Universal Pictures,Japanese,Italy,7.9,12634.0,45972623
2155,Movie_2155,43595460.0,Drama,"Benedict Cumberbatch, Brad Pitt, Oscar Isaac",Ava DuVernay,138.0,2021-06-11,DreamWorks,English,UK,7.7,9875.0,91692781
238,Movie_238,138487575.0,Comedy,"Chris Evans, Joaquin Phoenix, Jake Gyllenhaal, Dwayne Johnson",John Smith,106.0,2007-04-24,New Line Cinema,Spanish,UK,4.8,9415.0,34633731
1930,Movie_1930,53743157.0,Documentary,"Saoirse Ronan, Pedro Pascal, Alex Actor, Margot Robbie",Pat Quinn,104.0,2006-10-08,Amblin Entertainment,English,Canada,4.5,11717.0,24688441
110,Movie_110,3690314.0,Musical,"Margot Robbie, Awkwafina, Taylor Thespian",Kathryn Bigelow,97.0,2005-02-03,Lionsgate,Spanish,India,6.9,8511.0,3846817
2078,Movie_2078,6313836.0,Mystery,"Tom Holland, Sandra Bullock, Oscar Isaac",Wes Anderson,130.0,2017-07-24,Annapurna Pictures,English,France,7.4,6168.0,14306811
164,Movie_164,15722548.0,Thriller,"Saoirse Ronan, Leonardo DiCaprio",John Smith,112.0,2006-08-06,Metro-Goldwyn-Mayer,Italian,USA,7.1,12349.0,30981800
289,Movie_289,387893016.0,Action,"Zendaya, Pat Player, Tom Holland, Will Smith",Peter Jackson,90.0,2007-08-25,Legendary Entertainment,Hindi,USA,9.2,13683.0,1091088962
253,Movie_253,23508734.0,Sci-Fi,"Brie Larson, Amy Adams",Damien Chazelle,134.0,2013-05-13,Legendary Entertainment,English,Canada,7.8,10197.0,40558764
2033,Movie_2033,25773703.0,Mystery,"Meryl Streep, Sandra Bullock",John Smith,116.0,2012-07-22,Amblin Entertainment,German,USA,6.4,13160.0,24488606
2217,Movie_2217,63847927.0,Comedy,"Gal Gadot, Sandra Bullock, Riley Role",Ridley Scott,99.0,2005-12-15,Searchlight Pictures,Korean,Germany,7.6,13302.0,106797227
1457,Movie_1457,,Animation,"Casey Celeb, Joaquin Phoenix",Sofia Coppola,116.0,2025-08-08,Regency Enterprises,English,Canada,6.5,16745.0,295458305
791,Movie_791,48391377.0,Comedy,"Anya Taylor-Joy, Morgan Screen",Michael Bay,74.0,2009-08-05,Annapurna Pictures,Portuguese,France,8.1,10681.0,47589223
868,Movie_868,21124635.0,War,"Florence Pugh, Emma Stone, Ana de Armas",James Cameron,121.0,2000-02-28,Columbia Pictures,English,Japan,7.6,13894.0,113417418
802,Movie_802,123638904.0,Family,"Morgan Screen, Saoirse Ronan, Timothée Chalamet",Tim Burton,150.0,2003-03-23,DreamWorks,English,China,8.2,11449.0,586044511
1437,Movie_1437,42343968.0,Musical,"Dwayne Johnson, Ana de Armas, Charlize Theron, Florence Pugh",Martin Scorsese,91.0,2016-06-21,NEON,German,India,7.3,10180.0,33392344
2358,Movie_2358,42844765.0,Family,"Zendaya, Denzel Washington, Jennifer Lawrence",Wes Anderson,114.0,2012-05-16,20th Century Studios,Spanish,Italy,7.9,15721.0,225443150
760,Movie_760,13158076.0,Romance,"John Doe A, Florence Pugh, Sandra Bullock",Guillermo del Toro,97.0,2023-07-30,Blumhouse Productions,English,India,5.6,7666.0,6893160
2842,Movie_2842,51958789.0,Sci-Fi,"Pedro Pascal, Will Smith",Sofia Coppola,101.0,2016-09-01,A24,Japanese,Germany,6.5,14630.0,33228878
1193,Movie_1193,95860571.0,Documentary,"Chris Evans, Robert Downey Jr., Timothée Chalamet",Taika Waititi,75.0,2016-05-27,20th Century Studios,English,South Korea,7.7,9764.0,117264733
1265,Movie_1265,5417141.0,Western,"Timothée Chalamet, Samuel L. Jackson",Denis Villeneuve,157.0,2004-05-07,DreamWorks,English,Germany,6.9,1554.0,17590961
875,Movie_875,6358841.0,Sci-Fi,"Robert Downey Jr., Chris Evans, Lupita Nyong'o, Anya Taylor-Joy",Ridley Scott,105.0,2018-03-19,NEON,Chinese,India,8.6,9881.0,20431436
2425,Movie_2425,7347611.0,Romance,"Morgan Freeman, Will Smith, Jordan Talent",Pat Quinn,126.0,2024-11-06,Searchlight Pictures,French,Germany,6.0,9323.0,2432270
462,Movie_462,69792669.0,Biography,"Cate Blanchett, Alex Actor, Scarlett Johansson, Ryan Gosling",Barry Jenkins,95.0,2021-08-05,Columbia Pictures,English,Brazil,7.9,13132.0,170203359
843,Movie_843,27499538.0,Mystery,"Ana de Armas, Charlize Theron, Morgan Freeman, Benedict Cumberbatch",Taylor Green,109.0,2002-08-13,Universal Pictures,English,Germany,6.5,6198.0,74785979
1939,Movie_1939,22042348.0,Western,"Alex Actor, Ana de Armas, Brie Larson, Margot Robbie",Christopher Nolan,159.0,2023-02-28,Searchlight Pictures,Chinese,Germany,9.8,11396.0,46418123
158,Movie_158,34217608.0,Action,"Oscar Isaac, Amy Adams",Damien Chazelle,93.0,2011-12-03,Columbia Pictures,Hindi,Brazil,7.7,13010.0,72048446
2977,Movie_2977,34861925.0,Animation,"Margot Robbie, Oscar Isaac",Casey Brown,117.0,2018-02-13,Amblin Entertainment,English,China,7.7,,125746209
2172,Movie_2172,,Romance,"Tom Hanks, Ryan Gosling",Sofia Coppola,128.0,2002-05-01,Lionsgate,English,Italy,5.7,20256.0,176593380
678,Movie_678,28839779.0,Crime,"Amy Adams, Brad Pitt, Benedict Cumberbatch, Lupita Nyong'o",Steven Spielberg,100.0,2005-05-30,New Line Cinema,French,Italy,9.6,12651.0,54535997
1731,Movie_1731,20573419.0,Drama,"Dwayne Johnson, Alex Actor, Amy Adams, Saoirse Ronan",Martin Scorsese,88.0,2011-08-23,Metro-Goldwyn-Mayer,English,UK,7.6,10743.0,89190562
1510,Movie_1510,59173401.0,War,"Margot Robbie, Christian Bale, Benedict Cumberbatch",Pat Quinn,116.0,2023-02-03,A24,English,France,7.8,15310.0,50693468
239,Movie_239,51398365.0,Documentary,"Brad Pitt, Jennifer Lawrence, Alex Actor, Anya Taylor-Joy",James Cameron,118.0,2014-07-22,New Line Cinema,Italian,UK,8.1,12378.0,52089901
840,Movie_840,53919560.0,Drama,"Jordan Talent, Viola Davis, Cate Blanchett",Greta Gerwig,87.0,2002-03-03,Regency Enterprises,English,Japan,8.0,10634.0,194850221
2180,Movie_2180,8211339.0,Romance,"Gal Gadot, Margot Robbie, Oscar Isaac, Jennifer Lawrence",Jamie Lee,105.0,2000-01-21,Legendary Entertainment,English,UK,7.4,9362.0,23696381
2034,Movie_2034,14497378.0,War,"Anya Taylor-Joy, Awkwafina, Jennifer Lawrence, Brad Pitt",Steven Spielberg,153.0,2013-03-11,Amblin Entertainment,Hindi,China,8.9,13522.0,52528386
101,Movie_101,23907865.0,Family,"Taylor Thespian, Idris Elba, Tom Hanks, Lupita Nyong'o",Christopher Nolan,60.0,2002-09-23,Focus Features,Chinese,Australia,9.9,10098.0,55805706
316,Movie_316,4891607.0,Comedy,"Cate Blanchett, Charlize Theron, Zendaya, Benedict Cumberbatch",Steven Spielberg,83.0,2007-06-21,Annapurna Pictures,Portuguese,Italy,8.2,5369.0,6653954
870,Movie_870,15137651.0,Sci-Fi,"Margot Robbie, Pat Player, Awkwafina, Charlize Theron",James Cameron,79.0,2017-01-21,Legendary Entertainment,German,South Korea,9.7,7534.0,14128157
2731,Movie_2731,27173773.0,Animation,"Benedict Cumberbatch, Jordan Talent",Michael Bay,100.0,2008-07-08,Village Roadshow,English,Germany,8.1,7055.0,67906318
1780,Movie_1780,68902572.0,Family,"Sandra Bullock, Leonardo DiCaprio, Pedro Pascal",Denis Villeneuve,110.0,2017-09-29,A24,English,USA,7.6,16036.0,276582386
1736,Movie_1736,9059459.0,Adventure,"Margot Robbie, Riley Role",Pat Quinn,,2004-09-17,Paramount Pictures,Italian,Italy,6.7,6060.0,8710508
262,Movie_262,6224147.0,Romance,"Sam Star, Christian Bale",Greta Gerwig,132.0,2009-03-14,Universal Pictures,English,China,9.7,7429.0,34057932
2175,Movie_2175,5979426.0,Sci-Fi,"Chris Evans, Ana de Armas, Timothée Chalamet",Kathryn Bigelow,119.0,2014-11-25,Legendary Entertainment,Korean,China,5.7,6747.0,11231103
2897,Movie_2897,17592526.0,War,"Jane Doe B, Pat Player, Awkwafina",Tim Burton,179.0,2021-03-07,20th Century Studios,Hindi,USA,7.8,10419.0,17538380
196,Movie_196,192650105.0,Comedy,"Jennifer Lawrence, Samuel L. Jackson, Chris Evans",Jordan Peele,125.0,2022-02-12,A24,Spanish,UK,7.9,14230.0,165395575
2158,Movie_2158,21837985.0,Horror,"Will Smith, Idris Elba, Pat Player, Emma Stone",Barry Jenkins,85.0,2001-10-23,Lionsgate,English,France,7.0,13218.0,36139026
2902,Movie_2902,24729485.0,Family,"Zendaya, Natalie Portman",John Smith,103.0,2001-04-12,Blumhouse Productions,Portuguese,South Korea,8.1,8444.0,48323970
2773,Movie_2773,27795217.0,Family,"Taylor Thespian, Tom Hanks, Alex Actor, Benedict Cumberbatch",Chloe Zhao,138.0,2023-02-21,New Line Cinema,English,Canada,7.4,12261.0,51424183
180,Movie_180,99790275.0,Sci-Fi,"Awkwafina, Morgan Screen",Jamie Lee,78.0,2016-09-09,Village Roadshow,Korean,South Korea,7.2,11393.0,44556627
2342,Movie_2342,,Biography,"Awkwafina, Chris Evans",Quentin Tarantino,128.0,2006-10-10,DreamWorks,Spanish,Brazil,6.6,13745.0,289810913
2757,Movie_2757,9693792.0,Romance,"Samuel L. Jackson, Emma Stone, Brie Larson, Tom Holland",Denis Villeneuve,88.0,2015-12-30,Village Roadshow,Spanish,USA,6.9,5480.0,13873792
865,Movie_865,51045320.0,Family,"Dwayne Johnson, Brad Pitt, Jennifer Lawrence, Oscar Isaac",Patty Jenkins,107.0,2022-07-19,Walt Disney Pictures,German,India,8.0,12398.0,85342495
341,Movie_341,42815272.0,Musical,"Anya Taylor-Joy, Alex Actor, Robert Downey Jr.",Guillermo del Toro,107.0,2012-05-30,Amblin Entertainment,German,Germany,8.6,9470.0,42227270
1273,Movie_1273,18818295.0,Family,"Pedro Pascal, Oscar Isaac, Chris Evans",Ryan Coogler,121.0,2019-06-09,Blumhouse Productions,English,Japan,8.2,7624.0,49063361
1209,Movie_1209,28925822.0,Biography,"Anya Taylor-Joy, Margot Robbie, Florence Pugh, Cate Blanchett",David Fincher,140.0,2015-05-24,Blumhouse Productions,Spanish,Germany,7.5,12337.0,62841868
749,Movie_749,8926702.0,Sci-Fi,"Brad Pitt, Casey Celeb, Will Smith",Kathryn Bigelow,134.0,2009-06-17,Blumhouse Productions,English,Canada,8.0,9248.0,48745527
1180,Movie_1180,47409768.0,Horror,"Timothée Chalamet, Natalie Portman",Greta Gerwig,141.0,2010-03-24,Metro-Goldwyn-Mayer,Korean,Japan,7.9,14526.0,88696596
663,Movie_663,224526045.0,Animation,"Lupita Nyong'o, Casey Celeb, Amy Adams, Oscar Isaac",Sofia Coppola,96.0,2023-09-15,NEON,English,UK,7.9,15457.0,420357862
481,Movie_481,20931026.0,Crime,"Benedict Cumberbatch, Amy Adams",Zack Snyder,129.0,2010-09-26,Paramount Pictures,Portuguese,China,9.6,7619.0,19118215
804,Movie_804,15154716.0,War,"Chris Evans, Gal Gadot, Morgan Freeman",Taika Waititi,156.0,2004-04-14,Universal Pictures,Korean,Italy,7.4,10605.0,26565698
2828,Movie_2828,23082050.0,Western,"Jordan Talent, Cate Blanchett",Denis Villeneuve,76.0,2025-07-07,20th Century Studios,English,France,7.7,12553.0,79561633
928,Movie_928,7611528.0,Adventure,"Ana de Armas, Samuel L. Jackson, Saoirse Ronan",Ridley Scott,121.0,2012-12-11,Universal Pictures,Italian,Japan,8.1,11145.0,18715947
1994,Movie_1994,16038347.0,Adventure,"Saoirse Ronan, Pedro Pascal, Natalie Portman, Leonardo DiCaprio",Peter Jackson,139.0,2013-12-26,DreamWorks,Hindi,Australia,8.6,7839.0,60147672
2461,Movie_2461,11319903.0,Romance,"Jennifer Lawrence, Brad Pitt, Pat Player, Christian Bale",Pat Quinn,135.0,2023-12-18,NEON,English,USA,8.1,9245.0,20929328
550,Movie_550,22686900.0,War,"Tom Holland, Natalie Portman, Christian Bale, Tom Hanks",James Cameron,71.0,2012-09-27,A24,English,Australia,6.7,5960.0,69838079
2910,Movie_2910,15761730.0,Fantasy,"Ana de Armas, John Doe A",Taika Waititi,95.0,2005-01-21,Warner Bros.,Hindi,Brazil,7.8,13645.0,17121565
784,Movie_784,21837689.0,Musical,"Amy Adams, Awkwafina",Patty Jenkins,110.0,2015-11-04,Metro-Goldwyn-Mayer,English,Canada,5.7,7620.0,85685864
2737,Movie_2737,2389947.0,Sci-Fi,"Leonardo DiCaprio, Viola Davis, Sandra Bullock",Pat Quinn,68.0,2006-09-15,Walt Disney Pictures,English,Australia,7.2,1515.0,7911568
1941,Movie_1941,167681294.0,Sci-Fi,"Joaquin Phoenix, Jennifer Lawrence, Alex Actor, Florence Pugh",Greta Gerwig,135.0,2002-11-09,DreamWorks,English,Australia,8.1,11267.0,1340982090
743,Movie_743,8184770.0,Fantasy,"Alex Actor, Sandra Bullock",Quentin Tarantino,138.0,2023-06-27,Lionsgate,English,Germany,7.9,7452.0,35595744
2441,Movie_2441,73291374.0,Animation,"Awkwafina, Benedict Cumberbatch",Jordan Peele,129.0,2021-08-03,Searchlight Pictures,English,Australia,9.5,15009.0,326396765
1862,Movie_1862,57546145.0,Fantasy,"Anya Taylor-Joy, Margot Robbie, Robert Downey Jr.",Morgan Blake,113.0,2023-08-27,A24,Korean,India,7.9,12551.0,77363063
2587,Movie_2587,24977316.0,Horror,"Florence Pugh, Lupita Nyong'o, Brie Larson, Leonardo DiCaprio",Drew White,94.0,2019-05-27,Annapurna Pictures,English,Brazil,8.4,8604.0,31123443
880,Movie_880,15399851.0,Thriller,"Tom Holland, Samuel L. Jackson, Morgan Freeman, Jake Gyllenhaal",Christopher Nolan,102.0,2019-10-26,Focus Features,English,Brazil,9.4,12182.0,138661798
1967,Movie_1967,25394778.0,Mystery,"Samuel L. Jackson, Jennifer Lawrence, Robert Downey Jr., Scarlett Johansson",Guillermo del Toro,137.0,2000-06-17,DreamWorks,English,South Korea,5.1,7725.0,33169891
2867,Movie_2867,13457656.0,Fantasy,"Pat Player, Viola Davis, Tom Hanks, Natalie Portman",John Smith,82.0,2006-11-08,Paramount Pictures,English,Japan,7.2,10015.0,44571397
2650,Movie_2650,68884854.0,Thriller,"Lupita Nyong'o, Oscar Isaac, Saoirse Ronan",Kathryn Bigelow,111.0,2003-03-04,Amblin Entertainment,Hindi,Brazil,8.0,12312.0,116583161
1049,Movie_1049,28666612.0,War,"Brie Larson, Emma Stone, Alex Actor, Tom Holland",Taika Waititi,102.0,2002-10-26,New Line Cinema,English,Canada,7.9,8966.0,28195476
248,Movie_248,50905433.0,Musical,"Gal Gadot, Jake Gyllenhaal",Jordan Peele,139.0,2019-01-27,Legendary Entertainment,English,Canada,6.5,6794.0,81751555
1374,Movie_1374,21114047.0,Biography,"Amy Adams, Ana de Armas",Sam Mendes,87.0,2025-11-18,New Line Cinema,Japanese,France,6.2,12436.0,17164905
2408,Movie_2408,18761360.0,Horror,"Dwayne Johnson, Cate Blanchett",Bong Joon-ho,107.0,2009-05-02,Metro-Goldwyn-Mayer,Italian,UK,8.4,12010.0,29874075
2749,Movie_2749,171153184.0,War,"Brie Larson, Alex Actor, Gal Gadot, Tom Holland",Sam Mendes,118.0,2004-11-08,Walt Disney Pictures,German,UK,6.5,19416.0,91535995
627,Movie_627,69164939.0,Musical,"Jane Doe B, Cate Blanchett",David Fincher,100.0,2015-12-14,Columbia Pictures,Spanish,Italy,7.6,13837.0,116872551
348,Movie_348,19332515.0,Adventure,"Zendaya, Joaquin Phoenix",Greta Gerwig,82.0,2018-08-31,Legendary Entertainment,English,Australia,7.0,12881.0,78983025
279,Movie_279,9327219.0,Comedy,"Emma Stone, John Doe A, Morgan Screen, Leonardo DiCaprio",Michael Bay,102.0,2022-08-26,Metro-Goldwyn-Mayer,Hindi,Germany,7.8,9960.0,6213670
1838,Movie_1838,3316389.0,Biography,"Zendaya, John Doe A, Meryl Streep, Tom Hanks",David Fincher,115.0,2014-02-24,Walt Disney Pictures,English,UK,8.1,7221.0,6317291
2305,Movie_2305,22943709.0,Documentary,"Robert Downey Jr., Meryl Streep, Tom Hanks",Pat Quinn,159.0,2023-05-23,Village Roadshow,Korean,India,7.3,7829.0,15543171
656,Movie_656,65522117.0,Animation,"Christian Bale, Meryl Streep, Gal Gadot, Natalie Portman",Casey Brown,79.0,2024-01-20,Village Roadshow,English,USA,9.6,10991.0,286145656
2255,Movie_2255,19613583.0,Horror,"Brad Pitt, Christian Bale, Oscar Isaac, Florence Pugh",Ridley Scott,86.0,2006-11-10,Walt Disney Pictures,Korean,UK,7.7,12071.0,34408105
1629,Movie_1629,125301111.0,Animation,"Pat Player, Florence Pugh, Alex Actor",Chloe Zhao,138.0,2018-09-18,Regency Enterprises,Portuguese,India,8.6,9986.0,268665188
2653,Movie_2653,20181993.0,Biography,"Joaquin Phoenix, Riley Role, Awkwafina",Patty Jenkins,120.0,2012-08-20,Walt Disney Pictures,English,UK,7.0,11757.0,13420431
2616,Movie_2616,17184151.0,Family,"Jake Gyllenhaal, Jennifer Lawrence",Sofia Coppola,72.0,2017-02-23,Universal Pictures,English,India,6.4,15800.0,42977234
2494,Movie_2494,15530755.0,Biography,"Benedict Cumberbatch, Dwayne Johnson",Pat Quinn,144.0,2005-08-30,Annapurna Pictures,English,Brazil,7.2,14141.0,28558390
2205,Movie_2205,10261633.0,Fantasy,"Leonardo DiCaprio, Will Smith",Morgan Blake,60.0,2019-12-09,Warner Bros.,Hindi,Germany,5.6,6324.0,13089829
2043,Movie_2043,34769335.0,Western,"John Doe A, Florence Pugh, Tom Hanks, Tom Holland",Damien Chazelle,86.0,2007-11-04,Focus Features,English,Germany,7.7,13332.0,96103581
1873,Movie_1873,400000000.0,Adventure,"Idris Elba, Emma Stone, Robert Downey Jr.",Chris Park,79.0,2020-02-29,Universal Pictures,Japanese,USA,7.7,12196.0,176990346
446,Movie_446,27063220.0,Adventure,"Charlize Theron, Riley Role, Samuel L. Jackson",Michael Bay,114.0,2023-05-12,Universal Pictures,English,India,7.8,10094.0,87038782
618,Movie_618,26870791.0,Documentary,"Viola Davis, Ana de Armas, Gal Gadot, Dwayne Johnson",Ryan Coogler,104.0,2003-09-15,A24,Korean,Brazil,7.9,8081.0,30237715
1262,Movie_1262,211887426.0,Comedy,"Charlize Theron, Natalie Portman, Margot Robbie",Pat Quinn,108.0,2024-07-26,Columbia Pictures,Hindi,UK,5.4,16067.0,261388609
1300,Movie_1300,73884032.0,Animation,"Zendaya, Oscar Isaac, Robert Downey Jr., Jennifer Lawrence",Chris Park,121.0,2019-10-08,Annapurna Pictures,German,Italy,7.8,7405.0,123438483
1107,Movie_1107,100383851.0,Family,"Ryan Gosling, Gal Gadot",Sam Mendes,83.0,2000-05-05,Searchlight Pictures,French,Canada,8.0,17696.0,104742357
1335,Movie_1335,11343554.0,Comedy,"Idris Elba, Amy Adams, Joaquin Phoenix, Robert Downey Jr.",Taylor Green,110.0,2011-09-07,Columbia Pictures,Hindi,France,8.3,12045.0,17004874
1613,Movie_1613,15247120.0,Animation,"Timothée Chalamet, Oscar Isaac",Steven Spielberg,145.0,2018-03-18,Village Roadshow,Italian,China,7.4,8837.0,20307159
845,Movie_845,19185462.0,Mystery,"Margot Robbie, Samuel L. Jackson, Zendaya",Wes Anderson,127.0,2002-02-13,NEON,Hindi,France,6.0,5701.0,16317557
2580,Movie_2580,25126688.0,Comedy,"Jake Gyllenhaal, Cate Blanchett, Tom Holland, Timothée Chalamet",Guy Ritchie,149.0,2005-04-11,Warner Bros.,English,India,6.4,12064.0,31006174
548,Movie_548,9055541.0,Documentary,"Scarlett Johansson, Viola Davis, Tom Holland",Alex Rivera,92.0,2000-02-13,Amblin Entertainment,Korean,Brazil,8.4,8749.0,1795992
2911,Movie_2911,62500833.0,Thriller,"Will Smith, Leonardo DiCaprio",Chris Park,104.0,2021-03-13,Walt Disney Pictures,English,Australia,8.3,12643.0,76881935
1254,Movie_1254,17701646.0,Crime,"Timothée Chalamet, Dwayne Johnson, Jane Doe B",Wes Anderson,126.0,2004-01-21,Paramount Pictures,English,UK,7.9,7096.0,50066320
1579,Movie_1579,33425856.0,Musical,"Taylor Thespian, Saoirse Ronan",Steven Spielberg,81.0,2017-01-30,Blumhouse Productions,English,France,8.6,15015.0,222042425
264,Movie_264,24712263.0,Documentary,"Samuel L. Jackson, Jennifer Lawrence, Sandra Bullock, John Doe A",Ridley Scott,81.0,2022-08-11,DreamWorks,English,Japan,9.5,12554.0,58905494
1290,Movie_1290,29389461.0,Action,"Awkwafina, Joaquin Phoenix",Casey Brown,92.0,2025-12-12,Amblin Entertainment,French,India,5.6,9749.0,18711098
2378,Movie_2378,20358049.0,Family,"Chris Evans, Meryl Streep, Ryan Gosling",Patty Jenkins,127.0,2003-08-06,Searchlight Pictures,English,India,6.7,14921.0,46620394
1870,Movie_1870,50560555.0,Comedy,"Brad Pitt, Brie Larson, Jordan Talent",Ryan Coogler,109.0,2004-05-23,Annapurna Pictures,Spanish,France,6.8,14281.0,53409243
354,Movie_354,10394984.0,Mystery,"Meryl Streep, Emma Stone, Pat Player, Taylor Thespian",Barry Jenkins,134.0,2018-08-09,Walt Disney Pictures,Hindi,China,6.8,5984.0,17974503
1922,Movie_1922,80842831.0,Drama,"Jordan Talent, Ana de Armas, Casey Celeb, Sandra Bullock",Christopher Nolan,121.0,2016-10-03,NEON,English,China,7.1,13746.0,184340839
209,Movie_209,54495239.0,Western,"Viola Davis, Samuel L. Jackson",Kathryn Bigelow,126.0,2007-01-30,DreamWorks,English,India,7.4,12155.0,110248954
614,Movie_614,16657566.0,Horror,"Awkwafina, Riley Role",Zack Snyder,65.0,2002-11-15,DreamWorks,English,Italy,8.0,8622.0,17834507
1232,Movie_1232,4981448.0,Crime,"Jane Doe B, Ana de Armas",Wes Anderson,111.0,2022-04-23,Legendary Entertainment,English,Japan,7.3,9977.0,9934320
991,Movie_991,107773130.0,Sci-Fi,"Morgan Freeman, Florence Pugh, Scarlett Johansson",David Fincher,104.0,2009-09-16,Legendary Entertainment,English,Germany,7.3,9606.0,774383834
1548,Movie_1548,46305891.0,Sci-Fi,"Denzel Washington, Will Smith, Margot Robbie",Taika Waititi,118.0,2009-11-17,Village Roadshow,Spanish,South Korea,7.7,15857.0,50498358
1179,Movie_1179,24287711.0,Action,"Alex Actor, Brie Larson, Gal Gadot, Brad Pitt",Casey Brown,93.0,2025-10-12,Amblin Entertainment,Korean,Germany,6.2,9654.0,15001800
1178,Movie_1178,6275790.0,Documentary,"Tom Holland, Jennifer Lawrence",James Cameron,128.0,2015-10-09,Legendary Entertainment,English,South Korea,8.4,5039.0,16316379
1805,Movie_1805,11163822.0,Drama,"Jordan Talent, Brad Pitt, Cate Blanchett, Scarlett Johansson",Guillermo del Toro,132.0,2023-01-27,Lionsgate,English,Canada,7.2,6262.0,29984459
1552,Movie_1552,21701868.0,Action,"Ana de Armas, Christian Bale, Meryl Streep",Denis Villeneuve,129.0,2024-09-18,Paramount Pictures,English,India,5.7,14058.0,98234408
58,Movie_58,55149616.0,Family,"Brad Pitt, Joaquin Phoenix",Wes Anderson,96.0,2010-12-23,DreamWorks,English,Brazil,8.8,10268.0,326103075
2763,Movie_2763,13879756.0,Western,"Chris Evans, Charlize Theron, Jake Gyllenhaal, Jane Doe B",James Cameron,93.0,2014-11-09,Blumhouse Productions,English,China,7.8,7535.0,29969764
812,Movie_812,7414830.0,Musical,"Timothée Chalamet, Taylor Thespian, Jennifer Lawrence, Casey Celeb",Tim Burton,70.0,2012-12-21,Village Roadshow,English,Japan,6.1,4292.0,18781980
2216,Movie_2216,27684616.0,Romance,"Gal Gadot, Robert Downey Jr.",Greta Gerwig,,2016-04-20,Amblin Entertainment,English,India,8.8,8952.0,201958217
562,Movie_562,,Adventure,"Meryl Streep, Viola Davis, Zendaya, Lupita Nyong'o",Jane Doe,60.0,2022-02-17,Amblin Entertainment,Japanese,South Korea,5.7,5018.0,3473414
2933,Movie_2933,48400596.0,War,"Lupita Nyong'o, Denzel Washington, Anya Taylor-Joy, Sam Star",Michael Bay,97.0,2010-06-24,Blumhouse Productions,French,China,6.8,12584.0,45657855
230,Movie_230,168570536.0,Action,"Margot Robbie, Saoirse Ronan, Morgan Freeman, Riley Role",Drew White,141.0,2020-02-08,Focus Features,English,South Korea,8.2,16037.0,256810648
2537,Movie_2537,12636295.0,Musical,"Joaquin Phoenix, Saoirse Ronan, Charlize Theron",Steven Spielberg,98.0,2021-07-31,Amblin Entertainment,Portuguese,Germany,8.9,8143.0,31005278
2582,Movie_2582,1883788.0,Family,"Charlize Theron, Emma Stone",Jordan Peele,77.0,2016-11-30,NEON,French,Australia,9.1,3884.0,9809838
933,Movie_933,49488871.0,Biography,"Morgan Freeman, Dwayne Johnson, Ana de Armas, Saoirse Ronan",James Cameron,114.0,2012-05-18,Universal Pictures,Italian,USA,8.6,9507.0,145552592
539,Movie_539,61351537.0,Musical,"Margot Robbie, Jane Doe B, Emma Stone",Chloe Zhao,105.0,2008-05-16,Amblin Entertainment,English,UK,6.2,15763.0,137751843
2917,Movie_2917,53545278.0,Western,"Sandra Bullock, Jordan Talent, Margot Robbie",Drew White,125.0,2003-05-20,Warner Bros.,English,USA,7.4,9802.0,145810173
2702,Movie_2702,27800893.0,Fantasy,"Will Smith, Morgan Screen, Sandra Bullock",Taylor Green,140.0,2003-02-07,Walt Disney Pictures,English,Germany,6.7,14387.0,48313876
2826,Movie_2826,28689727.0,Family,"Tom Hanks, John Doe A, Christian Bale, Leonardo DiCaprio",James Cameron,100.0,2009-01-03,Walt Disney Pictures,English,Brazil,7.8,7825.0,68632812
1076,Movie_1076,35198377.0,Drama,"Anya Taylor-Joy, Jake Gyllenhaal, Dwayne Johnson",Damien Chazelle,109.0,2011-10-19,Searchlight Pictures,English,Canada,7.0,11891.0,41651793
946,Movie_946,58575936.0,Animation,"Joaquin Phoenix, Denzel Washington",Wes Anderson,98.0,2007-02-15,Warner Bros.,English,UK,7.2,12866.0,339966154
1092,Movie_1092,225004314.0,Mystery,"Jane Doe B, Oscar Isaac",Quentin Tarantino,136.0,2010-04-16,Village Roadshow,Hindi,Australia,6.8,16035.0,273924481
708,Movie_708,8725575.0,Animation,"Pedro Pascal, Ryan Gosling",John Smith,147.0,2013-12-30,Warner Bros.,Korean,Australia,8.8,,17205245
425,Movie_425,6470914.0,Action,"Tom Hanks, Brie Larson, Jane Doe B",Guy Ritchie,122.0,2003-08-26,Warner Bros.,English,UK,4.5,14301.0,10598425
70,Movie_70,71323227.0,Western,"Dwayne Johnson, Benedict Cumberbatch",Ryan Coogler,98.0,2003-04-20,A24,Korean,Germany,7.8,19472.0,39931156
2099,Movie_2099,70173824.0,Biography,"Casey Celeb, Robert Downey Jr., Idris Elba",Damien Chazelle,118.0,2015-08-22,Metro-Goldwyn-Mayer,English,Italy,9.1,13698.0,261643208
2595,Movie_2595,36583219.0,Thriller,"Cate Blanchett, Gal Gadot, Jake Gyllenhaal",Guy Ritchie,69.0,2004-06-14,Universal Pictures,Hindi,China,7.2,11558.0,63139489
648,Movie_648,22852784.0,Thriller,"Margot Robbie, Saoirse Ronan, Pedro Pascal",Pat Quinn,115.0,2006-12-19,Lionsgate,Korean,Brazil,5.9,10017.0,34695531
1740,Movie_1740,2875014.0,Western,"Margot Robbie, Pedro Pascal, Lupita Nyong'o",Ridley Scott,87.0,2005-06-19,Warner Bros.,Spanish,Australia,7.2,6854.0,4988521
2090,Movie_2090,16973318.0,Horror,"Denzel Washington, Christian Bale",Damien Chazelle,123.0,2007-05-05,Metro-Goldwyn-Mayer,Hindi,India,7.3,8255.0,18670930
1227,Movie_1227,2559611.0,Crime,"Cate Blanchett, Brie Larson, Margot Robbie, Lupita Nyong'o",Bong Joon-ho,119.0,2020-07-13,NEON,English,Brazil,8.1,4793.0,14683148
2609,Movie_2609,6975734.0,Adventure,"Pat Player, Meryl Streep, Taylor Thespian",Sofia Coppola,110.0,2009-12-28,Annapurna Pictures,Portuguese,UK,8.6,7387.0,6247840
1106,Movie_1106,19709615.0,Thriller,"Meryl Streep, Emma Stone, Dwayne Johnson, Jordan Talent",Michael Bay,81.0,2021-02-06,Columbia Pictures,English,France,6.9,8469.0,75895479
1810,Movie_1810,8491111.0,Drama,"Denzel Washington, Joaquin Phoenix",Guy Ritchie,115.0,2003-04-13,Village Roadshow,English,UK,7.7,11940.0,18783767
621,Movie_621,94612544.0,Musical,"Jake Gyllenhaal, Alex Actor, Ana de Armas, Christian Bale",Martin Scorsese,116.0,2008-08-07,Legendary Entertainment,English,Japan,7.1,12421.0,314679617
1238,Movie_1238,12969815.0,Western,"John Doe A, Viola Davis, Joaquin Phoenix, Oscar Isaac",Kathryn Bigelow,112.0,2011-11-01,Blumhouse Productions,Spanish,Brazil,6.2,7888.0,5389910
1240,Movie_1240,16273933.0,Musical,"Riley Role, Morgan Screen",David Fincher,87.0,2016-10-13,Paramount Pictures,English,UK,6.8,6204.0,20737896
1375,Movie_1375,74173988.0,Thriller,"Awkwafina, Tom Holland",Jordan Peele,84.0,2014-07-07,Blumhouse Productions,Korean,USA,7.3,19701.0,91016344
2516,Movie_2516,85250241.0,Drama,"Benedict Cumberbatch, Sandra Bullock, Ana de Armas, Meryl Streep",Michael Bay,134.0,2009-11-21,Searchlight Pictures,English,Japan,8.4,10942.0,240887228
1867,Movie_1867,5843378.0,Musical,"Sandra Bullock, Charlize Theron, Samuel L. Jackson, Chris Evans",Morgan Blake,111.0,2018-07-07,New Line Cinema,English,China,5.1,12097.0,12914442
2116,Movie_2116,2436268.0,Sci-Fi,"Joaquin Phoenix, Leonardo DiCaprio, Pedro Pascal",John Smith,68.0,2000-04-14,Metro-Goldwyn-Mayer,English,Japan,7.9,4841.0,4982737
2610,Movie_2610,4278706.0,Drama,"Anya Taylor-Joy, Idris Elba, Saoirse Ronan, Margot Robbie",Michael Bay,141.0,2014-04-14,Village Roadshow,English,Italy,6.5,8434.0,16745382
2693,Movie_2693,177498620.0,Drama,"Idris Elba, Ana de Armas",Kathryn Bigelow,79.0,2008-01-01,Searchlight Pictures,English,France,6.9,12058.0,305810992
2547,Movie_2547,60591621.0,Documentary,"Sam Star, Jennifer Lawrence, Ryan Gosling, Pedro Pascal",Greta Gerwig,139.0,2024-07-29,Annapurna Pictures,English,Canada,7.3,16161.0,97445904
280,Movie_280,126428051.0,Mystery,"Robert Downey Jr., Pedro Pascal",Zack Snyder,133.0,2025-06-26,Warner Bros.,English,Japan,8.8,11428.0,389382449
1511,Movie_1511,1009039.0,Sci-Fi,"Timothée Chalamet, Samuel L. Jackson, Sandra Bullock",Peter Jackson,132.0,2005-06-23,20th Century Studios,French,China,8.6,5795.0,3840737
1554,Movie_1554,69960929.0,Documentary,"Anya Taylor-Joy, Viola Davis, Sam Star",Denis Villeneuve,108.0,2014-03-26,New Line Cinema,English,Australia,8.4,13260.0,172579036
2231,Movie_2231,236140032.0,Animation,"Gal Gadot, Jennifer Lawrence, Casey Celeb",Alex Rivera,132.0,2013-04-11,A24,English,Canada,5.8,15722.0,271875274
2114,Movie_2114,6040651.0,Drama,"Dwayne Johnson, Charlize Theron",Bong Joon-ho,96.0,2005-03-07,Village Roadshow,English,Italy,8.8,11142.0,22869403
1812,Movie_1812,37068009.0,Action,"Will Smith, Meryl Streep",Peter Jackson,148.0,2001-08-23,Metro-Goldwyn-Mayer,English,South Korea,7.6,10399.0,109465037
554,Movie_554,79520533.0,Comedy,"Jane Doe B, Florence Pugh, Taylor Thespian, Samuel L. Jackson",Zack Snyder,97.0,2003-03-18,Blumhouse Productions,Japanese,China,7.3,12910.0,75176706
835,Movie_835,155158397.0,War,"Natalie Portman, Brad Pitt, Benedict Cumberbatch, John Doe A",Ridley Scott,133.0,2017-06-12,Lionsgate,Spanish,France,8.3,,625164417
2964,Movie_2964,17309339.0,Thriller,"Natalie Portman, Morgan Screen",Barry Jenkins,111.0,2007-01-21,Focus Features,Italian,Brazil,8.4,7229.0,9936875
597,Movie_597,4873096.0,Musical,"Amy Adams, Oscar Isaac, Chris Evans",Sam Mendes,124.0,2012-01-14,NEON,French,USA,6.4,4188.0,5140682
2604,Movie_2604,30495912.0,Western,"Margot Robbie, Samuel L. Jackson, Morgan Freeman, Zendaya",Martin Scorsese,137.0,2000-11-10,A24,English,Germany,10.0,9945.0,140575110
803,Movie_803,206698377.0,Thriller,"Brie Larson, Benedict Cumberbatch, Awkwafina, Jake Gyllenhaal",Jamie Lee,117.0,2021-05-13,Annapurna Pictures,English,France,6.4,11617.0,442127863
2160,Movie_2160,28007353.0,Documentary,"Brad Pitt, Pat Player, Awkwafina, Leonardo DiCaprio",Greta Gerwig,135.0,2001-10-17,Amblin Entertainment,Italian,UK,8.8,12659.0,7542421
1034,Movie_1034,25622334.0,Western,"Natalie Portman, Brie Larson, Idris Elba, John Doe A",Quentin Tarantino,98.0,2011-09-07,Village Roadshow,English,Italy,7.5,11695.0,59247262
1710,Movie_1710,200889155.0,Horror,"Jordan Talent, Casey Celeb",Drew White,93.0,2022-01-27,Focus Features,English,Brazil,7.5,15254.0,247755895
2998,Movie_2998,,Animation,"Oscar Isaac, Robert Downey Jr., Jane Doe B, Leonardo DiCaprio",Taylor Green,160.0,2000-11-25,Focus Features,English,Australia,8.5,12707.0,7431221
441,Movie_441,40712726.0,Romance,"Morgan Freeman, Leonardo DiCaprio, Ryan Gosling",Christopher Nolan,155.0,2023-03-09,20th Century Studios,Spanish,China,7.8,11408.0,99123433
509,Movie_509,265609527.0,War,"Sam Star, Awkwafina, Timothée Chalamet",Barry Jenkins,85.0,2011-03-22,Blumhouse Productions,Hindi,Brazil,7.2,10334.0,370890233
77,Movie_77,66155080.0,Documentary,"Joaquin Phoenix, Florence Pugh, Anya Taylor-Joy",Sofia Coppola,85.0,2006-07-26,Universal Pictures,English,South Korea,8.2,9889.0,47020482
1961,Movie_1961,46368759.0,Mystery,"Sam Star, Taylor Thespian, Scarlett Johansson",Zack Snyder,119.0,2005-01-14,Regency Enterprises,French,South Korea,8.1,6281.0,44857630
650,Movie_650,6263983.0,Romance,"Casey Celeb, Anya Taylor-Joy",Kathryn Bigelow,123.0,2003-11-09,Warner Bros.,English,Italy,7.0,9207.0,5382877
523,Movie_523,91643037.0,Fantasy,"Ryan Gosling, Oscar Isaac, Gal Gadot, Dwayne Johnson",Alex Rivera,89.0,2000-04-14,New Line Cinema,English,Brazil,6.1,15553.0,130520149
2790,Movie_2790,14166580.0,Musical,"Cate Blanchett, Jennifer Lawrence, Awkwafina",Greta Gerwig,83.0,2005-04-24,Paramount Pictures,Japanese,UK,7.7,11365.0,19124600
1081,Movie_1081,137205865.0,Fantasy,"Emma Stone, Ryan Gosling",Taika Waititi,96.0,2012-06-17,Blumhouse Productions,English,India,6.4,7262.0,932333405
2207,Movie_2207,17967950.0,Musical,"Joaquin Phoenix, Benedict Cumberbatch",Denis Villeneuve,84.0,2011-08-18,Warner Bros.,English,France,6.7,8283.0,67960335
655,Movie_655,19963200.0,Western,"Scarlett Johansson, Will Smith, Amy Adams, Benedict Cumberbatch",Casey Brown,103.0,2011-03-28,Metro-Goldwyn-Mayer,English,Brazil,6.0,11529.0,17876020
1422,Movie_1422,41467636.0,Action,"Morgan Freeman, Saoirse Ronan",Zack Snyder,109.0,2006-10-21,Amblin Entertainment,Korean,Italy,7.5,15506.0,168519783
2824,Movie_2824,10242941.0,Romance,"Zendaya, Tom Holland, Amy Adams",John Smith,94.0,2021-01-27,Walt Disney Pictures,Hindi,France,7.8,5610.0,7393312
1237,Movie_1237,32499028.0,Fantasy,"Charlize Theron, Chris Evans",Kathryn Bigelow,158.0,2022-02-05,Blumhouse Productions,Chinese,USA,7.4,11591.0,25012853
1704,Movie_1704,30629865.0,Western,"Alex Actor, Joaquin Phoenix, Natalie Portman, Taylor Thespian",Taika Waititi,108.0,2001-03-03,Legendary Entertainment,Spanish,South Korea,7.7,9943.0,12836394
631,Movie_631,18415428.0,Crime,"Amy Adams, Margot Robbie, Cate Blanchett, Casey Celeb",Denis Villeneuve,117.0,2017-07-08,Universal Pictures,Chinese,China,6.8,9060.0,43558467
1619,Movie_1619,4623303.0,Mystery,"Robert Downey Jr., Chris Evans",Taika Waititi,74.0,2010-12-08,A24,German,Japan,6.9,8616.0,10175965
1558,Movie_1558,184066865.0,Musical,"Lupita Nyong'o, Morgan Freeman, Leonardo DiCaprio, Robert Downey Jr.",Ryan Coogler,134.0,2016-10-30,Focus Features,French,USA,7.8,14382.0,203138432
1011,Movie_1011,36631859.0,Family,"Margot Robbie, Brie Larson, Sandra Bullock",Martin Scorsese,69.0,2007-08-11,DreamWorks,English,South Korea,6.8,12280.0,232232801
483,Movie_483,45493055.0,Sci-Fi,"Sam Star, Pedro Pascal",Taika Waititi,65.0,2001-04-04,Regency Enterprises,Korean,France,8.4,11894.0,35077443
2695,Movie_2695,24289657.0,Crime,"Riley Role, Chris Evans, Dwayne Johnson, Benedict Cumberbatch",Denis Villeneuve,143.0,2025-09-24,Lionsgate,English,Brazil,5.2,17984.0,57033491
1946,Movie_1946,27088047.0,Western,"Pat Player, Jennifer Lawrence, Cate Blanchett, Oscar Isaac",Quentin Tarantino,60.0,2022-08-16,A24,Hindi,UK,8.0,13796.0,10837885
2591,Movie_2591,5292742.0,Documentary,"Leonardo DiCaprio, Morgan Freeman",Steven Spielberg,95.0,2010-02-05,Paramount Pictures,English,Canada,5.0,8795.0,9965762
1129,Movie_1129,9191012.0,Drama,"Jennifer Lawrence, Natalie Portman, Margot Robbie, Charlize Theron",John Smith,99.0,2007-03-27,Village Roadshow,Japanese,Australia,8.3,11343.0,19499380
439,Movie_439,8778511.0,Biography,"Christian Bale, Tom Hanks, Jennifer Lawrence, Cate Blanchett",Bong Joon-ho,98.0,2019-07-17,Walt Disney Pictures,Hindi,India,7.9,11195.0,34521834
1770,Movie_1770,126044700.0,Animation,"Viola Davis, Idris Elba, Florence Pugh, Awkwafina",Bong Joon-ho,109.0,2006-03-20,Walt Disney Pictures,Korean,UK,8.1,11903.0,325630134
1883,Movie_1883,54251304.0,War,"Leonardo DiCaprio, Cate Blanchett, Joaquin Phoenix, Benedict Cumberbatch",Peter Jackson,95.0,2023-09-10,Regency Enterprises,Portuguese,France,7.9,9276.0,45320558
1592,Movie_1592,15709037.0,Animation,"Awkwafina, Timothée Chalamet",Peter Jackson,129.0,2005-12-04,Walt Disney Pictures,English,China,8.2,8057.0,52609506
857,Movie_857,18696530.0,Fantasy,"Ryan Gosling, Tom Hanks",Wes Anderson,77.0,2005-05-04,A24,English,France,8.3,9993.0,43017327
2978,Movie_2978,39512618.0,Drama,"Christian Bale, Cate Blanchett, Charlize Theron",Jordan Peele,122.0,2014-06-10,Legendary Entertainment,Chinese,France,8.1,14368.0,53875299
167,Movie_167,3583425.0,Horror,"Gal Gadot, Ana de Armas, Riley Role",Guy Ritchie,93.0,2011-09-02,Blumhouse Productions,English,Japan,8.1,6050.0,7924980
60,Movie_60,17044018.0,Drama,"Riley Role, Alex Actor",Sam Mendes,140.0,2016-07-03,Regency Enterprises,English,India,7.8,4799.0,22740231
612,Movie_612,7270798.0,Musical,"Brad Pitt, Saoirse Ronan, Denzel Washington",Barry Jenkins,145.0,2012-10-11,Legendary Entertainment,Korean,Brazil,6.4,8392.0,11966437
531,Movie_531,25909660.0,Thriller,"Viola Davis, Christian Bale",David Fincher,112.0,2006-03-13,Searchlight Pictures,English,Japan,8.9,10868.0,155514329
2862,Movie_2862,106972374.0,Comedy,"Viola Davis, Scarlett Johansson, Anya Taylor-Joy",Greta Gerwig,115.0,2020-11-01,Metro-Goldwyn-Mayer,Korean,South Korea,7.1,15303.0,175320399
50,Movie_50,28637662.0,Family,"Timothée Chalamet, Leonardo DiCaprio, Emma Stone",Ridley Scott,111.0,2009-06-18,Blumhouse Productions,Hindi,South Korea,8.1,7537.0,99359588
2989,Movie_2989,92303985.0,Crime,"Scarlett Johansson, Benedict Cumberbatch, Florence Pugh, Margot Robbie",Jane Doe,90.0,2013-01-20,New Line Cinema,Hindi,USA,6.3,14710.0,48377092
1189,Movie_1189,208206967.0,Fantasy,"Benedict Cumberbatch, Gal Gadot, Sandra Bullock, Jake Gyllenhaal",Peter Jackson,116.0,2016-02-07,NEON,Japanese,South Korea,8.0,17622.0,500895666
859,Movie_859,49164063.0,War,"Viola Davis, Anya Taylor-Joy, Cate Blanchett, Morgan Screen",Ridley Scott,105.0,2023-12-19,NEON,English,France,7.7,14372.0,195267678
1743,Movie_1743,77590020.0,Biography,"Jennifer Lawrence, Oscar Isaac, Sandra Bullock",Tim Burton,131.0,2004-05-31,Lionsgate,Portuguese,Germany,9.0,15668.0,60714365
49,Movie_49,111369983.0,Sci-Fi,"Cate Blanchett, Zendaya, Will Smith, Viola Davis",Casey Brown,97.0,2005-01-03,Annapurna Pictures,French,China,7.2,16382.0,235169040
720,Movie_720,26363649.0,War,"Margot Robbie, Florence Pugh",Patty Jenkins,133.0,2014-02-28,Universal Pictures,English,Japan,5.6,17822.0,80599825
2431,Movie_2431,3161071.0,Family,"Jane Doe B, Morgan Screen, Brad Pitt, Cate Blanchett",Drew White,118.0,2006-01-09,20th Century Studios,English,Germany,9.1,6972.0,3324080
1321,Movie_1321,33397567.0,Documentary,"Idris Elba, Natalie Portman, Emma Stone, Dwayne Johnson",Pat Quinn,121.0,2025-06-28,Universal Pictures,Japanese,France,4.2,10911.0,15730181
2271,Movie_2271,16366780.0,Biography,"Awkwafina, Alex Actor, Morgan Freeman, Anya Taylor-Joy",Patty Jenkins,136.0,2011-03-02,Annapurna Pictures,English,Japan,6.0,8302.0,29982424
2017,Movie_2017,10987327.0,Biography,"Morgan Freeman, Cate Blanchett, Awkwafina, Joaquin Phoenix",Tim Burton,60.0,2022-01-31,Annapurna Pictures,Chinese,Australia,7.2,10578.0,12626853
633,Movie_633,6224657.0,Documentary,"Meryl Streep, Dwayne Johnson, Timothée Chalamet",Denis Villeneuve,119.0,2021-09-30,Annapurna Pictures,English,Brazil,6.0,10046.0,10068392
1339,Movie_1339,85730670.0,Western,"Margot Robbie, Morgan Screen",Tim Burton,118.0,2013-05-25,Blumhouse Productions,English,Germany,6.4,9398.0,56456036
2317,Movie_2317,73815896.0,War,"Joaquin Phoenix, Chris Evans, Sam Star, Anya Taylor-Joy",Pat Quinn,137.0,2025-02-23,NEON,English,South Korea,6.5,10381.0,92755897
1054,Movie_1054,54821191.0,Drama,"Taylor Thespian, Morgan Freeman",Ridley Scott,119.0,2015-02-25,NEON,Spanish,China,5.5,8798.0,72341730
2135,Movie_2135,21761010.0,Romance,"Will Smith, Sam Star, Saoirse Ronan, Jane Doe B",Bong Joon-ho,111.0,2002-01-11,NEON,English,India,7.7,10832.0,33712060
26,Movie_26,48018616.0,Sci-Fi,"Will Smith, Leonardo DiCaprio",Wes Anderson,125.0,2017-01-27,New Line Cinema,English,Italy,6.5,7496.0,314277938
1861,Movie_1861,69826457.0,Western,"Joaquin Phoenix, Viola Davis, Sandra Bullock",Jamie Lee,76.0,2012-04-02,Columbia Pictures,Italian,Canada,6.9,11141.0,34281704
220,Movie_220,,Horror,"Oscar Isaac, Pat Player, Pedro Pascal, Scarlett Johansson",Guillermo del Toro,121.0,2003-01-12,Village Roadshow,English,Canada,7.1,12095.0,32795277
1573,Movie_1573,17861419.0,Mystery,"Chris Evans, Scarlett Johansson, Will Smith",Christopher Nolan,125.0,2023-04-23,DreamWorks,English,Italy,5.7,13400.0,81584662
277,Movie_277,13490150.0,Action,"Jane Doe B, Tom Holland",Denis Villeneuve,82.0,2009-04-28,Lionsgate,English,UK,6.5,5669.0,20236130
2765,Movie_2765,56230434.0,War,"Viola Davis, Sam Star, Tom Holland",Jordan Peele,99.0,2023-12-05,Searchlight Pictures,Italian,Brazil,8.5,8843.0,114035174
1289,Movie_1289,,Comedy,"Chris Evans, Denzel Washington, Alex Actor",Tim Burton,125.0,2018-03-04,Village Roadshow,Hindi,Japan,6.3,5773.0,4186014
1279,Movie_1279,153326575.0,Horror,"Alex Actor, Idris Elba",Guy Ritchie,64.0,2018-02-11,New Line Cinema,English,Brazil,5.3,15046.0,270330261
1966,Movie_1966,14640525.0,Musical,"John Doe A, Sam Star",James Cameron,118.0,2009-01-12,Village Roadshow,German,USA,7.2,8626.0,11551994
1048,Movie_1048,139239850.0,Sci-Fi,"Brad Pitt, Tom Holland, Brie Larson",Patty Jenkins,133.0,2000-07-22,Searchlight Pictures,Spanish,Brazil,8.7,9847.0,415556904
2164,Movie_2164,12367970.0,Horror,"Oscar Isaac, Brie Larson, Emma Stone",Guillermo del Toro,121.0,2002-10-18,A24,Japanese,Brazil,6.7,12016.0,16566120
362,Movie_362,3009002.0,Action,"Brad Pitt, Casey Celeb, Florence Pugh, Cate Blanchett",Patty Jenkins,117.0,2006-08-09,NEON,French,India,5.1,8066.0,2715636
1243,Movie_1243,17766335.0,Thriller,"Will Smith, Amy Adams, John Doe A, Natalie Portman",Peter Jackson,122.0,2019-01-22,New Line Cinema,English,Italy,7.7,10831.0,129408274
1594,Movie_1594,10171543.0,Adventure,"Natalie Portman, Ana de Armas, Sandra Bullock",Wes Anderson,143.0,2017-04-05,Paramount Pictures,Portuguese,China,7.3,8797.0,10985242
1724,Movie_1724,2700294.0,Action,"Robert Downey Jr., Viola Davis",Steven Spielberg,140.0,2020-12-04,Walt Disney Pictures,English,China,8.5,7367.0,23472471
2359,Movie_2359,15802951.0,Family,"Jane Doe B, Oscar Isaac",Quentin Tarantino,117.0,2024-11-20,Legendary Entertainment,Italian,Germany,8.9,6423.0,9775407
2443,Movie_2443,8796380.0,Horror,"Alex Actor, Brie Larson",Alex Rivera,62.0,2000-09-28,Columbia Pictures,English,Germany,8.2,12457.0,11393057
1890,Movie_1890,4594173.0,Drama,"Sam Star, Pedro Pascal",Casey Brown,66.0,2025-01-12,Focus Features,English,Japan,8.4,6726.0,3120797
2482,Movie_2482,48100870.0,Action,"Taylor Thespian, Cate Blanchett",Chris Park,118.0,2004-08-05,Focus Features,English,France,6.0,12867.0,147380686
2081,Movie_2081,79502777.0,Animation,"Taylor Thespian, Benedict Cumberbatch, Jordan Talent",Guillermo del Toro,66.0,2020-01-30,New Line Cinema,English,Germany,4.1,6598.0,101024754
1363,Movie_1363,147257462.0,Thriller,"Pedro Pascal, Natalie Portman, Meryl Streep, Casey Celeb",Sam Mendes,100.0,2018-09-14,Paramount Pictures,English,India,7.2,12503.0,377747862
2658,Movie_2658,14202336.0,Documentary,"Lupita Nyong'o, Sam Star, Tom Holland, Morgan Freeman",Jordan Peele,149.0,2020-01-29,Lionsgate,German,Brazil,7.4,13137.0,22170084
1526,Movie_1526,5180875.0,War,"Cate Blanchett, Saoirse Ronan",Guy Ritchie,125.0,2013-01-13,Universal Pictures,English,Australia,8.4,12724.0,13736830
298,Movie_298,27152691.0,Musical,"Gal Gadot, Joaquin Phoenix, Anya Taylor-Joy",Christopher Nolan,134.0,2024-07-15,Regency Enterprises,Portuguese,Brazil,10.0,13252.0,60570734
1229,Movie_1229,7974541.0,Biography,"Tom Hanks, Benedict Cumberbatch, Morgan Freeman",Kathryn Bigelow,96.0,2024-02-21,DreamWorks,Spanish,India,8.0,6401.0,14635956
938,Movie_938,15401416.0,Documentary,"John Doe A, Tom Hanks, Zendaya",Patty Jenkins,102.0,2019-03-21,Warner Bros.,Italian,Japan,5.3,9498.0,5836187
241,Movie_241,86026825.0,Documentary,"Viola Davis, Margot Robbie",Drew White,117.0,2020-01-19,Walt Disney Pictures,English,India,6.2,17436.0,65564155
1235,Movie_1235,15716772.0,Sci-Fi,"Morgan Freeman, Zendaya",Steven Spielberg,74.0,2008-02-11,Paramount Pictures,English,Australia,7.3,8441.0,147337078
959,Movie_959,400000000.0,Comedy,"Will Smith, Jordan Talent, Oscar Isaac",Christopher Nolan,60.0,2004-12-16,Warner Bros.,Japanese,USA,6.0,18167.0,526995353
583,Movie_583,14708768.0,Crime,"Lupita Nyong'o, Robert Downey Jr., Christian Bale",Jane Doe,131.0,2002-07-14,Columbia Pictures,Spanish,Japan,5.3,12381.0,10736060
1698,Movie_1698,8144043.0,Adventure,"Casey Celeb, Alex Actor, Timothée Chalamet",Peter Jackson,147.0,2005-12-16,20th Century Studios,English,UK,8.0,11259.0,35655589
1443,Movie_1443,91685858.0,Western,"Christian Bale, Cate Blanchett, Florence Pugh",Greta Gerwig,93.0,2002-04-19,Universal Pictures,Spanish,South Korea,9.2,8348.0,413404951
2680,Movie_2680,233842126.0,Biography,"Denzel Washington, Tom Holland, Anya Taylor-Joy",Taylor Green,125.0,2023-04-18,Lionsgate,Italian,USA,6.4,14348.0,128792125
1432,Movie_1432,33194459.0,Western,"Saoirse Ronan, Sandra Bullock, Anya Taylor-Joy",Ridley Scott,92.0,2000-11-22,Blumhouse Productions,English,Canada,7.6,,112998934
2887,Movie_2887,35845401.0,Fantasy,"Will Smith, Brad Pitt",Chris Park,117.0,2008-11-24,Legendary Entertainment,English,China,6.6,9300.0,123477417
351,Movie_351,75709927.0,Mystery,"Zendaya, Margot Robbie, Oscar Isaac",Christopher Nolan,106.0,2022-01-16,Metro-Goldwyn-Mayer,Hindi,USA,8.3,18460.0,137558844
2612,Movie_2612,12694707.0,Sci-Fi,"Samuel L. Jackson, Pedro Pascal, Morgan Freeman, Christian Bale",Patty Jenkins,130.0,2010-03-16,Village Roadshow,English,Germany,8.0,6924.0,44384687
1264,Movie_1264,18302536.0,Horror,"Natalie Portman, Cate Blanchett",Jamie Lee,97.0,2019-11-15,NEON,Hindi,Brazil,8.8,8632.0,17878864
350,Movie_350,42256979.0,Adventure,"Cate Blanchett, Casey Celeb, Anya Taylor-Joy",Damien Chazelle,92.0,2000-01-30,Walt Disney Pictures,English,Germany,7.4,13490.0,149582399
1103,Movie_1103,26345025.0,Documentary,"Samuel L. Jackson, Sandra Bullock",Patty Jenkins,101.0,2013-11-15,Focus Features,Korean,USA,6.5,9376.0,36092282
1284,Movie_1284,31772487.0,Romance,"Pedro Pascal, Margot Robbie, Sam Star",Ridley Scott,105.0,2023-09-18,Paramount Pictures,French,Germany,9.6,9034.0,69648875
644,Movie_644,15712684.0,Documentary,"Leonardo DiCaprio, Margot Robbie",Jane Doe,120.0,2002-06-05,Legendary Entertainment,English,China,5.5,15665.0,22311664
1090,Movie_1090,52165734.0,Family,"Saoirse Ronan, Will Smith, Morgan Screen",Wes Anderson,134.0,2001-11-03,Warner Bros.,English,USA,8.8,9861.0,463512349
945,Movie_945,400000000.0,War,"Samuel L. Jackson, Awkwafina, Brie Larson, Ryan Gosling",Ryan Coogler,121.0,2017-03-08,Paramount Pictures,French,Brazil,5.9,13352.0,482312769
1191,Movie_1191,5180649.0,Documentary,"Jane Doe B, Lupita Nyong'o, Robert Downey Jr.",Kathryn Bigelow,114.0,2023-05-26,DreamWorks,Italian,China,7.6,5178.0,3670423
658,Movie_658,16171771.0,War,"Morgan Screen, Alex Actor",Peter Jackson,124.0,2009-07-29,Lionsgate,Korean,India,7.4,12186.0,7891417
1972,Movie_1972,20127685.0,Western,"Riley Role, Chris Evans",Chloe Zhao,101.0,2016-07-03,Searchlight Pictures,German,France,8.5,9960.0,65459138
1212,Movie_1212,23355495.0,Fantasy,"Leonardo DiCaprio, Ryan Gosling, Scarlett Johansson, Morgan Screen",Ryan Coogler,138.0,2024-03-06,Lionsgate,English,Italy,6.6,5444.0,81902958
1863,Movie_1863,35928484.0,Mystery,"Ryan Gosling, Benedict Cumberbatch, Taylor Thespian, Tom Hanks",Christopher Nolan,110.0,2023-02-27,Columbia Pictures,English,USA,7.8,10758.0,170497210
1072,Movie_1072,17206692.0,Musical,"Brie Larson, Timothée Chalamet, Margot Robbie, Cate Blanchett",Wes Anderson,127.0,2001-12-01,Warner Bros.,Italian,China,8.7,7919.0,48198328
1753,Movie_1753,15548196.0,Romance,"Jake Gyllenhaal, Natalie Portman, Scarlett Johansson",Chloe Zhao,109.0,2013-11-09,20th Century Studios,Hindi,India,8.9,9770.0,64338761
1988,Movie_1988,12615761.0,Romance,"Scarlett Johansson, Sam Star",Tim Burton,67.0,2000-07-31,DreamWorks,English,Germany,10.0,11366.0,38396957
2400,Movie_2400,91219195.0,Thriller,"Morgan Screen, Tom Holland",Chris Park,136.0,2017-08-27,Amblin Entertainment,English,UK,6.6,15695.0,152836175
1436,Movie_1436,20719493.0,Animation,"Alex Actor, Awkwafina, Scarlett Johansson, Denzel Washington",Peter Jackson,78.0,2018-10-19,Universal Pictures,Italian,Brazil,9.3,15411.0,67042354
1583,Movie_1583,10837133.0,Sci-Fi,"Brie Larson, Gal Gadot, Sam Star, Charlize Theron",Ridley Scott,99.0,2018-08-04,20th Century Studios,Japanese,South Korea,10.0,,10380332
787,Movie_787,5216549.0,Family,"Meryl Streep, Taylor Thespian, Robert Downey Jr., Viola Davis",Tim Burton,110.0,2025-02-05,Paramount Pictures,English,India,9.8,,9763056
2723,Movie_2723,1774391.0,War,"Will Smith, Saoirse Ronan, Timothée Chalamet, Meryl Streep",Quentin Tarantino,133.0,2011-05-20,DreamWorks,Spanish,Germany,7.3,50.0,2917517
141,Movie_141,4442517.0,Animation,"Benedict Cumberbatch, Lupita Nyong'o, Anya Taylor-Joy",Jordan Peele,130.0,2003-01-03,Lionsgate,Chinese,France,7.2,8550.0,17296422
789,Movie_789,400000000.0,Romance,"Joaquin Phoenix, Oscar Isaac",Ridley Scott,117.0,2000-08-30,Metro-Goldwyn-Mayer,English,UK,9.4,11895.0,907478977
1711,Movie_1711,12556367.0,Musical,"Dwayne Johnson, Natalie Portman, Brad Pitt",Quentin Tarantino,135.0,2002-03-11,Warner Bros.,English,Canada,8.9,6289.0,28694461
2762,Movie_2762,524793.0,Horror,"Robert Downey Jr., Awkwafina, Ana de Armas, Jennifer Lawrence",Jamie Lee,89.0,2010-03-03,Regency Enterprises,English,UK,6.4,5241.0,308397
715,Movie_715,12221544.0,Drama,"Chris Evans, Natalie Portman, Brad Pitt, John Doe A",Tim Burton,60.0,2024-01-10,Walt Disney Pictures,English,Canada,8.1,9907.0,48129820
1519,Movie_1519,40741995.0,Fantasy,"Sam Star, Scarlett Johansson",Ava DuVernay,60.0,2010-11-10,20th Century Studios,Korean,France,7.7,16140.0,64547135
2965,Movie_2965,19725267.0,Crime,"Jennifer Lawrence, Casey Celeb, Morgan Screen",Peter Jackson,106.0,2023-04-08,Focus Features,Korean,France,7.7,3990.0,57033030
2846,Movie_2846,35367232.0,Drama,"Ryan Gosling, Emma Stone, Charlize Theron, Viola Davis",Martin Scorsese,128.0,2011-02-18,Warner Bros.,German,China,8.6,12370.0,53464353
1114,Movie_1114,29403115.0,Crime,"Jake Gyllenhaal, Jennifer Lawrence",Taika Waititi,109.0,2019-10-27,New Line Cinema,French,UK,7.1,12704.0,39372158
619,Movie_619,131754928.0,Fantasy,"John Doe A, Brie Larson",Alex Rivera,96.0,2024-05-05,DreamWorks,Spanish,India,6.2,8957.0,45528231
407,Movie_407,4769935.0,Fantasy,"Sandra Bullock, Charlize Theron",Damien Chazelle,91.0,2023-01-18,Universal Pictures,Portuguese,Italy,7.7,7980.0,2119594
1201,Movie_1201,40346940.0,Horror,"Chris Evans, Awkwafina",Pat Quinn,104.0,2000-10-24,Village Roadshow,English,Germany,6.9,8361.0,28465464
1358,Movie_1358,62339304.0,Mystery,"Pedro Pascal, Taylor Thespian",Morgan Blake,111.0,2006-08-21,New Line Cinema,English,Brazil,8.2,11372.0,65799364
1887,Movie_1887,35492658.0,Drama,"Joaquin Phoenix, Jordan Talent",Denis Villeneuve,96.0,2005-08-10,Metro-Goldwyn-Mayer,Chinese,UK,6.8,9457.0,29603932
1656,Movie_1656,16512631.0,Sci-Fi,"Casey Celeb, Brie Larson, Robert Downey Jr., Sandra Bullock",Chris Park,87.0,2007-05-27,Lionsgate,English,South Korea,7.3,8603.0,47712676
2864,Movie_2864,271656058.0,War,"Brie Larson, Will Smith, Sandra Bullock",Casey Brown,115.0,2012-09-29,New Line Cinema,English,France,6.3,15502.0,769764248
498,Movie_498,157902787.0,Horror,"Ryan Gosling, Emma Stone, Jennifer Lawrence, Sandra Bullock",Ridley Scott,99.0,2004-08-04,Columbia Pictures,Chinese,Italy,6.3,7499.0,195275718
343,Movie_343,16600398.0,Drama,"Riley Role, Tom Holland",David Fincher,141.0,2023-05-03,Metro-Goldwyn-Mayer,Italian,South Korea,9.0,4843.0,19805284
2526,Movie_2526,6287634.0,Crime,"Amy Adams, Idris Elba, Benedict Cumberbatch, Casey Celeb",Zack Snyder,93.0,2009-03-05,Columbia Pictures,French,Italy,7.8,7165.0,13132087
2291,Movie_2291,20682819.0,Sci-Fi,"Pedro Pascal, Will Smith, Awkwafina, Natalie Portman",Steven Spielberg,87.0,2004-01-01,Warner Bros.,English,Brazil,8.2,6817.0,132821151
783,Movie_783,43320076.0,Sci-Fi,"Natalie Portman, Benedict Cumberbatch, Joaquin Phoenix",Taylor Green,103.0,2018-03-18,Universal Pictures,English,South Korea,6.5,13710.0,138905094
1508,Movie_1508,8672447.0,Biography,"Oscar Isaac, Riley Role",Quentin Tarantino,95.0,2011-11-19,Searchlight Pictures,English,USA,8.1,3969.0,13229897
304,Movie_304,42419973.0,Adventure,"Tom Hanks, Zendaya, Awkwafina",Martin Scorsese,95.0,2008-05-13,Village Roadshow,English,France,5.8,10942.0,149842643
2645,Movie_2645,4336667.0,Biography,"Chris Evans, Viola Davis, John Doe A",Chris Park,133.0,2002-12-26,Columbia Pictures,French,Japan,7.4,6540.0,3260704
665,Movie_665,97405605.0,Crime,"Sandra Bullock, Benedict Cumberbatch, Tom Holland",Alex Rivera,115.0,2004-03-24,Warner Bros.,Japanese,France,7.5,10622.0,138093718
1678,Movie_1678,45975910.0,Western,"Scarlett Johansson, Amy Adams, John Doe A, Idris Elba",Casey Brown,73.0,2025-06-19,Metro-Goldwyn-Mayer,English,Italy,7.2,12455.0,197490236
1722,Movie_1722,15316084.0,Action,"Viola Davis, Christian Bale, Brie Larson",Taika Waititi,65.0,2011-06-23,Regency Enterprises,English,UK,5.8,8931.0,63950011
1475,Movie_1475,7960157.0,Fantasy,"John Doe A, Tom Hanks, Meryl Streep, Denzel Washington",Barry Jenkins,82.0,2012-08-29,Paramount Pictures,English,Germany,6.3,6917.0,9717914
1506,Movie_1506,57346983.0,Sci-Fi,"Casey Celeb, Amy Adams",Sam Mendes,97.0,2018-03-28,New Line Cinema,English,Brazil,8.2,10629.0,178713358
85,Movie_85,51981175.0,Musical,"Idris Elba, Tom Hanks",Guy Ritchie,136.0,2021-01-27,Searchlight Pictures,Portuguese,Canada,5.6,13170.0,29169335
2237,Movie_2237,173757320.0,Drama,"Will Smith, Saoirse Ronan, Brad Pitt, Margot Robbie",Morgan Blake,105.0,2010-07-05,Warner Bros.,Spanish,Germany,6.5,14769.0,163332163
942,Movie_942,5136622.0,Action,"Ryan Gosling, Jane Doe B, Awkwafina, John Doe A",Drew White,95.0,2023-05-20,New Line Cinema,Hindi,Australia,7.6,10155.0,3473688
962,Movie_962,8976458.0,Fantasy,"Robert Downey Jr., Natalie Portman, Christian Bale, Jane Doe B",Martin Scorsese,60.0,2015-09-19,New Line Cinema,English,Canada,9.3,6829.0,63324328
842,Movie_842,26781116.0,Fantasy,"Joaquin Phoenix, Lupita Nyong'o",Drew White,124.0,2017-01-22,Universal Pictures,English,UK,4.3,10689.0,59007958
2397,Movie_2397,400000000.0,Documentary,"Casey Celeb, Sandra Bullock",Kathryn Bigelow,150.0,2012-01-08,Columbia Pictures,English,Australia,7.0,14275.0,751061879
2403,Movie_2403,75464655.0,Biography,"Amy Adams, Gal Gadot, Jane Doe B",Ava DuVernay,137.0,2020-07-26,Walt Disney Pictures,English,France,7.6,13485.0,443253677
2437,Movie_2437,9565323.0,Musical,"Ana de Armas, Jordan Talent, Riley Role",Damien Chazelle,161.0,2023-11-07,Focus Features,Hindi,Italy,7.8,7159.0,5246947
1986,Movie_1986,,Romance,"John Doe A, Sam Star, Saoirse Ronan",Taylor Green,127.0,2002-12-29,Annapurna Pictures,English,South Korea,7.3,6380.0,79855676
291,Movie_291,25953669.0,Mystery,"Charlize Theron, Jane Doe B",Pat Quinn,105.0,2004-07-05,Legendary Entertainment,English,Japan,7.6,1944.0,15877538
1845,Movie_1845,180094528.0,Family,"Sam Star, Natalie Portman, Jane Doe B, Robert Downey Jr.",Sofia Coppola,97.0,2002-12-29,Legendary Entertainment,English,Canada,6.4,12747.0,400080575
1152,Movie_1152,4923871.0,Sci-Fi,"Taylor Thespian, Morgan Screen",Denis Villeneuve,124.0,2007-02-27,Annapurna Pictures,Chinese,Canada,7.9,7605.0,3356244
605,Movie_605,29830822.0,Documentary,"Robert Downey Jr., Zendaya, Idris Elba, Florence Pugh",Guillermo del Toro,92.0,2003-09-12,A24,English,Canada,7.9,9269.0,11345789
2065,Movie_2065,6280897.0,Family,"Brie Larson, Cate Blanchett, Meryl Streep, Denzel Washington",Steven Spielberg,97.0,2007-04-16,NEON,Japanese,Japan,7.8,2418.0,19325188
917,Movie_917,92798223.0,Comedy,"Jennifer Lawrence, Chris Evans, Casey Celeb",John Smith,71.0,2023-06-14,Searchlight Pictures,Spanish,China,,12738.0,131019908
1452,Movie_1452,22980417.0,Mystery,"Samuel L. Jackson, Ryan Gosling, Anya Taylor-Joy, Morgan Screen",Casey Brown,137.0,2002-06-26,Searchlight Pictures,Italian,India,7.0,10269.0,11833714
1685,Movie_1685,1339255.0,Family,"Brie Larson, Samuel L. Jackson, Joaquin Phoenix",Zack Snyder,119.0,2012-03-09,DreamWorks,English,South Korea,6.7,5881.0,2410077
2122,Movie_2122,4217855.0,Biography,"Oscar Isaac, Samuel L. Jackson",Denis Villeneuve,157.0,2013-09-07,DreamWorks,English,India,6.4,12303.0,15967494
2310,Movie_2310,9863039.0,Comedy,"Pedro Pascal, Charlize Theron, Chris Evans",David Fincher,124.0,2003-03-31,Amblin Entertainment,Spanish,India,7.3,11102.0,20294409
822,Movie_822,20956170.0,Horror,"Emma Stone, Christian Bale",Jordan Peele,134.0,2015-07-15,Focus Features,French,Germany,7.1,16018.0,55522036
2495,Movie_2495,13276035.0,Family,"Casey Celeb, Denzel Washington",Taika Waititi,106.0,2018-11-22,Legendary Entertainment,Italian,UK,6.7,10698.0,20482831
1001,Movie_1001,27727669.0,Fantasy,"Alex Actor, Amy Adams",David Fincher,90.0,2022-04-03,Legendary Entertainment,English,Canada,9.6,2150.0,138154799
2907,Movie_2907,16353197.0,Horror,"Morgan Screen, Sandra Bullock, Charlize Theron, Taylor Thespian",Martin Scorsese,114.0,2017-01-20,DreamWorks,Hindi,USA,9.5,8061.0,21108782
19,Movie_19,78834971.0,War,"Natalie Portman, Cate Blanchett, Emma Stone",Christopher Nolan,95.0,2019-01-21,Columbia Pictures,French,France,6.7,11595.0,326002080
1831,Movie_1831,184542703.0,Western,"Oscar Isaac, Florence Pugh, Tom Hanks",Chris Park,95.0,2006-01-26,Legendary Entertainment,French,South Korea,6.7,,69382694
1252,Movie_1252,31872893.0,Crime,"Benedict Cumberbatch, Denzel Washington, Brad Pitt, Anya Taylor-Joy",Patty Jenkins,88.0,2007-02-01,Metro-Goldwyn-Mayer,Spanish,Japan,7.8,8956.0,71332365
1691,Movie_1691,58222257.0,Comedy,"Alex Actor, Morgan Screen, Pat Player",Christopher Nolan,94.0,2023-07-15,Legendary Entertainment,Portuguese,China,8.2,11058.0,127570336
2197,Movie_2197,57268613.0,Western,"Jordan Talent, Idris Elba, Viola Davis",Alex Rivera,114.0,2002-08-23,Regency Enterprises,English,Canada,6.7,7452.0,64406577
1587,Movie_1587,5633502.0,Documentary,"Taylor Thespian, Chris Evans",Chris Park,142.0,2004-10-19,Walt Disney Pictures,Portuguese,Australia,5.4,7896.0,2591079
1913,Movie_1913,9230670.0,Adventure,"Zendaya, Sam Star, Amy Adams",Ava DuVernay,114.0,2020-07-18,20th Century Studios,English,South Korea,5.7,8010.0,32310377
2148,Movie_2148,22525136.0,Drama,"Viola Davis, Leonardo DiCaprio, John Doe A, Cate Blanchett",Barry Jenkins,86.0,2024-12-27,20th Century Studios,English,Japan,6.4,13121.0,52541926
2035,Movie_2035,96196278.0,Biography,"Morgan Freeman, Emma Stone, Benedict Cumberbatch, Denzel Washington",Bong Joon-ho,117.0,2011-04-07,Metro-Goldwyn-Mayer,English,Germany,7.1,12775.0,220796343
1403,Movie_1403,63683911.0,Horror,"Emma Stone, Morgan Screen, Scarlett Johansson",Bong Joon-ho,94.0,2007-10-23,Amblin Entertainment,English,USA,6.8,16498.0,218444472
1958,Movie_1958,25576989.0,Romance,"Emma Stone, Cate Blanchett",Jordan Peele,91.0,2012-03-14,NEON,Spanish,China,7.4,10677.0,48452880
361,Movie_361,1981314.0,Family,"Taylor Thespian, Christian Bale",Patty Jenkins,110.0,2006-04-24,Focus Features,French,India,8.8,50.0,7964728
2585,Movie_2585,17415757.0,Documentary,"Margot Robbie, Jane Doe B, Chris Evans",Jordan Peele,107.0,2005-09-08,Regency Enterprises,English,USA,8.7,9765.0,19755978
2883,Movie_2883,24187387.0,Horror,"Zendaya, Natalie Portman",Chloe Zhao,121.0,2003-02-05,Legendary Entertainment,Spanish,Germany,7.9,12811.0,65837060
2084,Movie_2084,38148377.0,Biography,"Jane Doe B, Casey Celeb, Natalie Portman, John Doe A",Barry Jenkins,158.0,2005-04-03,Blumhouse Productions,English,UK,7.2,14217.0,26421270
2638,Movie_2638,9892746.0,Documentary,"Oscar Isaac, Jake Gyllenhaal, Samuel L. Jackson, Florence Pugh",Quentin Tarantino,105.0,2018-10-13,Universal Pictures,Italian,India,5.9,14093.0,6816494
1707,Movie_1707,27664261.0,Sci-Fi,"Leonardo DiCaprio, Lupita Nyong'o",Denis Villeneuve,172.0,2014-09-03,Amblin Entertainment,English,USA,5.8,12024.0,199967282
345,Movie_345,132940858.0,Drama,"Amy Adams, Oscar Isaac, Cate Blanchett, Casey Celeb",Morgan Blake,72.0,2023-10-27,Searchlight Pictures,German,India,6.6,17279.0,149411491
987,Movie_987,10594279.0,Documentary,"Anya Taylor-Joy, Sam Star",Taylor Green,121.0,2022-05-23,Amblin Entertainment,English,France,8.1,11676.0,11332916
2421,Movie_2421,37147091.0,Thriller,"Anya Taylor-Joy, Idris Elba, Pedro Pascal",Casey Brown,118.0,2001-05-25,20th Century Studios,Japanese,UK,5.1,,31414994
1766,Movie_1766,112364973.0,Crime,"Jennifer Lawrence, Ryan Gosling, Jake Gyllenhaal",Taika Waititi,94.0,2003-07-10,DreamWorks,Portuguese,China,,12349.0,114068778
1365,Movie_1365,68636737.0,Crime,"Morgan Screen, Amy Adams",Alex Rivera,124.0,2011-05-16,Lionsgate,English,Canada,7.8,13068.0,124096185
1953,Movie_1953,54493298.0,Family,"Margot Robbie, Morgan Freeman, Tom Holland",Chris Park,143.0,2007-07-19,NEON,English,Germany,7.5,8680.0,192100820
1124,Movie_1124,150496582.0,Mystery,"Margot Robbie, Anya Taylor-Joy, Morgan Screen",Quentin Tarantino,111.0,2014-02-09,Columbia Pictures,English,Japan,9.0,8575.0,534014478
1627,Movie_1627,21961891.0,Musical,"Morgan Freeman, Sam Star",Chris Park,124.0,2019-05-24,Universal Pictures,Spanish,Canada,7.2,11461.0,26432123
86,Movie_86,46377709.0,War,"Chris Evans, Viola Davis, Taylor Thespian",Alex Rivera,136.0,2018-06-29,Focus Features,Portuguese,China,7.0,11207.0,51638398
2087,Movie_2087,15468164.0,Adventure,"Awkwafina, Scarlett Johansson, Taylor Thespian",Michael Bay,114.0,2001-08-30,Warner Bros.,English,Australia,6.8,11935.0,51186545
669,Movie_669,143285670.0,Family,"Casey Celeb, Chris Evans",Sofia Coppola,149.0,2023-09-21,Focus Features,English,Australia,7.3,13436.0,205991379
1015,Movie_1015,3325658.0,Romance,"Ana de Armas, Morgan Freeman, Brad Pitt",Zack Snyder,95.0,2009-12-02,Searchlight Pictures,German,USA,5.2,8422.0,2493548
129,Movie_129,42940673.0,War,"Sam Star, Will Smith, Jane Doe B, Casey Celeb",Taika Waititi,108.0,2021-04-17,A24,English,USA,8.4,8796.0,127703883
1928,Movie_1928,5628624.0,Horror,"Pedro Pascal, Chris Evans",Peter Jackson,117.0,2008-02-09,Warner Bros.,English,France,5.7,11193.0,24386693
1730,Movie_1730,44937193.0,Animation,"Leonardo DiCaprio, Amy Adams",Chloe Zhao,139.0,2008-07-25,Legendary Entertainment,English,Australia,7.7,6744.0,174378551
892,Movie_892,50951229.0,War,"Idris Elba, Amy Adams, Dwayne Johnson, Awkwafina",Zack Snyder,92.0,2007-06-04,Searchlight Pictures,Italian,Japan,6.8,11420.0,53666809
1874,Movie_1874,64344244.0,Sci-Fi,"Scarlett Johansson, Awkwafina, Margot Robbie, Tom Hanks",Drew White,129.0,2017-11-25,Columbia Pictures,Korean,China,6.0,7087.0,23481882
308,Movie_308,141724677.0,Adventure,"Brie Larson, Jordan Talent, Jane Doe B, Jennifer Lawrence",Zack Snyder,100.0,2010-10-16,20th Century Studios,Japanese,South Korea,8.1,8501.0,308827465
384,Movie_384,31648620.0,Action,"Idris Elba, Will Smith",Guy Ritchie,137.0,2010-02-26,Amblin Entertainment,Hindi,Germany,7.2,8641.0,85930554
2280,Movie_2280,1681110.0,Musical,"Amy Adams, Leonardo DiCaprio, Emma Stone, Anya Taylor-Joy",Zack Snyder,85.0,2006-08-31,Amblin Entertainment,French,Germany,7.0,11480.0,1200755
2497,Movie_2497,31512891.0,Romance,"Gal Gadot, Amy Adams, Riley Role, Natalie Portman",Drew White,145.0,2006-12-05,Annapurna Pictures,Italian,Australia,8.1,11933.0,68058972
427,Movie_427,13887219.0,Sci-Fi,"Riley Role, Ryan Gosling",Chris Park,93.0,2005-12-15,New Line Cinema,Hindi,France,,8244.0,23284989
495,Movie_495,13034510.0,Horror,"Jake Gyllenhaal, Gal Gadot, Leonardo DiCaprio",Greta Gerwig,133.0,2017-08-29,Blumhouse Productions,English,France,7.1,11442.0,41724136
1617,Movie_1617,127109258.0,Sci-Fi,"Chris Evans, Benedict Cumberbatch, Tom Holland, Sam Star",James Cameron,131.0,2007-09-02,A24,German,USA,7.5,22901.0,174735776
2458,Movie_2458,75201024.0,Mystery,"Ryan Gosling, Riley Role, Jane Doe B, Leonardo DiCaprio",Quentin Tarantino,145.0,2012-01-08,Annapurna Pictures,English,India,8.1,17088.0,328418796
2422,Movie_2422,14295400.0,War,"Robert Downey Jr., Samuel L. Jackson",Chris Park,77.0,2017-11-23,Columbia Pictures,Italian,Italy,5.9,11426.0,8419038
1560,Movie_1560,35463768.0,Sci-Fi,"Saoirse Ronan, Idris Elba, Samuel L. Jackson, Ryan Gosling",Tim Burton,113.0,2019-07-25,Focus Features,English,Germany,8.5,13955.0,267433469
1789,Movie_1789,16825186.0,Documentary,"Margot Robbie, Sandra Bullock",Bong Joon-ho,91.0,2018-01-28,Village Roadshow,Chinese,France,7.3,7104.0,24775689
276,Movie_276,17555730.0,Fantasy,"Dwayne Johnson, Benedict Cumberbatch, Oscar Isaac",John Smith,107.0,2002-06-10,DreamWorks,English,USA,7.0,9183.0,19112528
490,Movie_490,84343507.0,Romance,"Riley Role, Brad Pitt, Taylor Thespian, Dwayne Johnson",Pat Quinn,125.0,2021-03-17,A24,Italian,Japan,6.7,10591.0,24758187
2108,Movie_2108,5274322.0,War,"Margot Robbie, Pat Player, Ana de Armas, Morgan Freeman",Jordan Peele,101.0,2024-08-31,A24,Korean,South Korea,8.2,10561.0,17237273
691,Movie_691,36528186.0,Drama,"Morgan Freeman, Brad Pitt",Sofia Coppola,110.0,2020-07-15,DreamWorks,Spanish,India,5.2,13801.0,44742693
1357,Movie_1357,57051262.0,Documentary,"Casey Celeb, Sandra Bullock, Alex Actor, Denzel Washington",Barry Jenkins,128.0,2010-05-27,Blumhouse Productions,Italian,France,6.5,6546.0,37775346
1188,Movie_1188,5191115.0,Documentary,"Scarlett Johansson, Dwayne Johnson, Idris Elba, Will Smith",Wes Anderson,119.0,2020-05-30,Village Roadshow,English,Italy,7.0,5621.0,5557191
2663,Movie_2663,2416530.0,Thriller,"Tom Holland, Samuel L. Jackson, Ana de Armas",David Fincher,82.0,2014-06-23,20th Century Studios,English,Japan,8.7,5034.0,11447110
2229,Movie_2229,28572513.0,Comedy,"Ana de Armas, Lupita Nyong'o, Emma Stone",Taylor Green,76.0,2003-02-19,Lionsgate,English,Brazil,5.7,12772.0,124202369
2103,Movie_2103,12570781.0,Romance,"Robert Downey Jr., Sam Star, Brie Larson, Anya Taylor-Joy",Wes Anderson,139.0,2002-04-30,20th Century Studios,English,Germany,8.7,6831.0,25672195
1059,Movie_1059,26762257.0,Animation,"Robert Downey Jr., Zendaya, Casey Celeb, John Doe A",Christopher Nolan,135.0,2019-10-30,Searchlight Pictures,Spanish,USA,8.1,14011.0,142713689
119,Movie_119,5883400.0,Crime,"Denzel Washington, Ana de Armas",Jordan Peele,155.0,2003-03-10,Universal Pictures,English,Australia,8.2,5644.0,28062439
1025,Movie_1025,20075603.0,Western,"Florence Pugh, Leonardo DiCaprio",Taika Waititi,93.0,2000-01-28,Regency Enterprises,Spanish,China,5.5,13041.0,6503512
1377,Movie_1377,37682969.0,War,"Brie Larson, Ana de Armas, Joaquin Phoenix, Tom Hanks",Jane Doe,81.0,2020-12-23,Walt Disney Pictures,Italian,Japan,6.4,9252.0,14861569
282,Movie_282,40701300.0,Musical,"Natalie Portman, Cate Blanchett, Jordan Talent, Taylor Thespian",Kathryn Bigelow,97.0,2001-01-16,Focus Features,English,Brazil,3.9,8361.0,36606330
1544,Movie_1544,113366339.0,Romance,"Tom Hanks, Ryan Gosling, Benedict Cumberbatch, Emma Stone",Jane Doe,124.0,2018-09-15,Blumhouse Productions,Korean,Australia,6.9,7790.0,80938208
2360,Movie_2360,98319969.0,Thriller,"Zendaya, Scarlett Johansson",Ava DuVernay,89.0,2009-10-03,Village Roadshow,Japanese,Germany,8.7,12816.0,216944990
2045,Movie_2045,112358287.0,Horror,"Amy Adams, Dwayne Johnson",Ridley Scott,88.0,2017-08-27,Walt Disney Pictures,English,Canada,6.0,12856.0,189855026
2971,Movie_2971,8889171.0,Family,"Jennifer Lawrence, Gal Gadot, Lupita Nyong'o, Riley Role",Greta Gerwig,138.0,2024-10-16,Paramount Pictures,Italian,India,6.5,8141.0,18104416
1223,Movie_1223,42526626.0,Horror,"Taylor Thespian, Tom Holland, Oscar Isaac, Margot Robbie",Chris Park,116.0,2014-08-02,DreamWorks,Italian,Australia,6.0,7495.0,13450908
2013,Movie_2013,9305190.0,Biography,"Christian Bale, Margot Robbie, Brie Larson, Cate Blanchett",Kathryn Bigelow,125.0,2009-09-15,Blumhouse Productions,Italian,South Korea,8.8,13294.0,10681640
2355,Movie_2355,125406182.0,Thriller,"Jane Doe B, Awkwafina, Amy Adams",Denis Villeneuve,134.0,2022-12-10,Walt Disney Pictures,English,India,7.4,6147.0,564000070
305,Movie_305,35799637.0,Crime,"Ryan Gosling, Florence Pugh",Ava DuVernay,60.0,2007-07-10,Legendary Entertainment,French,Japan,6.3,17405.0,55984739
1899,Movie_1899,10182396.0,Biography,"Samuel L. Jackson, Brie Larson, Idris Elba",Michael Bay,141.0,2024-07-09,Blumhouse Productions,Spanish,Germany,7.0,9334.0,14635877
1809,Movie_1809,16695705.0,Musical,"Charlize Theron, Pedro Pascal",Drew White,130.0,2022-02-13,Warner Bros.,Korean,India,6.9,3771.0,4642300
1559,Movie_1559,88902147.0,Action,"Dwayne Johnson, Sam Star, Timothée Chalamet",Ridley Scott,153.0,2008-05-04,Warner Bros.,English,USA,7.8,11315.0,219041145
2263,Movie_2263,,War,"Charlize Theron, Riley Role, Scarlett Johansson",Tim Burton,84.0,2013-06-19,Walt Disney Pictures,English,USA,8.0,7121.0,7430091
1411,Movie_1411,76551345.0,Western,"Zendaya, Pedro Pascal",James Cameron,96.0,2019-03-20,A24,English,Japan,8.2,10951.0,54664369
576,Movie_576,33806209.0,Documentary,"Dwayne Johnson, Lupita Nyong'o, Morgan Screen",Guy Ritchie,115.0,2025-04-17,Focus Features,English,Germany,7.3,6724.0,39350779
1926,Movie_1926,30307510.0,Documentary,"Will Smith, Denzel Washington, Emma Stone",Ava DuVernay,,2005-03-19,Warner Bros.,French,Japan,6.2,11745.0,22967386
2600,Movie_2600,866963.0,Family,"Brie Larson, Zendaya, Amy Adams",Martin Scorsese,101.0,2003-02-10,New Line Cinema,Portuguese,China,7.2,2736.0,3015515
2652,Movie_2652,30549661.0,Romance,"Alex Actor, Morgan Screen, John Doe A, Meryl Streep",Kathryn Bigelow,105.0,2008-08-24,New Line Cinema,English,South Korea,5.2,8690.0,71708206
2336,Movie_2336,16322320.0,Horror,"Brie Larson, Denzel Washington, Tom Hanks",Chloe Zhao,141.0,2025-08-30,Metro-Goldwyn-Mayer,Portuguese,South Korea,8.1,7888.0,20396508
2715,Movie_2715,47107979.0,Mystery,"Amy Adams, Anya Taylor-Joy, Benedict Cumberbatch",Martin Scorsese,128.0,2017-02-03,Blumhouse Productions,English,USA,8.7,16195.0,103536807
844,Movie_844,37953536.0,Adventure,"Denzel Washington, Jennifer Lawrence",Patty Jenkins,60.0,2003-09-13,Metro-Goldwyn-Mayer,English,UK,7.4,12410.0,271936021
2734,Movie_2734,8979691.0,Mystery,"Denzel Washington, Morgan Screen, Florence Pugh",Sofia Coppola,141.0,2022-06-30,Amblin Entertainment,Chinese,France,7.6,9691.0,19034511
270,Movie_270,16499978.0,Western,"Natalie Portman, Jennifer Lawrence",Ava DuVernay,60.0,2004-08-08,Legendary Entertainment,Hindi,Australia,,9064.0,62185336
630,Movie_630,4751793.0,Western,"Denzel Washington, Tom Hanks",Pat Quinn,85.0,2024-06-15,Regency Enterprises,English,India,6.0,10916.0,14366305
1034,Movie_1034,25622334.0,Western,"Natalie Portman, Brie Larson, Idris Elba, John Doe A",Quentin Tarantino,98.0,2011-09-07,Village Roadshow,English,Italy,7.5,11695.0,59188074
287,Movie_287,41483214.0,Romance,"Samuel L. Jackson, Emma Stone, Florence Pugh, Casey Celeb",Patty Jenkins,104.0,2018-06-07,A24,Hindi,Australia,6.9,9100.0,25484053
2235,Movie_2235,8945792.0,Mystery,"Scarlett Johansson, Pedro Pascal, Tom Holland",Tim Burton,79.0,2022-11-22,Columbia Pictures,Japanese,Australia,6.3,5760.0,9454867
301,Movie_301,5488357.0,Documentary,"Charlize Theron, Robert Downey Jr., Pedro Pascal",Sofia Coppola,73.0,2000-07-08,DreamWorks,English,France,5.6,11538.0,3863428
1777,Movie_1777,34080789.0,Sci-Fi,"Natalie Portman, Chris Evans",Bong Joon-ho,145.0,2017-11-08,Amblin Entertainment,English,Canada,6.3,11088.0,109976188
2072,Movie_2072,7499061.0,Crime,"Emma Stone, Robert Downey Jr., Margot Robbie, Pedro Pascal",Chloe Zhao,101.0,2025-09-03,Blumhouse Productions,Portuguese,Japan,8.9,6582.0,8831166
66,Movie_66,67761548.0,Romance,"Morgan Screen, Meryl Streep, Chris Evans",Peter Jackson,119.0,2000-03-27,Regency Enterprises,German,Germany,7.6,12571.0,126433507
2244,Movie_2244,12600848.0,Family,"Morgan Screen, Joaquin Phoenix",Denis Villeneuve,132.0,2013-11-27,Universal Pictures,Italian,Italy,7.7,10108.0,11707638
891,Movie_891,18221452.0,Romance,"Morgan Freeman, Awkwafina",Bong Joon-ho,141.0,2024-05-22,Searchlight Pictures,French,China,7.5,4728.0,37675521
1538,Movie_1538,22758391.0,Mystery,"Morgan Freeman, Natalie Portman, Saoirse Ronan, Robert Downey Jr.",Patty Jenkins,110.0,2013-06-23,Regency Enterprises,Chinese,India,7.3,8593.0,22511159
1821,Movie_1821,305090833.0,Biography,"Gal Gadot, Tom Hanks",Ava DuVernay,98.0,2018-11-04,Legendary Entertainment,Korean,Germany,7.3,10860.0,723758345
1784,Movie_1784,16626313.0,Adventure,"Riley Role, Robert Downey Jr.",Pat Quinn,60.0,2008-11-19,20th Century Studios,English,Japan,6.7,12790.0,34978225
2640,Movie_2640,32831366.0,Horror,"Leonardo DiCaprio, Dwayne Johnson",Guy Ritchie,151.0,2001-07-15,Paramount Pictures,Spanish,Germany,7.2,10259.0,30386835
231,Movie_231,25519911.0,Mystery,"Tom Hanks, Benedict Cumberbatch, Morgan Screen",Pat Quinn,111.0,2025-02-14,Warner Bros.,Korean,South Korea,6.2,13087.0,4951375
504,Movie_504,294922852.0,War,"Oscar Isaac, Ryan Gosling, Sandra Bullock, Jordan Talent",Zack Snyder,91.0,2009-01-28,Legendary Entertainment,English,UK,5.6,15409.0,242257223
1726,Movie_1726,22446660.0,Family,"Tom Holland, Meryl Streep",Guillermo del Toro,99.0,2010-07-07,Legendary Entertainment,English,Canada,7.7,8591.0,83984283
1396,Movie_1396,228151716.0,Romance,"Christian Bale, Margot Robbie, Tom Hanks",Pat Quinn,123.0,2021-01-06,Legendary Entertainment,English,UK,6.4,15400.0,436481849
2553,Movie_2553,87762984.0,Sci-Fi,"Denzel Washington, Emma Stone, Gal Gadot, Margot Robbie",John Smith,144.0,2003-05-18,Focus Features,Japanese,Brazil,8.2,11445.0,227693379
1271,Movie_1271,27682204.0,Crime,"Brie Larson, Benedict Cumberbatch, Timothée Chalamet",Martin Scorsese,60.0,2003-05-04,Warner Bros.,English,Germany,8.4,7000.0,66064677
1005,Movie_1005,8055185.0,Documentary,"Alex Actor, Jordan Talent, Tom Holland",Ryan Coogler,126.0,2006-09-18,20th Century Studios,English,China,7.1,12542.0,8160392
837,Movie_837,23658910.0,Action,"Ryan Gosling, Margot Robbie, Saoirse Ronan, Leonardo DiCaprio",Chris Park,99.0,2025-10-30,20th Century Studios,Hindi,China,,10331.0,49960068
1591,Movie_1591,11668635.0,Crime,"Natalie Portman, Meryl Streep, Viola Davis, Denzel Washington",Christopher Nolan,133.0,2023-05-19,Amblin Entertainment,English,France,7.9,5038.0,79028652
375,Movie_375,400000000.0,Western,"Christian Bale, Benedict Cumberbatch",Patty Jenkins,108.0,2017-08-19,Columbia Pictures,Korean,South Korea,6.4,18298.0,633499122
1578,Movie_1578,86851394.0,Family,"Zendaya, Cate Blanchett, Idris Elba",Jane Doe,111.0,2008-11-03,Village Roadshow,Portuguese,China,7.2,15389.0,64884573
2222,Movie_2222,12163120.0,Biography,"Sam Star, Tom Hanks, Robert Downey Jr., Chris Evans",Jordan Peele,105.0,2014-10-05,Warner Bros.,Italian,Canada,8.6,8381.0,23831919
1841,Movie_1841,37731952.0,Biography,"Anya Taylor-Joy, Natalie Portman, Jennifer Lawrence, Casey Celeb",Barry Jenkins,60.0,2021-01-10,Universal Pictures,English,Italy,7.0,11207.0,39701609
2088,Movie_2088,5813256.0,Mystery,"Anya Taylor-Joy, Florence Pugh, Jordan Talent, Scarlett Johansson",Wes Anderson,94.0,2003-12-17,DreamWorks,Korean,UK,6.4,8449.0,11117872
2264,Movie_2264,110100271.0,Fantasy,"Brie Larson, Idris Elba",Chris Park,122.0,2015-07-19,Searchlight Pictures,English,Canada,6.4,11847.0,329575152
752,Movie_752,7313956.0,Musical,"Morgan Screen, John Doe A, Christian Bale, Benedict Cumberbatch",Peter Jackson,100.0,2013-11-01,Focus Features,Spanish,India,8.6,4292.0,12353709
100,Movie_100,39993594.0,Documentary,"Gal Gadot, Will Smith, Sam Star",Michael Bay,90.0,2011-05-14,NEON,English,France,6.3,13521.0,100602168
1776,Movie_1776,90430394.0,Animation,"Jennifer Lawrence, Joaquin Phoenix",Taylor Green,127.0,2015-07-26,Regency Enterprises,English,Brazil,6.8,14619.0,168938576
867,Movie_867,56262812.0,Adventure,"Benedict Cumberbatch, Sam Star, Viola Davis, Will Smith",John Smith,60.0,2009-09-11,DreamWorks,English,France,7.9,11640.0,108360328
911,Movie_911,15961620.0,Adventure,"Jane Doe B, Florence Pugh",Jamie Lee,144.0,2008-04-27,A24,English,UK,7.5,9221.0,25168920
2462,Movie_2462,8365357.0,Documentary,"Robert Downey Jr., Taylor Thespian",Chris Park,150.0,2006-05-03,New Line Cinema,Korean,USA,6.6,6556.0,4650902
530,Movie_530,40400976.0,Sci-Fi,"Oscar Isaac, Morgan Freeman, Alex Actor",Wes Anderson,65.0,2022-07-24,20th Century Studios,Hindi,UK,7.4,12227.0,49047986
637,Movie_637,148016086.0,Musical,"Benedict Cumberbatch, Samuel L. Jackson, Zendaya, Gal Gadot",Chris Park,113.0,2006-10-10,DreamWorks,English,Canada,7.3,12837.0,219668766
186,Movie_186,89976411.0,Comedy,"Oscar Isaac, Awkwafina, Benedict Cumberbatch, Dwayne Johnson",Kathryn Bigelow,142.0,2002-01-27,Lionsgate,English,Germany,6.3,11334.0,211792411
1231,Movie_1231,26583270.0,Family,"Sam Star, Morgan Freeman, Taylor Thespian, Oscar Isaac",Ryan Coogler,62.0,2024-06-23,A24,Chinese,India,7.2,14196.0,61845599
2196,Movie_2196,3502912.0,Drama,"John Doe A, Jake Gyllenhaal, Meryl Streep",Ridley Scott,123.0,2016-10-17,DreamWorks,English,South Korea,8.8,8525.0,6870394
932,Movie_932,13387607.0,War,"Emma Stone, Sam Star",Greta Gerwig,83.0,2021-03-19,Legendary Entertainment,English,Germany,7.6,14032.0,29193736
1427,Movie_1427,20165297.0,Fantasy,"Joaquin Phoenix, Pedro Pascal, Tom Holland",Chris Park,60.0,2021-02-21,Focus Features,English,Germany,7.3,7813.0,20127401
2320,Movie_2320,27294264.0,Musical,"Joaquin Phoenix, Brad Pitt, Tom Hanks",Wes Anderson,111.0,2001-07-03,Universal Pictures,English,South Korea,6.8,17213.0,76372594
1910,Movie_1910,77786254.0,Romance,"Will Smith, Ryan Gosling, Jane Doe B, Emma Stone",Barry Jenkins,126.0,2022-12-11,Regency Enterprises,Chinese,China,5.9,11488.0,86226541
2426,Movie_2426,66241621.0,Family,"Awkwafina, Charlize Theron, Margot Robbie, Lupita Nyong'o",Patty Jenkins,110.0,2014-04-07,Amblin Entertainment,English,China,9.4,8533.0,168499787
2092,Movie_2092,14667284.0,Fantasy,"Margot Robbie, Gal Gadot",Bong Joon-ho,67.0,2018-06-24,Walt Disney Pictures,Japanese,China,8.2,9639.0,63243872
608,Movie_608,1202412.0,Biography,"Charlize Theron, Joaquin Phoenix, Will Smith, Anya Taylor-Joy",Taika Waititi,131.0,2023-01-13,Regency Enterprises,French,Japan,7.3,5765.0,500189
2607,Movie_2607,25933701.0,Action,"Viola Davis, Anya Taylor-Joy",Christopher Nolan,82.0,2019-01-24,Metro-Goldwyn-Mayer,Italian,China,8.1,5228.0,37881598
152,Movie_152,12771870.0,Family,"Joaquin Phoenix, Emma Stone, Samuel L. Jackson",Sam Mendes,117.0,2010-08-24,Focus Features,Spanish,South Korea,7.7,12335.0,9401080
1327,Movie_1327,169304497.0,Romance,"Awkwafina, Will Smith",Chloe Zhao,106.0,2014-12-02,Annapurna Pictures,French,South Korea,7.5,7546.0,337210013
2331,Movie_2331,19113321.0,Comedy,"Margot Robbie, Sam Star, Jennifer Lawrence, Pat Player",Taylor Green,120.0,2009-08-19,Legendary Entertainment,English,Japan,7.4,11799.0,18472511
732,Movie_732,21988355.0,Action,"Robert Downey Jr., Morgan Freeman, Natalie Portman",Christopher Nolan,118.0,2014-06-07,DreamWorks,English,Italy,7.5,,109616574
1601,Movie_1601,74650192.0,Crime,"Ryan Gosling, Will Smith, Idris Elba",Damien Chazelle,131.0,2021-07-14,Lionsgate,Korean,UK,7.6,10930.0,123633953
2531,Movie_2531,69496628.0,Romance,"Morgan Screen, Margot Robbie, Brad Pitt, Riley Role",Sam Mendes,136.0,2004-03-27,Amblin Entertainment,English,France,7.9,8057.0,153562766
2758,Movie_2758,173356534.0,Drama,"Joaquin Phoenix, Timothée Chalamet, Amy Adams, Margot Robbie",Damien Chazelle,89.0,2010-01-18,Focus Features,English,USA,8.3,12778.0,442226114
24,Movie_24,2100554.0,Romance,"Margot Robbie, Alex Actor, Morgan Screen",Kathryn Bigelow,106.0,2009-12-12,Blumhouse Productions,English,South Korea,6.0,8764.0,3090769
1714,Movie_1714,45826881.0,Crime,"Dwayne Johnson, Natalie Portman, Pedro Pascal, Joaquin Phoenix",Christopher Nolan,110.0,2017-03-01,Paramount Pictures,Italian,Germany,9.6,14577.0,146989663
159,Movie_159,65947600.0,Musical,"Amy Adams, Dwayne Johnson",Drew White,101.0,2016-02-02,Metro-Goldwyn-Mayer,English,Brazil,6.4,12698.0,190061086
862,Movie_862,7765001.0,Fantasy,"Tom Hanks, Anya Taylor-Joy",Patty Jenkins,,2013-01-07,Focus Features,English,Japan,8.4,2217.0,14653580
903,Movie_903,14224170.0,Drama,"Timothée Chalamet, Jordan Talent",Steven Spielberg,,2008-08-05,Metro-Goldwyn-Mayer,Japanese,India,7.3,9445.0,9725217
1477,Movie_1477,18235834.0,Family,"Lupita Nyong'o, Jane Doe B",David Fincher,69.0,2021-11-23,A24,English,USA,5.5,11035.0,55324292
2719,Movie_2719,106385731.0,Crime,"Taylor Thespian, Morgan Freeman",Sofia Coppola,78.0,2012-07-19,Walt Disney Pictures,English,France,7.0,8045.0,123222359
445,Movie_445,,Family,"Ryan Gosling, Amy Adams, Timothée Chalamet, Will Smith",Tim Burton,125.0,2006-02-26,Paramount Pictures,Korean,USA,7.4,,28840944
2968,Movie_2968,2572004.0,Sci-Fi,"Dwayne Johnson, Ryan Gosling",Ava DuVernay,132.0,2019-11-10,Lionsgate,Japanese,Canada,7.4,6731.0,5145460
755,Movie_755,5325916.0,Western,"John Doe A, Gal Gadot",James Cameron,103.0,2024-10-09,Metro-Goldwyn-Mayer,English,USA,6.7,13643.0,20253772
924,Movie_924,9467795.0,Fantasy,"Amy Adams, Ana de Armas, Pat Player",Michael Bay,60.0,2004-07-02,Village Roadshow,English,India,7.2,6407.0,22751585
2275,Movie_2275,8797236.0,Thriller,"Denzel Washington, Natalie Portman, Timothée Chalamet, Ryan Gosling",Christopher Nolan,103.0,2019-05-12,NEON,Italian,Japan,9.5,11696.0,52958878
2243,Movie_2243,133364939.0,Crime,"Gal Gadot, John Doe A, Timothée Chalamet, Jordan Talent",Denis Villeneuve,122.0,2020-01-05,Searchlight Pictures,English,China,7.7,12427.0,324668188
312,Movie_312,23133993.0,Sci-Fi,"John Doe A, Taylor Thespian, Jake Gyllenhaal, Samuel L. Jackson",Ridley Scott,143.0,2018-03-16,Walt Disney Pictures,English,Brazil,8.8,7273.0,38236901
549,Movie_549,26116212.0,Horror,"Charlize Theron, Ana de Armas, Casey Celeb",Bong Joon-ho,156.0,2014-04-30,Paramount Pictures,English,Australia,7.7,7622.0,61819103
2003,Movie_2003,5891015.0,Sci-Fi,"Jennifer Lawrence, Benedict Cumberbatch, Morgan Screen, Timothée Chalamet",Damien Chazelle,128.0,2000-12-18,Blumhouse Productions,English,India,4.9,8394.0,17032612
1503,Movie_1503,15363800.0,Family,"Cate Blanchett, Brie Larson, John Doe A, Samuel L. Jackson",Ava DuVernay,81.0,2020-03-08,Annapurna Pictures,English,Canada,7.5,9647.0,53025691
307,Movie_307,2990800.0,Musical,"Robert Downey Jr., Amy Adams, Saoirse Ronan",Quentin Tarantino,118.0,2004-11-15,Warner Bros.,English,Canada,7.5,6803.0,14512545
288,Movie_288,20683421.0,Drama,"Morgan Screen, Sandra Bullock, Christian Bale",Greta Gerwig,88.0,2013-11-28,Legendary Entertainment,English,South Korea,7.0,12941.0,49479364
695,Movie_695,187836341.0,Horror,"Dwayne Johnson, Florence Pugh, Alex Actor, Zendaya",Guillermo del Toro,103.0,2025-04-06,Amblin Entertainment,Chinese,Australia,7.5,19014.0,157284667
309,Movie_309,6313000.0,Western,"Emma Stone, Charlize Theron",Michael Bay,130.0,2024-12-15,Columbia Pictures,Portuguese,Japan,7.0,9596.0,11580468
2345,Movie_2345,5381470.0,Horror,"Robert Downey Jr., John Doe A, Jennifer Lawrence, Meryl Streep",Zack Snyder,161.0,2018-12-08,Legendary Entertainment,Hindi,Japan,6.5,12777.0,9941313
750,Movie_750,13303297.0,Adventure,"Benedict Cumberbatch, Emma Stone, Pedro Pascal",Damien Chazelle,136.0,2010-01-23,Universal Pictures,English,Brazil,7.0,10281.0,25788614
1481,Movie_1481,7576769.0,Drama,"Anya Taylor-Joy, Will Smith, John Doe A, Tom Hanks",Guy Ritchie,85.0,2012-02-28,Universal Pictures,English,UK,9.0,5581.0,9150604
2848,Movie_2848,10840949.0,Family,"Robert Downey Jr., Samuel L. Jackson, Ana de Armas",Steven Spielberg,110.0,2002-11-27,Warner Bros.,French,UK,6.6,11612.0,15283138
909,Movie_909,17121145.0,Animation,"Jordan Talent, Joaquin Phoenix, Meryl Streep, Anya Taylor-Joy",Ridley Scott,66.0,2017-10-20,Village Roadshow,Italian,China,8.0,12092.0,10043160
2999,Movie_2999,19379312.0,Comedy,"Alex Actor, Awkwafina",Ava DuVernay,97.0,2022-05-19,NEON,Italian,China,7.6,15607.0,21493464
2405,Movie_2405,7444480.0,Sci-Fi,"Dwayne Johnson, Emma Stone, Sandra Bullock, Awkwafina",Patty Jenkins,93.0,2017-11-03,Village Roadshow,Spanish,Canada,8.1,10745.0,24613727
2839,Movie_2839,47655038.0,Romance,"Pat Player, Pedro Pascal",Sam Mendes,69.0,2012-11-18,Annapurna Pictures,English,China,6.3,15519.0,110207505
2779,Movie_2779,11647540.0,Musical,"Lupita Nyong'o, Pedro Pascal",Sam Mendes,78.0,2018-06-07,Metro-Goldwyn-Mayer,Portuguese,Australia,8.3,9698.0,9090967
971,Movie_971,3970798.0,Sci-Fi,"Zendaya, Casey Celeb",Ridley Scott,143.0,2012-11-18,Regency Enterprises,English,China,7.0,5525.0,22333361
14,Movie_14,14735168.0,War,"Joaquin Phoenix, Pat Player, Brad Pitt, Anya Taylor-Joy",Jane Doe,108.0,2005-02-08,Warner Bros.,English,Japan,8.5,12871.0,9229225
874,Movie_874,103821023.0,Documentary,"Anya Taylor-Joy, Zendaya, Robert Downey Jr.",Bong Joon-ho,123.0,2015-12-07,20th Century Studios,English,Japan,7.8,6665.0,262403927
809,Movie_809,27960288.0,Musical,"Cate Blanchett, Taylor Thespian",Chloe Zhao,115.0,2017-12-04,Amblin Entertainment,English,Brazil,8.7,9712.0,311720464
2606,Movie_2606,6572455.0,Biography,"Awkwafina, Viola Davis, Tom Holland, Pat Player",Chris Park,109.0,2017-08-18,Walt Disney Pictures,English,Germany,6.7,11506.0,5767754
515,Movie_515,3436554.0,Horror,"Idris Elba, Oscar Isaac, Meryl Streep, Ryan Gosling",Ridley Scott,60.0,2021-05-17,NEON,English,Brazil,7.2,7596.0,12294098
2439,Movie_2439,32182468.0,Action,"Benedict Cumberbatch, Morgan Screen, Christian Bale, Jennifer Lawrence",James Cameron,118.0,2021-07-06,Lionsgate,Spanish,Italy,8.4,10801.0,56661253
410,Movie_410,48723421.0,Biography,"Charlize Theron, Benedict Cumberbatch, Scarlett Johansson, Alex Actor",Kathryn Bigelow,109.0,2025-09-12,Paramount Pictures,English,Italy,6.4,,58595756
2855,Movie_2855,2005299.0,Horror,"Morgan Freeman, Ana de Armas, Florence Pugh",Greta Gerwig,129.0,2002-02-21,Walt Disney Pictures,English,Japan,9.2,9097.0,10785648
2284,Movie_2284,,Biography,"Gal Gadot, Lupita Nyong'o, Ryan Gosling, Oscar Isaac",Peter Jackson,134.0,2016-10-13,Blumhouse Productions,English,UK,8.6,7819.0,48798901
1352,Movie_1352,20839808.0,Horror,"Lupita Nyong'o, Morgan Screen",Tim Burton,79.0,2023-02-13,Searchlight Pictures,Korean,Japan,6.6,10469.0,12401837
1269,Movie_1269,52245956.0,Family,"John Doe A, Jordan Talent, Ana de Armas",Chloe Zhao,99.0,2024-11-24,Village Roadshow,Chinese,Australia,7.7,13200.0,49740879
1834,Movie_1834,46439845.0,Animation,"Ana de Armas, Cate Blanchett",Barry Jenkins,94.0,2004-12-21,DreamWorks,English,UK,6.5,7139.0,265601616
2177,Movie_2177,10653286.0,Mystery,"Emma Stone, Jennifer Lawrence, Idris Elba",Damien Chazelle,132.0,2021-07-20,Regency Enterprises,English,Brazil,8.3,10859.0,45715857
383,Movie_383,92262669.0,War,"Jane Doe B, Sandra Bullock",Chloe Zhao,117.0,2011-02-27,Warner Bros.,English,India,7.8,13370.0,220623470
1622,Movie_1622,7198599.0,Western,"Morgan Freeman, Will Smith",Greta Gerwig,126.0,2001-01-30,20th Century Studios,Italian,South Korea,8.1,8504.0,9866870
2211,Movie_2211,25044542.0,Fantasy,"Natalie Portman, Awkwafina, Jane Doe B, Timothée Chalamet",Christopher Nolan,108.0,2014-03-27,Columbia Pictures,Chinese,Brazil,8.6,11313.0,41121791
1371,Movie_1371,102557325.0,Crime,"Christian Bale, Will Smith, Meryl Streep",Bong Joon-ho,64.0,2000-06-15,Village Roadshow,English,USA,8.0,13972.0,731864797
1400,Movie_1400,34944295.0,Sci-Fi,"Margot Robbie, Joaquin Phoenix, Jake Gyllenhaal",Ava DuVernay,107.0,2017-09-14,Regency Enterprises,English,China,6.8,13347.0,194980050
553,Movie_553,21452986.0,Western,"Alex Actor, Joaquin Phoenix",Pat Quinn,76.0,2012-02-01,A24,English,Italy,5.8,10880.0,24309963
223,Movie_223,8680734.0,Animation,"Samuel L. Jackson, Benedict Cumberbatch, Taylor Thespian, Amy Adams",Jordan Peele,119.0,2023-04-08,Amblin Entertainment,Korean,India,7.9,14743.0,16575158
1097,Movie_1097,922121.0,Mystery,"Zendaya, Dwayne Johnson",Guillermo del Toro,123.0,2004-11-20,Village Roadshow,Hindi,Canada,7.3,3384.0,542812
2871,Movie_2871,634548.0,Biography,"Jake Gyllenhaal, Leonardo DiCaprio, John Doe A, Amy Adams",Jamie Lee,94.0,2011-10-23,Columbia Pictures,English,Australia,5.9,50.0,1518767
9,Movie_9,3091721.0,Western,"Alex Actor, Chris Evans, Timothée Chalamet, Pat Player",Ava DuVernay,143.0,2010-09-30,Warner Bros.,Japanese,UK,7.9,11113.0,931426
2463,Movie_2463,2120904.0,Horror,"Gal Gadot, Timothée Chalamet, Charlize Theron",Sofia Coppola,108.0,2005-09-04,Amblin Entertainment,English,Japan,6.1,4938.0,3642619
317,Movie_317,10697951.0,Horror,"John Doe A, Will Smith, Jordan Talent",Denis Villeneuve,132.0,2010-11-27,A24,English,UK,8.6,10608.0,38951198
428,Movie_428,3090064.0,Comedy,"Anya Taylor-Joy, Brie Larson, Emma Stone",Jamie Lee,113.0,2018-05-26,Annapurna Pictures,English,France,5.4,13513.0,2410498
1378,Movie_1378,15712934.0,Western,"Gal Gadot, Amy Adams, John Doe A, Jordan Talent",Denis Villeneuve,151.0,2007-11-05,Metro-Goldwyn-Mayer,German,Japan,5.0,14903.0,21722253
106,Movie_106,18516709.0,Fantasy,"Leonardo DiCaprio, Lupita Nyong'o",Patty Jenkins,126.0,2012-05-13,20th Century Studios,Korean,USA,6.3,10063.0,29121898
2270,Movie_2270,9761114.0,Sci-Fi,"Brad Pitt, Leonardo DiCaprio, Chris Evans, Cate Blanchett",Damien Chazelle,95.0,2004-06-13,20th Century Studios,Chinese,Italy,6.3,7555.0,20529897
143,Movie_143,1042380.0,Sci-Fi,"Taylor Thespian, Morgan Freeman, Tom Hanks, Tom Holland",Jamie Lee,77.0,2014-01-09,Searchlight Pictures,Japanese,USA,7.8,5539.0,1046465
122,Movie_122,21920756.0,Documentary,"Chris Evans, Amy Adams, Lupita Nyong'o, Ana de Armas",Michael Bay,117.0,2003-11-17,Blumhouse Productions,Korean,USA,6.4,7467.0,16737045
2758,Movie_2758,173356534.0,Drama,"Joaquin Phoenix, Timothée Chalamet, Amy Adams, Margot Robbie",Damien Chazelle,89.0,2010-01-18,Focus Features,English,USA,8.3,12778.0,442668340
2895,Movie_2895,258378340.0,Family,"Benedict Cumberbatch, Zendaya, Awkwafina",Bong Joon-ho,129.0,2016-04-07,Annapurna Pictures,English,South Korea,8.4,8788.0,1147414202
1190,Movie_1190,19862432.0,Musical,"Alex Actor, Pedro Pascal, Oscar Isaac, Emma Stone",Pat Quinn,109.0,2023-02-27,Focus Features,English,Canada,4.4,4554.0,17080606
1957,Movie_1957,9887133.0,Western,"Robert Downey Jr., Benedict Cumberbatch, Brie Larson, Emma Stone",Casey Brown,140.0,2016-12-25,Regency Enterprises,Portuguese,Japan,6.6,16575.0,6536639
2628,Movie_2628,231031834.0,Sci-Fi,"Idris Elba, Zendaya, Saoirse Ronan, Florence Pugh",John Smith,118.0,2022-12-30,Annapurna Pictures,Hindi,South Korea,7.7,18244.0,235166058
1413,Movie_1413,93264213.0,War,"Viola Davis, Gal Gadot, Charlize Theron, Lupita Nyong'o",David Fincher,88.0,2013-08-04,New Line Cinema,English,China,5.4,12897.0,267206395
116,Movie_116,3633074.0,Documentary,"Chris Evans, Tom Holland, Saoirse Ronan, Jake Gyllenhaal",Tim Burton,118.0,2001-07-18,Warner Bros.,English,Brazil,8.7,9779.0,12616200
1451,Movie_1451,13423514.0,Thriller,"Margot Robbie, Samuel L. Jackson, Tom Holland",Pat Quinn,112.0,2003-05-08,DreamWorks,English,India,6.7,2990.0,20662811
1310,Movie_1310,99585099.0,War,"Chris Evans, Margot Robbie, Zendaya, Ana de Armas",Michael Bay,121.0,2014-09-29,Walt Disney Pictures,English,South Korea,4.8,16018.0,193730702
2167,Movie_2167,23097522.0,Action,"Dwayne Johnson, Margot Robbie, Samuel L. Jackson, Christian Bale",Chris Park,115.0,2007-07-22,Warner Bros.,French,Australia,6.1,11428.0,26713241
2827,Movie_2827,8162908.0,Fantasy,"Morgan Screen, Casey Celeb, Sam Star",Chris Park,106.0,2001-03-20,Village Roadshow,French,Japan,7.4,10601.0,9527236
2979,Movie_2979,84913821.0,Biography,"Jake Gyllenhaal, Oscar Isaac, Ryan Gosling",Chloe Zhao,120.0,2014-12-07,Metro-Goldwyn-Mayer,Chinese,Germany,7.4,13624.0,114716439
2743,Movie_2743,,Sci-Fi,"Morgan Freeman, Viola Davis, Gal Gadot, Margot Robbie",Pat Quinn,108.0,2015-12-19,A24,English,Canada,,15807.0,350454012
1851,Movie_1851,28249494.0,Mystery,"Ana de Armas, Idris Elba",David Fincher,84.0,2013-04-10,20th Century Studios,Japanese,UK,6.9,9994.0,22396889
673,Movie_673,20373547.0,Horror,"Morgan Screen, Amy Adams, Scarlett Johansson, Meryl Streep",Bong Joon-ho,86.0,2003-08-24,Regency Enterprises,Japanese,Germany,6.8,12011.0,17163691
1478,Movie_1478,30840396.0,Musical,"Idris Elba, Sandra Bullock",Jane Doe,80.0,2009-07-04,20th Century Studios,English,South Korea,7.2,14065.0,65972284
1682,Movie_1682,15072630.0,Fantasy,"Ryan Gosling, Pat Player",Chloe Zhao,116.0,2014-04-19,Universal Pictures,Hindi,China,9.2,15139.0,21764527
592,Movie_592,4907670.0,Crime,"Brie Larson, Jane Doe B, Dwayne Johnson",Jane Doe,87.0,2011-02-03,Blumhouse Productions,Spanish,USA,7.2,11555.0,4171991
1965,Movie_1965,28350575.0,Documentary,"Alex Actor, Pedro Pascal, Awkwafina, Jake Gyllenhaal",Ava DuVernay,137.0,2006-07-08,Regency Enterprises,Japanese,Brazil,7.1,12468.0,24040232
889,Movie_889,6280077.0,Comedy,"Idris Elba, Brie Larson, Natalie Portman, Ana de Armas",Ryan Coogler,78.0,2018-06-05,Searchlight Pictures,English,Japan,8.2,12800.0,28721543
1808,Movie_1808,247823485.0,Thriller,"Scarlett Johansson, Gal Gadot, Anya Taylor-Joy",Sam Mendes,116.0,2025-01-07,Universal Pictures,French,Japan,5.8,19098.0,105343733
1412,Movie_1412,7705161.0,Adventure,"Benedict Cumberbatch, Brad Pitt",Tim Burton,109.0,2001-03-06,Universal Pictures,English,Italy,7.4,11871.0,22174663
2299,Movie_2299,84765714.0,Drama,"Meryl Streep, Dwayne Johnson",Morgan Blake,81.0,2010-05-05,20th Century Studios,English,UK,6.9,8806.0,197561847
214,Movie_214,7232019.0,Documentary,"Anya Taylor-Joy, Casey Celeb",Jane Doe,123.0,2016-03-19,Blumhouse Productions,English,India,7.3,5652.0,6158394
779,Movie_779,2307359.0,Adventure,"Morgan Freeman, Benedict Cumberbatch, Sam Star",Sofia Coppola,115.0,2020-04-10,Annapurna Pictures,English,Italy,7.0,4782.0,4577159
1721,Movie_1721,18243994.0,Action,"Emma Stone, Ana de Armas, John Doe A",Quentin Tarantino,137.0,2008-06-29,A24,French,China,9.9,10967.0,64900306
801,Movie_801,9845277.0,Animation,"Samuel L. Jackson, Scarlett Johansson, Gal Gadot, Cate Blanchett",Christopher Nolan,86.0,2020-07-16,Amblin Entertainment,English,India,8.0,13774.0,53136458
2507,Movie_2507,41124653.0,Documentary,"Gal Gadot, Samuel L. Jackson, Jordan Talent, John Doe A",Michael Bay,115.0,2018-07-08,Walt Disney Pictures,Chinese,France,5.9,12682.0,10658817
2130,Movie_2130,25377605.0,Western,"Lupita Nyong'o, Zendaya, Emma Stone",Christopher Nolan,111.0,2013-09-25,Paramount Pictures,French,Germany,7.2,11505.0,28671497
2308,Movie_2308,1123121.0,Crime,"Pedro Pascal, Awkwafina",Wes Anderson,103.0,2018-09-19,Blumhouse Productions,Portuguese,USA,10.0,7199.0,2501316
2900,Movie_2900,8070561.0,Crime,"John Doe A, Margot Robbie, Riley Role, Robert Downey Jr.",Christopher Nolan,105.0,2005-05-20,Columbia Pictures,English,Germany,9.4,15415.0,27042839
2740,Movie_2740,20708387.0,Thriller,"Scarlett Johansson, Robert Downey Jr.",James Cameron,142.0,2023-12-28,Focus Features,English,Italy,7.0,16305.0,218204773
274,Movie_274,96349802.0,Mystery,"Benedict Cumberbatch, Dwayne Johnson",Drew White,151.0,2010-04-17,Regency Enterprises,English,Germany,6.6,9190.0,264600323
72,Movie_72,24262313.0,Horror,"Awkwafina, Chris Evans, Brad Pitt",David Fincher,87.0,2015-06-01,Focus Features,Hindi,China,8.9,9744.0,53063891
2787,Movie_2787,48909433.0,Documentary,"Jennifer Lawrence, Will Smith",Sam Mendes,133.0,2003-07-30,A24,English,UK,6.6,14515.0,93302583
1088,Movie_1088,69097395.0,Drama,"Christian Bale, Jane Doe B, Tom Holland, Chris Evans",Damien Chazelle,148.0,2015-12-09,20th Century Studios,Hindi,South Korea,5.7,8302.0,72297227
395,Movie_395,11246044.0,Crime,"Brad Pitt, Taylor Thespian, Ana de Armas",Guy Ritchie,97.0,2010-05-06,Columbia Pictures,Chinese,India,7.1,9693.0,10375492
584,Movie_584,31562546.0,Thriller,"Casey Celeb, Natalie Portman, Morgan Freeman, Jake Gyllenhaal",James Cameron,103.0,2023-01-30,Columbia Pictures,English,Germany,8.0,12599.0,195074903
2029,Movie_2029,18127045.0,Western,"Morgan Freeman, Scarlett Johansson, Amy Adams, Tom Hanks",Damien Chazelle,139.0,2024-08-17,Regency Enterprises,English,South Korea,7.6,11255.0,51784489
2139,Movie_2139,62494463.0,Sci-Fi,"Scarlett Johansson, Samuel L. Jackson, Ryan Gosling, Margot Robbie",Jordan Peele,128.0,2019-05-22,Walt Disney Pictures,Spanish,South Korea,8.4,14427.0,169158764
501,Movie_501,20867450.0,Action,"John Doe A, Tom Holland",Taika Waititi,92.0,2016-11-18,Searchlight Pictures,Portuguese,Germany,7.8,5336.0,50798640
2058,Movie_2058,1269255.0,Adventure,"Ryan Gosling, Zendaya, Pedro Pascal, Dwayne Johnson",Quentin Tarantino,150.0,2021-07-01,Amblin Entertainment,Italian,Australia,7.8,8759.0,1674517
2247,Movie_2247,84583693.0,Thriller,"Charlize Theron, Casey Celeb",Guillermo del Toro,86.0,2008-04-07,DreamWorks,English,Germany,5.5,14322.0,48721084
1950,Movie_1950,9992737.0,War,"Tom Holland, Charlize Theron, Tom Hanks",Casey Brown,97.0,2015-03-29,Blumhouse Productions,English,USA,7.8,7163.0,10891174
2769,Movie_2769,7369409.0,Horror,"Sam Star, Pedro Pascal, Will Smith, Denzel Washington",Alex Rivera,124.0,2014-01-17,Village Roadshow,English,India,7.0,11634.0,15458787
2038,Movie_2038,28184363.0,Sci-Fi,"Viola Davis, Brad Pitt, Oscar Isaac, Leonardo DiCaprio",Christopher Nolan,101.0,2008-12-05,NEON,Hindi,India,7.7,13734.0,133862577
1260,Movie_1260,87937837.0,Horror,"Margot Robbie, Natalie Portman, Viola Davis",Taika Waititi,112.0,2013-08-30,Walt Disney Pictures,French,India,8.2,9098.0,265787416
2720,Movie_2720,18725187.0,Horror,"Christian Bale, Dwayne Johnson",Michael Bay,91.0,2001-07-24,Columbia Pictures,Japanese,Japan,7.7,14573.0,77531653
2796,Movie_2796,10165690.0,Family,"Timothée Chalamet, Cate Blanchett",Barry Jenkins,124.0,2017-02-14,A24,English,Australia,7.1,12187.0,11379367
206,Movie_206,28843201.0,Western,"Ana de Armas, Jordan Talent, Amy Adams",Sam Mendes,76.0,2002-05-13,Legendary Entertainment,English,Japan,6.5,7767.0,44071816
734,Movie_734,39124683.0,Biography,"Casey Celeb, Robert Downey Jr., Anya Taylor-Joy, Timothée Chalamet",Peter Jackson,104.0,2011-07-16,New Line Cinema,English,Italy,7.7,10240.0,128735785
1568,Movie_1568,13554908.0,Documentary,"Saoirse Ronan, Christian Bale, Jake Gyllenhaal",Morgan Blake,98.0,2005-07-03,Columbia Pictures,German,Italy,7.0,9253.0,8058786
527,Movie_527,48460902.0,Western,"Anya Taylor-Joy, Jordan Talent",Quentin Tarantino,107.0,2016-05-07,Lionsgate,Italian,Brazil,9.8,12159.0,30413895
2502,Movie_2502,8817737.0,Western,"Florence Pugh, Cate Blanchett",Alex Rivera,60.0,2000-07-28,Annapurna Pictures,English,Italy,5.9,6489.0,10553735
899,Movie_899,6507361.0,Family,"Jake Gyllenhaal, Jane Doe B",Steven Spielberg,84.0,2005-11-26,DreamWorks,English,China,8.1,7200.0,14948616
378,Movie_378,22275598.0,Drama,"Jordan Talent, Gal Gadot, Ryan Gosling, Emma Stone",Damien Chazelle,140.0,2012-09-26,Walt Disney Pictures,German,France,,9874.0,35063242
1779,Movie_1779,,Sci-Fi,"Pedro Pascal, Samuel L. Jackson",Jane Doe,73.0,2023-05-11,Warner Bros.,English,USA,7.0,14513.0,68634449
2711,Movie_2711,22562388.0,Fantasy,"Leonardo DiCaprio, Christian Bale, Emma Stone",Peter Jackson,116.0,2017-03-04,New Line Cinema,English,South Korea,7.1,11131.0,163733543
2273,Movie_2273,35049160.0,Musical,"Brad Pitt, Emma Stone, Awkwafina",Guy Ritchie,136.0,2018-09-14,Paramount Pictures,English,Brazil,6.8,11817.0,92421016
387,Movie_387,46469659.0,Animation,"Jordan Talent, Benedict Cumberbatch, Margot Robbie",Michael Bay,132.0,2019-06-08,New Line Cinema,English,France,7.7,11104.0,268074994
199,Movie_199,36541532.0,Thriller,"Denzel Washington, Benedict Cumberbatch",Barry Jenkins,60.0,2012-07-25,Walt Disney Pictures,Hindi,Canada,9.2,10507.0,81544951
1051,Movie_1051,3393301.0,Thriller,"Benedict Cumberbatch, Tom Hanks, Zendaya, Brie Larson",Taika Waititi,62.0,2012-08-04,Annapurna Pictures,French,France,7.6,12706.0,12858187
591,Movie_591,100159375.0,Documentary,"Jake Gyllenhaal, Brad Pitt, Jordan Talent",Wes Anderson,150.0,2007-09-09,Warner Bros.,English,Japan,8.6,10341.0,144292752
520,Movie_520,75135959.0,War,"Charlize Theron, Pat Player, Cate Blanchett, Pedro Pascal",Guillermo del Toro,133.0,2017-06-28,Blumhouse Productions,Spanish,Canada,6.3,13902.0,85999357
2044,Movie_2044,905798.0,Horror,"Alex Actor, Morgan Screen",Martin Scorsese,60.0,2009-08-23,Walt Disney Pictures,English,India,7.4,2472.0,1932693
2067,Movie_2067,65613390.0,Biography,"Gal Gadot, Benedict Cumberbatch",Steven Spielberg,146.0,2000-05-21,Metro-Goldwyn-Mayer,Korean,Australia,7.6,13454.0,121655365
430,Movie_430,72574336.0,Thriller,"Joaquin Phoenix, Jennifer Lawrence",Quentin Tarantino,66.0,2005-06-07,Legendary Entertainment,German,USA,8.1,10652.0,99772059
1084,Movie_1084,39088645.0,Animation,"Morgan Screen, Chris Evans",Jane Doe,178.0,2018-09-30,DreamWorks,English,India,5.9,12153.0,68580452
208,Movie_208,13873280.0,Family,"Jennifer Lawrence, Timothée Chalamet",Ridley Scott,87.0,2018-02-22,Blumhouse Productions,Portuguese,Brazil,6.5,10218.0,26867362
492,Movie_492,55651177.0,Western,"Jane Doe B, Will Smith",Taika Waititi,181.0,2004-10-18,Paramount Pictures,German,France,7.9,10458.0,63037887
1379,Movie_1379,400000000.0,Crime,"Samuel L. Jackson, Dwayne Johnson",Pat Quinn,117.0,2019-07-05,Warner Bros.,Chinese,Italy,7.4,16941.0,788768298
2942,Movie_2942,14177200.0,Family,"Charlize Theron, Jake Gyllenhaal",Quentin Tarantino,94.0,2025-06-13,Amblin Entertainment,French,South Korea,8.3,15697.0,45109524
793,Movie_793,20045467.0,Mystery,"Natalie Portman, Pat Player, Ana de Armas",Taylor Green,103.0,2002-02-20,Paramount Pictures,English,Japan,8.4,,37382382
2520,Movie_2520,1259034.0,Mystery,"Ryan Gosling, Ana de Armas, Charlize Theron, Denzel Washington",David Fincher,60.0,2021-10-08,Searchlight Pictures,Hindi,Australia,7.7,7807.0,1321967
1187,Movie_1187,4805266.0,Musical,"Saoirse Ronan, Jake Gyllenhaal, Idris Elba, Leonardo DiCaprio",Jordan Peele,123.0,2012-11-14,Village Roadshow,English,Canada,8.5,8396.0,27906096
1186,Movie_1186,36475162.0,Biography,"Will Smith, Sam Star, Saoirse Ronan, Scarlett Johansson",Drew White,128.0,2023-07-25,20th Century Studios,English,Germany,7.5,10002.0,107514024
1815,Movie_1815,236321676.0,Mystery,"Jennifer Lawrence, Jane Doe B, Natalie Portman, Gal Gadot",Alex Rivera,144.0,2020-02-02,Legendary Entertainment,English,USA,6.7,17505.0,507541242
1386,Movie_1386,31445937.0,Mystery,"Oscar Isaac, Jane Doe B, Dwayne Johnson, John Doe A",Taika Waititi,95.0,2008-11-17,Universal Pictures,English,South Korea,7.1,6500.0,69277077
2760,Movie_2760,29944432.0,Mystery,"Casey Celeb, Jake Gyllenhaal, Denzel Washington, Viola Davis",Wes Anderson,95.0,2014-04-13,Annapurna Pictures,English,UK,8.3,11590.0,129704494
84,Movie_84,2700152.0,Adventure,"Chris Evans, Sandra Bullock, Robert Downey Jr.",David Fincher,83.0,2024-09-27,Columbia Pictures,English,Brazil,8.6,10929.0,12242427
2771,Movie_2771,79510543.0,Drama,"Gal Gadot, Brad Pitt",Sam Mendes,113.0,2009-09-28,Searchlight Pictures,English,Japan,8.1,14001.0,143677162
2250,Movie_2250,36091477.0,Romance,"Morgan Freeman, Denzel Washington",Steven Spielberg,115.0,2005-03-28,Walt Disney Pictures,English,Germany,7.6,16822.0,67750128
21,Movie_21,20710392.0,Drama,"Pat Player, Jake Gyllenhaal, Gal Gadot",John Smith,97.0,2002-07-25,Regency Enterprises,Spanish,Brazil,,8400.0,8316444
1424,Movie_1424,26680747.0,War,"Ana de Armas, Will Smith, Taylor Thespian, Benedict Cumberbatch",John Smith,91.0,2004-10-08,Lionsgate,Korean,India,7.0,11420.0,20762584
1610,Movie_1610,67856697.0,Western,"Zendaya, Denzel Washington, Morgan Screen, Chris Evans",Morgan Blake,85.0,2021-08-29,Columbia Pictures,English,India,6.8,13811.0,36669703
1996,Movie_1996,39463532.0,War,"Emma Stone, Will Smith",Jamie Lee,114.0,2010-08-18,Lionsgate,English,USA,7.6,9298.0,32008922
2722,Movie_2722,286135144.0,Musical,"Oscar Isaac, Joaquin Phoenix, Meryl Streep, Brie Larson",Pat Quinn,127.0,2007-03-30,Regency Enterprises,English,South Korea,5.8,9574.0,286408491
2141,Movie_2141,15935322.0,Thriller,"Riley Role, Idris Elba, Tom Holland, Anya Taylor-Joy",Drew White,112.0,2007-03-10,20th Century Studios,English,Canada,7.6,9869.0,37030268
974,Movie_974,20796548.0,Animation,"Will Smith, Brie Larson, Margot Robbie",Christopher Nolan,139.0,2017-11-26,Annapurna Pictures,Korean,Australia,9.2,10913.0,116555215
2819,Movie_2819,30589386.0,Fantasy,"Dwayne Johnson, Scarlett Johansson, Pedro Pascal, Benedict Cumberbatch",Casey Brown,113.0,2020-04-29,Legendary Entertainment,Chinese,China,6.2,13092.0,26521307
884,Movie_884,7882293.0,Mystery,"Pat Player, Ana de Armas, Jordan Talent",Christopher Nolan,89.0,2001-06-30,Walt Disney Pictures,English,Australia,8.5,8769.0,23233567
1099,Movie_1099,88279037.0,Family,"Meryl Streep, Christian Bale, Scarlett Johansson, Amy Adams",Denis Villeneuve,,2007-10-30,Blumhouse Productions,Hindi,China,,12195.0,198158666
157,Movie_157,3400021.0,Action,"Timothée Chalamet, Charlize Theron",Patty Jenkins,99.0,2010-01-31,Legendary Entertainment,English,Australia,9.3,7031.0,19415256
2686,Movie_2686,8376263.0,Horror,"Viola Davis, Tom Holland, Pat Player",Tim Burton,131.0,2003-09-13,Paramount Pictures,French,Australia,7.1,9505.0,5884857
887,Movie_887,35055445.0,Mystery,"Natalie Portman, Ryan Gosling, Morgan Freeman, Idris Elba",Jane Doe,89.0,2009-09-15,NEON,English,UK,5.9,11214.0,43680995
1876,Movie_1876,168514124.0,Comedy,"Chris Evans, Tom Hanks, Ryan Gosling",Guillermo del Toro,108.0,2018-03-31,Warner Bros.,English,France,7.2,16551.0,362557547
1643,Movie_1643,34921047.0,Animation,"Awkwafina, Christian Bale, Amy Adams",Morgan Blake,108.0,2002-11-05,Annapurna Pictures,Korean,Australia,6.5,10126.0,61697986
2701,Movie_2701,79784683.0,Crime,"Morgan Screen, Leonardo DiCaprio",Ryan Coogler,98.0,2010-05-14,Focus Features,English,Canada,6.6,11932.0,126239784
1546,Movie_1546,14090046.0,Fantasy,"Will Smith, Tom Holland, Casey Celeb",Barry Jenkins,95.0,2000-01-23,Paramount Pictures,Portuguese,India,8.2,10795.0,27013193
2562,Movie_2562,10522080.0,Crime,"Robert Downey Jr., Lupita Nyong'o, Anya Taylor-Joy, Dwayne Johnson",Wes Anderson,140.0,2007-11-14,DreamWorks,French,UK,8.8,12114.0,29863022
1881,Movie_1881,15692572.0,Action,"Jake Gyllenhaal, Alex Actor, Gal Gadot, Brie Larson",Barry Jenkins,73.0,2003-09-13,Searchlight Pictures,English,Canada,8.0,8602.0,47217249
2465,Movie_2465,8521183.0,Animation,"Awkwafina, Tom Hanks, Samuel L. Jackson",Sam Mendes,129.0,2011-10-15,20th Century Studios,Japanese,China,5.6,5693.0,16644640
2677,Movie_2677,12147503.0,Drama,"Robert Downey Jr., Tom Holland, Oscar Isaac",Taika Waititi,101.0,2013-02-16,A24,Hindi,UK,6.6,4878.0,7151830
459,Movie_459,6293477.0,War,"Riley Role, Lupita Nyong'o, Benedict Cumberbatch, Meryl Streep",Bong Joon-ho,109.0,2015-04-16,A24,English,UK,8.1,9665.0,7450066
1950,Movie_1950,9992737.0,War,"Tom Holland, Charlize Theron, Tom Hanks",Casey Brown,97.0,2015-03-29,Blumhouse Productions,English,USA,7.8,7163.0,10880294
79,Movie_79,6502722.0,Sci-Fi,"Denzel Washington, Viola Davis, Brad Pitt, Jennifer Lawrence",Steven Spielberg,89.0,2007-03-03,Walt Disney Pictures,English,South Korea,7.9,8691.0,35656905
2944,Movie_2944,52472511.0,Sci-Fi,"Saoirse Ronan, Sandra Bullock",Barry Jenkins,121.0,2000-10-31,Metro-Goldwyn-Mayer,English,Japan,8.0,8584.0,352296640
1057,Movie_1057,30845688.0,Drama,"Jane Doe B, Idris Elba, Morgan Screen, Jordan Talent",Jane Doe,114.0,2012-05-27,Walt Disney Pictures,English,South Korea,5.5,10796.0,27588336
907,Movie_907,14028625.0,Action,"Joaquin Phoenix, Cate Blanchett, Florence Pugh",Guillermo del Toro,61.0,2006-04-11,20th Century Studios,Chinese,UK,5.6,10336.0,27047589
1615,Movie_1615,74902415.0,Fantasy,"Chris Evans, Natalie Portman, Sam Star, Tom Holland",Ava DuVernay,121.0,2005-04-02,Blumhouse Productions,Hindi,Brazil,7.6,8919.0,67900543
2856,Movie_2856,18282317.0,Adventure,"Robert Downey Jr., Benedict Cumberbatch, Zendaya, Scarlett Johansson",Drew White,92.0,2016-11-09,Legendary Entertainment,English,Brazil,5.9,11879.0,19587006
2725,Movie_2725,103508258.0,Documentary,"Morgan Freeman, Samuel L. Jackson, Idris Elba, Riley Role",Greta Gerwig,147.0,2006-05-14,Paramount Pictures,English,South Korea,6.6,14400.0,291016038
381,Movie_381,61231569.0,Musical,"Emma Stone, Sam Star, Jake Gyllenhaal",Sofia Coppola,131.0,2023-05-07,Walt Disney Pictures,English,India,8.2,7053.0,127375362
948,Movie_948,7761635.0,Drama,"Anya Taylor-Joy, Tom Hanks, Chris Evans",Jordan Peele,133.0,2023-06-01,Regency Enterprises,Spanish,Australia,7.8,11425.0,19115907
1765,Movie_1765,8889897.0,Thriller,"Gal Gadot, Tom Hanks",Ryan Coogler,121.0,2007-02-17,Blumhouse Productions,German,France,6.1,5347.0,7804320
2311,Movie_2311,42177692.0,Comedy,"Cate Blanchett, Scarlett Johansson",Greta Gerwig,91.0,2016-08-14,Lionsgate,English,USA,7.6,11732.0,293898504
716,Movie_716,86948422.0,Comedy,"Morgan Screen, Pat Player, Pedro Pascal, Christian Bale",Zack Snyder,78.0,2009-06-01,New Line Cinema,English,Italy,6.2,11089.0,290433609
2104,Movie_2104,35440665.0,Horror,"Jennifer Lawrence, Brad Pitt, Charlize Theron, Sam Star",Martin Scorsese,89.0,2019-03-08,NEON,Spanish,Canada,8.4,13822.0,30569421
687,Movie_687,,Family,"Jordan Talent, Christian Bale",Martin Scorsese,131.0,2023-11-01,Paramount Pictures,Spanish,Italy,8.4,11253.0,12528711
2593,Movie_2593,38825034.0,Adventure,"Oscar Isaac, Awkwafina, Jennifer Lawrence, Jane Doe B",John Smith,116.0,2011-05-19,Legendary Entertainment,Hindi,Japan,6.4,13664.0,10395783
1294,Movie_1294,12461683.0,Horror,"Anya Taylor-Joy, Jake Gyllenhaal, Pedro Pascal",Jordan Peele,118.0,2013-02-19,Walt Disney Pictures,English,USA,8.9,13095.0,23334694
306,Movie_306,15585327.0,Sci-Fi,"Viola Davis, Chris Evans",Ryan Coogler,138.0,2017-07-31,Paramount Pictures,Spanish,Germany,7.5,7238.0,18210051
210,Movie_210,,Musical,"Lupita Nyong'o, Taylor Thespian",Barry Jenkins,103.0,2015-07-15,New Line Cinema,English,South Korea,7.6,4601.0,21898946
1533,Movie_1533,88277152.0,War,"Pedro Pascal, Joaquin Phoenix, Emma Stone, Ryan Gosling",Casey Brown,111.0,2000-09-10,DreamWorks,English,Australia,7.0,14747.0,315876821
2245,Movie_2245,,Western,"Tom Holland, Dwayne Johnson, Pedro Pascal, Viola Davis",Taylor Green,78.0,2009-08-18,Lionsgate,Japanese,Australia,6.8,12969.0,3648984
1307,Movie_1307,58175412.0,Biography,"Gal Gadot, John Doe A",Guillermo del Toro,123.0,2017-06-26,Columbia Pictures,English,Germany,5.0,8176.0,93828287
1589,Movie_1589,41792914.0,Thriller,"Anya Taylor-Joy, Brie Larson",Chloe Zhao,182.0,2023-07-26,Blumhouse Productions,English,Japan,8.9,10285.0,114120941
886,Movie_886,80981650.0,Sci-Fi,"Jane Doe B, Brie Larson, Pedro Pascal, Sam Star",Ryan Coogler,,2003-01-13,A24,Hindi,USA,5.8,15953.0,125559158
2074,Movie_2074,400000000.0,Family,"Pedro Pascal, Saoirse Ronan, Brad Pitt",Denis Villeneuve,127.0,2024-05-05,DreamWorks,English,India,8.3,13513.0,1472710947
918,Movie_918,31692405.0,Western,"Charlize Theron, Brad Pitt, Morgan Freeman",Jordan Peele,124.0,2000-06-16,Lionsgate,Spanish,USA,9.7,13564.0,57577605
1719,Movie_1719,15006345.0,Mystery,"Jennifer Lawrence, Florence Pugh, Jake Gyllenhaal",David Fincher,76.0,2004-06-26,Legendary Entertainment,English,Italy,8.8,4042.0,53642636
1713,Movie_1713,13588599.0,Western,"Tom Holland, Brie Larson, Joaquin Phoenix, Timothée Chalamet",Ava DuVernay,93.0,2020-01-14,Blumhouse Productions,English,USA,6.9,9898.0,36119701
192,Movie_192,31984187.0,Biography,"Zendaya, Dwayne Johnson",Sam Mendes,143.0,2013-06-06,Lionsgate,English,South Korea,6.0,8174.0,104872575
1801,Movie_1801,124410983.0,Musical,"Chris Evans, Morgan Freeman, Ana de Armas, Alex Actor",Patty Jenkins,89.0,2013-12-21,Legendary Entertainment,Japanese,Canada,7.7,15156.0,284046075
2080,Movie_2080,272729218.0,Animation,"Oscar Isaac, Sam Star, Morgan Freeman, Amy Adams",Sam Mendes,179.0,2014-02-21,20th Century Studios,Korean,India,6.8,11563.0,388189786
1266,Movie_1266,,Crime,"Samuel L. Jackson, Saoirse Ronan",Morgan Blake,133.0,2003-09-14,Legendary Entertainment,English,South Korea,5.3,12663.0,198387466
484,Movie_484,34364823.0,Family,"Florence Pugh, Tom Holland, Amy Adams, Brad Pitt",James Cameron,118.0,2017-09-17,Columbia Pictures,English,Australia,9.5,14351.0,215469214
916,Movie_916,3490627.0,Comedy,"Pedro Pascal, Denzel Washington, Chris Evans",Ryan Coogler,99.0,2000-08-23,Lionsgate,Hindi,Canada,5.9,,4212880
2627,Movie_2627,23597685.0,Animation,"Margot Robbie, Jake Gyllenhaal",Bong Joon-ho,122.0,2021-09-18,Searchlight Pictures,Italian,Canada,10.0,13264.0,37574014
278,Movie_278,22019070.0,Adventure,"Morgan Freeman, Casey Celeb, Pat Player",Sofia Coppola,158.0,2011-12-27,A24,English,UK,7.5,6997.0,47868213
989,Movie_989,5338176.0,Action,"Tom Holland, Amy Adams, Riley Role, Natalie Portman",Barry Jenkins,68.0,2006-05-01,Lionsgate,English,India,6.8,13773.0,16505172
2756,Movie_2756,21858319.0,Horror,"Morgan Screen, Florence Pugh",Patty Jenkins,107.0,2018-08-14,Metro-Goldwyn-Mayer,English,Japan,6.6,8599.0,53951351
1952,Movie_1952,13765329.0,Documentary,"Ryan Gosling, Jane Doe B",Tim Burton,118.0,2010-07-18,NEON,English,China,7.1,7263.0,30566099
2098,Movie_2098,69779227.0,Crime,"Meryl Streep, Denzel Washington, Riley Role",Taika Waititi,94.0,2010-03-22,Legendary Entertainment,Japanese,Canada,7.4,14827.0,99920592
572,Movie_572,29112847.0,Thriller,"Awkwafina, Florence Pugh, Chris Evans, Will Smith",Martin Scorsese,86.0,2005-09-18,Columbia Pictures,English,Japan,8.7,9120.0,174609804
994,Movie_994,41301522.0,Thriller,"Tom Hanks, Chris Evans, Timothée Chalamet",Patty Jenkins,106.0,2018-06-24,Columbia Pictures,Spanish,Australia,6.1,8780.0,66946057
1449,Movie_1449,18339730.0,Crime,"Natalie Portman, Tom Holland, Saoirse Ronan",Casey Brown,112.0,2008-05-20,New Line Cinema,French,Canada,5.3,3611.0,22812951
2467,Movie_2467,28753165.0,Fantasy,"Jake Gyllenhaal, Cate Blanchett, Viola Davis",Jamie Lee,86.0,2002-07-14,Lionsgate,Korean,South Korea,6.3,6456.0,46816484
586,Movie_586,15833750.0,Action,"Denzel Washington, Anya Taylor-Joy",Tim Burton,103.0,2007-01-07,Columbia Pictures,English,USA,7.4,6727.0,40821799
2996,Movie_2996,7541710.0,Action,"Emma Stone, Awkwafina, Riley Role",Casey Brown,126.0,2004-12-11,Legendary Entertainment,English,UK,6.1,11092.0,14934931
1689,Movie_1689,5777327.0,Horror,"Awkwafina, Lupita Nyong'o, Brad Pitt, Leonardo DiCaprio",Chris Park,147.0,2023-05-21,DreamWorks,English,Brazil,5.8,13407.0,6211473
1350,Movie_1350,70277937.0,Fantasy,"Gal Gadot, Alex Actor, Sandra Bullock, Christian Bale",Guillermo del Toro,109.0,2021-08-07,Metro-Goldwyn-Mayer,English,Italy,6.9,11679.0,227967226
1008,Movie_1008,52144606.0,Animation,"Pedro Pascal, Jane Doe B",Michael Bay,129.0,2010-09-10,Annapurna Pictures,English,India,8.6,10679.0,114023982
675,Movie_675,1610586.0,Documentary,"Alex Actor, Scarlett Johansson, Chris Evans, Amy Adams",Barry Jenkins,91.0,2004-04-18,Columbia Pictures,English,India,6.8,5842.0,2675795
1746,Movie_1746,31533120.0,Romance,"Margot Robbie, Jake Gyllenhaal, Natalie Portman",Alex Rivera,129.0,2019-08-30,Village Roadshow,Spanish,Japan,5.9,12196.0,48941048
856,Movie_856,12840621.0,Sci-Fi,"Pat Player, Zendaya",Chloe Zhao,130.0,2004-10-14,Searchlight Pictures,Japanese,India,7.9,8585.0,13510404
448,Movie_448,21968539.0,Thriller,"Denzel Washington, Tom Holland, Ana de Armas, Jordan Talent",Patty Jenkins,143.0,2003-08-29,Lionsgate,English,South Korea,7.3,15133.0,73307121
1466,Movie_1466,5038409.0,Drama,"Will Smith, Pat Player, Christian Bale",Kathryn Bigelow,109.0,2006-01-06,Focus Features,English,China,6.7,7236.0,18820318
2282,Movie_2282,74497137.0,War,"Riley Role, Awkwafina, Robert Downey Jr.",Tim Burton,76.0,2020-11-28,New Line Cinema,English,UK,6.2,8223.0,306865366
1948,Movie_1948,23570829.0,Adventure,"Cate Blanchett, Sandra Bullock, Pedro Pascal, Viola Davis",John Smith,128.0,2016-02-28,Lionsgate,English,Germany,6.5,14158.0,76288408
2283,Movie_2283,47876954.0,Mystery,"Ana de Armas, Sandra Bullock, Timothée Chalamet",Wes Anderson,93.0,2018-03-02,20th Century Studios,Japanese,USA,7.7,10540.0,95792254
2704,Movie_2704,23919810.0,Drama,"Scarlett Johansson, Samuel L. Jackson, Dwayne Johnson",John Smith,71.0,2014-07-31,20th Century Studios,Spanish,Canada,6.7,6565.0,21924645
2410,Movie_2410,381419867.0,Mystery,"John Doe A, Oscar Isaac",Michael Bay,121.0,2005-06-06,20th Century Studios,Japanese,Japan,6.4,11006.0,158274974
2697,Movie_2697,16903799.0,Comedy,"Idris Elba, Emma Stone",Ridley Scott,93.0,2003-02-07,Blumhouse Productions,Chinese,Germany,9.0,9626.0,36480816
2700,Movie_2700,60658919.0,Mystery,"Joaquin Phoenix, Taylor Thespian, Lupita Nyong'o, Dwayne Johnson",Jamie Lee,60.0,2009-10-29,Annapurna Pictures,English,Brazil,8.6,10797.0,244237381
1248,Movie_1248,12956639.0,Musical,"John Doe A, Benedict Cumberbatch",Zack Snyder,127.0,2008-01-14,NEON,English,Australia,7.2,10361.0,9994540
295,Movie_295,29184933.0,War,"Lupita Nyong'o, Sam Star, Zendaya, Jennifer Lawrence",Damien Chazelle,118.0,2011-06-01,A24,English,India,7.3,10191.0,68965656
589,Movie_589,18596011.0,Sci-Fi,"Sandra Bullock, Joaquin Phoenix, Robert Downey Jr.",Taika Waititi,79.0,2013-04-18,20th Century Studios,English,Australia,7.4,12238.0,108579192
1282,Movie_1282,6307645.0,Sci-Fi,"Denzel Washington, Riley Role",Jordan Peele,86.0,2020-09-22,Metro-Goldwyn-Mayer,Hindi,India,7.9,11973.0,18971280
1469,Movie_1469,13351842.0,Action,"Joaquin Phoenix, Chris Evans",David Fincher,145.0,2019-05-24,Walt Disney Pictures,Portuguese,UK,6.7,6342.0,16523638
1879,Movie_1879,22591087.0,Biography,"Dwayne Johnson, Morgan Screen, Benedict Cumberbatch, Robert Downey Jr.",Alex Rivera,88.0,2019-07-09,Annapurna Pictures,Japanese,USA,6.9,13794.0,9448483
1473,Movie_1473,171181646.0,Fantasy,"Anya Taylor-Joy, Margot Robbie, Morgan Freeman, Denzel Washington",Quentin Tarantino,72.0,2016-04-08,Searchlight Pictures,Spanish,Australia,7.7,13472.0,511718564
2277,Movie_2277,4291001.0,War,"Pat Player, Emma Stone",Casey Brown,132.0,2016-07-13,Walt Disney Pictures,English,Brazil,8.0,7569.0,9146181
1418,Movie_1418,18426206.0,Horror,"Jordan Talent, Alex Actor",Ridley Scott,92.0,2010-03-31,Village Roadshow,English,USA,6.4,11860.0,22949461
426,Movie_426,46372529.0,Adventure,"Anya Taylor-Joy, Benedict Cumberbatch",Alex Rivera,88.0,2010-01-26,Village Roadshow,English,India,8.3,15768.0,104196634
535,Movie_535,2431612.0,Action,"Jake Gyllenhaal, Dwayne Johnson, Florence Pugh, Benedict Cumberbatch",Taylor Green,137.0,2021-07-05,Regency Enterprises,Hindi,South Korea,6.7,8217.0,6079485
1055,Movie_1055,209347146.0,Crime,"Natalie Portman, Taylor Thespian, Brad Pitt",Wes Anderson,68.0,2002-11-03,Legendary Entertainment,Korean,Canada,7.1,17276.0,197935152
1919,Movie_1919,400000000.0,Thriller,"Benedict Cumberbatch, Jake Gyllenhaal, Denzel Washington",Barry Jenkins,95.0,2023-10-28,A24,English,Canada,9.3,13498.0,2121905295
2532,Movie_2532,105577173.0,Comedy,"Saoirse Ronan, Timothée Chalamet, Sandra Bullock, Lupita Nyong'o",Chris Park,101.0,2005-01-14,NEON,Spanish,Brazil,7.3,9690.0,134531623
2100,Movie_2100,13539309.0,Sci-Fi,"Cate Blanchett, Idris Elba, Meryl Streep, Emma Stone",Barry Jenkins,122.0,2000-08-31,Focus Features,English,China,7.4,9105.0,57904528
133,Movie_133,22543003.0,Fantasy,"Brie Larson, Gal Gadot, Zendaya, Amy Adams",Zack Snyder,66.0,2013-02-05,Regency Enterprises,Portuguese,Canada,7.0,9971.0,20010012
1892,Movie_1892,16294170.0,Sci-Fi,"Emma Stone, Cate Blanchett",Michael Bay,110.0,2025-06-29,Columbia Pictures,Portuguese,Canada,5.9,9045.0,40902521
2009,Movie_2009,41147211.0,Action,"Jake Gyllenhaal, Awkwafina, Denzel Washington",Taylor Green,117.0,2016-08-27,Village Roadshow,Hindi,Japan,6.5,10555.0,38606739
422,Movie_422,18034961.0,Thriller,"Will Smith, Jennifer Lawrence, Dwayne Johnson, John Doe A",Peter Jackson,106.0,2002-11-25,20th Century Studios,Portuguese,China,8.2,9003.0,33967953
2687,Movie_2687,14147893.0,Crime,"Christian Bale, Oscar Isaac, Jordan Talent, Jennifer Lawrence",Tim Burton,60.0,2003-08-28,A24,French,Australia,8.1,9421.0,19993090
2064,Movie_2064,100482552.0,Biography,"Lupita Nyong'o, Denzel Washington",Pat Quinn,111.0,2021-06-09,Searchlight Pictures,English,India,6.2,12581.0,151870680
1625,Movie_1625,339254736.0,Biography,"Lupita Nyong'o, Viola Davis, Charlize Theron",Ryan Coogler,99.0,2001-08-14,Walt Disney Pictures,English,Brazil,8.1,16544.0,1172035934
1369,Movie_1369,3020519.0,Sci-Fi,"Sam Star, Tom Holland, Amy Adams",Steven Spielberg,112.0,2011-05-12,Warner Bros.,English,Japan,7.4,6872.0,10554911
557,Movie_557,105760907.0,Drama,"Christian Bale, Tom Holland, Margot Robbie",Chloe Zhao,60.0,2011-06-03,Columbia Pictures,Portuguese,South Korea,9.2,14488.0,219190234
2068,Movie_2068,138831301.0,Drama,"Jordan Talent, Benedict Cumberbatch, Idris Elba",Barry Jenkins,105.0,2017-06-07,Universal Pictures,Korean,France,8.8,13885.0,137689540
1534,Movie_1534,68047714.0,Drama,"Robert Downey Jr., Morgan Screen, Saoirse Ronan",Taika Waititi,104.0,2024-01-16,Village Roadshow,English,India,7.8,3996.0,202149091
2708,Movie_2708,19426767.0,Fantasy,"Riley Role, Leonardo DiCaprio, Taylor Thespian, Scarlett Johansson",Barry Jenkins,97.0,2014-03-06,Warner Bros.,English,Australia,8.1,15270.0,78539992
571,Movie_571,30036932.0,Horror,"Pedro Pascal, Will Smith",Taylor Green,,2003-04-18,Lionsgate,English,France,7.3,3450.0,42729122
353,Movie_353,,Fantasy,"Pedro Pascal, Cate Blanchett, Gal Gadot, Florence Pugh",David Fincher,135.0,2002-09-29,Walt Disney Pictures,English,Australia,8.5,6949.0,172993195
92,Movie_92,43531449.0,Musical,"Morgan Screen, Samuel L. Jackson",Jane Doe,95.0,2013-09-23,A24,English,Australia,5.5,13339.0,34475122
2314,Movie_2314,189950220.0,Musical,"Timothée Chalamet, Florence Pugh",Sam Mendes,94.0,2001-01-08,New Line Cinema,English,France,6.1,15662.0,337195513
2561,Movie_2561,5995992.0,Biography,"Brie Larson, Florence Pugh, Pedro Pascal, Pat Player",Greta Gerwig,60.0,2007-07-21,A24,English,France,8.5,10953.0,9986494
1171,Movie_1171,154167784.0,Sci-Fi,"Natalie Portman, Ana de Armas, Emma Stone",Jane Doe,111.0,2016-10-20,Columbia Pictures,English,USA,6.6,9732.0,197045887
1537,Movie_1537,61529276.0,Musical,"Jennifer Lawrence, Anya Taylor-Joy, Oscar Isaac",Pat Quinn,150.0,2013-07-22,DreamWorks,Chinese,Brazil,6.8,15386.0,27691157
1286,Movie_1286,15369660.0,Animation,"Charlize Theron, Timothée Chalamet, Casey Celeb, Scarlett Johansson",Steven Spielberg,168.0,2005-03-01,Amblin Entertainment,English,Australia,8.9,6333.0,58491309
1755,Movie_1755,91087644.0,Action,"Charlize Theron, Tom Hanks, Viola Davis, Leonardo DiCaprio",Peter Jackson,92.0,2020-05-03,Metro-Goldwyn-Mayer,Spanish,Italy,7.3,13705.0,645183659
1749,Movie_1749,61071495.0,War,"Ryan Gosling, Scarlett Johansson",Bong Joon-ho,107.0,2005-09-05,Walt Disney Pictures,Korean,China,6.5,15231.0,114091176
2210,Movie_2210,659198.0,Family,"Ana de Armas, Pat Player, Jordan Talent",Taylor Green,86.0,2000-06-16,Universal Pictures,Portuguese,Canada,7.7,3210.0,1021427
1741,Movie_1741,336438822.0,Crime,"Samuel L. Jackson, Jane Doe B, Leonardo DiCaprio",Ridley Scott,121.0,2011-05-15,NEON,English,Brazil,6.6,16613.0,790094541
698,Movie_698,5666548.0,Fantasy,"Gal Gadot, Leonardo DiCaprio, Charlize Theron",Ridley Scott,98.0,2012-04-29,A24,Korean,USA,7.6,13230.0,14180596
2534,Movie_2534,24697997.0,Western,"Brad Pitt, Will Smith, Joaquin Phoenix, Tom Holland",Wes Anderson,92.0,2012-12-18,Regency Enterprises,English,India,7.8,13706.0,95668829
349,Movie_349,41709934.0,Drama,"Brad Pitt, Scarlett Johansson, Charlize Theron, Emma Stone",Tim Burton,114.0,2011-06-23,Lionsgate,Spanish,India,7.4,9575.0,55438367
1612,Movie_1612,53210478.0,Thriller,"Dwayne Johnson, Tom Holland, Tom Hanks",Chloe Zhao,134.0,2022-03-08,Regency Enterprises,English,Canada,9.4,8102.0,343625968
2371,Movie_2371,4592777.0,Musical,"Zendaya, Emma Stone, Brad Pitt, Ryan Gosling",Morgan Blake,128.0,2017-04-06,Legendary Entertainment,French,Brazil,6.9,8280.0,4268625
2457,Movie_2457,10476196.0,Romance,"Saoirse Ronan, Riley Role",Steven Spielberg,122.0,2023-12-05,Metro-Goldwyn-Mayer,English,USA,7.6,13269.0,19186302
2772,Movie_2772,1964083.0,Thriller,"Ana de Armas, Lupita Nyong'o, Joaquin Phoenix, Tom Holland",Martin Scorsese,60.0,2016-03-12,Legendary Entertainment,English,Japan,6.3,4161.0,7546359
1138,Movie_1138,25849026.0,Horror,"Riley Role, Joaquin Phoenix, Awkwafina",Jordan Peele,101.0,2025-06-22,Universal Pictures,Portuguese,Germany,8.2,417.0,24192603
2124,Movie_2124,10656066.0,Mystery,"Jane Doe B, Margot Robbie",Ava DuVernay,146.0,2004-01-29,Walt Disney Pictures,English,China,5.3,9083.0,15735521
1499,Movie_1499,12578101.0,Mystery,"Tom Holland, Sandra Bullock, Amy Adams, Samuel L. Jackson",Chris Park,95.0,2024-09-05,Paramount Pictures,English,Japan,6.3,10842.0,9927239
2866,Movie_2866,15427135.0,Horror,"Benedict Cumberbatch, Meryl Streep, Pedro Pascal, Anya Taylor-Joy",Kathryn Bigelow,119.0,2004-03-13,Paramount Pictures,Japanese,France,8.9,10818.0,31314103
2850,Movie_2850,20249799.0,War,"Alex Actor, Taylor Thespian, Tom Hanks",Zack Snyder,101.0,2020-04-06,Focus Features,English,UK,5.8,11714.0,47035165
1340,Movie_1340,185905799.0,Family,"Chris Evans, Idris Elba",Taika Waititi,125.0,2004-07-19,Metro-Goldwyn-Mayer,Spanish,China,6.3,13329.0,585903628
2517,Movie_2517,10269923.0,Fantasy,"Brie Larson, Tom Holland",Denis Villeneuve,109.0,2012-03-01,Focus Features,English,France,5.7,15427.0,14942580
454,Movie_454,53855050.0,Crime,"Brie Larson, Idris Elba, Meryl Streep, Benedict Cumberbatch",John Smith,84.0,2014-08-30,DreamWorks,English,China,7.3,15620.0,169531413
914,Movie_914,15594661.0,Horror,"Taylor Thespian, Jennifer Lawrence, Will Smith, Leonardo DiCaprio",Guy Ritchie,143.0,2020-04-23,Walt Disney Pictures,French,Canada,7.6,6937.0,19437158
1200,Movie_1200,4079531.0,Thriller,"Awkwafina, Joaquin Phoenix, Amy Adams",Denis Villeneuve,102.0,2018-05-02,Annapurna Pictures,Italian,Canada,6.5,4077.0,9082065
1275,Movie_1275,14580274.0,Mystery,"Joaquin Phoenix, Charlize Theron, Saoirse Ronan, Amy Adams",Alex Rivera,81.0,2008-05-13,Walt Disney Pictures,French,Australia,7.6,7127.0,14353674
2391,Movie_2391,18436139.0,Sci-Fi,"Anya Taylor-Joy, Emma Stone",Steven Spielberg,99.0,2014-04-14,Walt Disney Pictures,French,Japan,7.2,14759.0,22177123
38,Movie_38,18765972.0,Horror,"Scarlett Johansson, Ryan Gosling, Brad Pitt, Viola Davis",Taika Waititi,,2023-06-02,Lionsgate,Spanish,Australia,7.8,14101.0,68448181
975,Movie_975,25396715.0,Thriller,"Riley Role, Saoirse Ronan, Charlize Theron",Ryan Coogler,83.0,2010-11-29,Regency Enterprises,French,Brazil,6.3,13241.0,24338736
2799,Movie_2799,3885438.0,Biography,"Timothée Chalamet, Oscar Isaac, Denzel Washington",Chris Park,,2011-05-25,Annapurna Pictures,English,Canada,5.9,14066.0,2126830
984,Movie_984,35754613.0,Biography,"Christian Bale, Brad Pitt, Amy Adams, John Doe A",Sofia Coppola,111.0,2009-04-25,Paramount Pictures,English,UK,6.7,12299.0,75441109
1860,Movie_1860,13360703.0,Crime,"Pat Player, Christian Bale, Lupita Nyong'o, Denzel Washington",David Fincher,87.0,2001-08-29,Regency Enterprises,English,Brazil,6.7,8743.0,51341793
2020,Movie_2020,810191.0,Thriller,"Anya Taylor-Joy, Christian Bale, Meryl Streep, Margot Robbie",Steven Spielberg,156.0,2016-06-12,Metro-Goldwyn-Mayer,English,Australia,6.9,5477.0,3442974
1419,Movie_1419,,Drama,"Tom Hanks, Taylor Thespian",Drew White,119.0,2021-07-26,Focus Features,English,Canada,8.9,12926.0,98069078
1285,Movie_1285,20015273.0,Mystery,"Timothée Chalamet, Ana de Armas, Anya Taylor-Joy, Gal Gadot",Jordan Peele,122.0,2013-06-23,Metro-Goldwyn-Mayer,Korean,France,6.8,9951.0,51870621
40,Movie_40,102979394.0,Adventure,"Timothée Chalamet, Margot Robbie, Tom Hanks",Jane Doe,113.0,2005-03-15,Metro-Goldwyn-Mayer,English,Japan,4.9,11440.0,170240365
1487,Movie_1487,47680747.0,Adventure,"Jane Doe B, Samuel L. Jackson, Morgan Freeman, John Doe A",Greta Gerwig,80.0,2014-09-20,Columbia Pictures,Chinese,USA,7.9,13442.0,56874017
1840,Movie_1840,7669669.0,Thriller,"Amy Adams, Morgan Freeman, Brie Larson",David Fincher,146.0,2001-09-30,Legendary Entertainment,Portuguese,UK,8.2,9201.0,11738246
170,Movie_170,13619070.0,Mystery,"Dwayne Johnson, Emma Stone, Jennifer Lawrence",Bong Joon-ho,113.0,2019-03-13,Village Roadshow,English,China,6.9,9845.0,61199736
1356,Movie_1356,28331000.0,Sci-Fi,"Sam Star, Ana de Armas, Brad Pitt, John Doe A",Damien Chazelle,81.0,2002-02-14,Walt Disney Pictures,English,South Korea,6.4,8312.0,43987789
738,Movie_738,147067777.0,War,"Sandra Bullock, Casey Celeb",Christopher Nolan,123.0,2023-03-29,Paramount Pictures,Italian,Australia,8.6,11034.0,180953014
1602,Movie_1602,9056175.0,Documentary,"Brie Larson, Christian Bale, Charlize Theron",Quentin Tarantino,133.0,2005-10-02,Blumhouse Productions,Japanese,USA,7.5,7593.0,5577975
2728,Movie_2728,32919604.0,Comedy,"Brad Pitt, Anya Taylor-Joy",Quentin Tarantino,,2021-11-02,Regency Enterprises,German,Australia,7.4,10645.0,47492004
1955,Movie_1955,149696911.0,Documentary,"Sam Star, Gal Gadot, Cate Blanchett, Saoirse Ronan",David Fincher,129.0,2024-04-29,Village Roadshow,Hindi,Canada,8.8,16557.0,216375821
635,Movie_635,36920153.0,Sci-Fi,"Viola Davis, Will Smith",Damien Chazelle,77.0,2012-11-01,Universal Pictures,English,USA,7.1,11623.0,234681968
2851,Movie_2851,9220044.0,Action,"Awkwafina, Casey Celeb, Gal Gadot, Alex Actor",Kathryn Bigelow,93.0,2000-09-24,Warner Bros.,English,UK,8.3,9776.0,21766261
2204,Movie_2204,4605869.0,Thriller,"Zendaya, Ana de Armas, Florence Pugh",Chris Park,127.0,2000-09-16,Village Roadshow,English,Australia,5.8,5767.0,5609846
1291,Movie_1291,2445810.0,Animation,"John Doe A, Saoirse Ronan",John Smith,105.0,2007-07-30,20th Century Studios,Korean,Australia,7.5,11364.0,3294836
1381,Movie_1381,11971395.0,Documentary,"Lupita Nyong'o, Tom Hanks",Peter Jackson,117.0,2022-08-23,New Line Cinema,English,Brazil,7.6,11041.0,37001766
580,Movie_580,65714692.0,Romance,"Leonardo DiCaprio, Emma Stone",Sofia Coppola,99.0,2012-05-13,Universal Pictures,English,India,7.7,13766.0,215100191
329,Movie_329,5413074.0,Comedy,"Emma Stone, Morgan Freeman, Riley Role",Alex Rivera,81.0,2004-10-11,Lionsgate,English,Italy,7.1,9555.0,11234844
1695,Movie_1695,10892436.0,Musical,"Meryl Streep, Amy Adams, Timothée Chalamet, Christian Bale",Ridley Scott,113.0,2003-03-23,Legendary Entertainment,Spanish,Germany,6.9,14055.0,8934223
893,Movie_893,14096385.0,Family,"Morgan Freeman, John Doe A, Scarlett Johansson, Benedict Cumberbatch",Sam Mendes,84.0,2023-12-27,Warner Bros.,English,Brazil,6.6,2551.0,52499512
2508,Movie_2508,51650346.0,War,"Samuel L. Jackson, Chris Evans",Ava DuVernay,105.0,2016-03-27,Annapurna Pictures,French,Australia,8.7,14105.0,31073240
781,Movie_781,155927499.0,Documentary,"Oscar Isaac, John Doe A, Joaquin Phoenix, Pedro Pascal",Chris Park,,2022-04-16,Universal Pictures,English,Brazil,6.6,18200.0,37519746
160,Movie_160,10103261.0,Biography,"Morgan Screen, Casey Celeb",Christopher Nolan,60.0,2014-04-02,A24,English,Italy,7.8,,20347690
1597,Movie_1597,22517450.0,Documentary,"Oscar Isaac, Will Smith",James Cameron,133.0,2014-12-31,Legendary Entertainment,Chinese,South Korea,9.1,14244.0,24507725
2666,Movie_2666,7433593.0,Western,"Pedro Pascal, Lupita Nyong'o, Ryan Gosling, Emma Stone",Chloe Zhao,80.0,2025-10-22,Village Roadshow,English,Australia,9.5,5744.0,17354528
2349,Movie_2349,20269588.0,Crime,"Idris Elba, Joaquin Phoenix, Casey Celeb, Awkwafina",Chloe Zhao,106.0,2010-05-27,20th Century Studios,Portuguese,China,8.4,11527.0,36135471
62,Movie_62,53891859.0,Animation,"Morgan Freeman, Joaquin Phoenix, Oscar Isaac, Morgan Screen",Sam Mendes,,2000-04-22,Universal Pictures,German,Germany,7.1,11539.0,42354419
850,Movie_850,71005862.0,Thriller,"Brie Larson, Charlize Theron",Sofia Coppola,111.0,2012-01-16,Metro-Goldwyn-Mayer,English,India,6.5,15325.0,115575976
2361,Movie_2361,20853588.0,Sci-Fi,"Scarlett Johansson, Gal Gadot",Peter Jackson,103.0,2001-03-26,20th Century Studios,French,China,8.4,11977.0,90848511
2922,Movie_2922,35076030.0,Adventure,"Awkwafina, Pat Player, Idris Elba",Taylor Green,72.0,2011-07-30,Universal Pictures,French,UK,7.0,15799.0,27857712
1661,Movie_1661,16470383.0,Western,"Jake Gyllenhaal, Jane Doe B, Emma Stone, Sandra Bullock",Taylor Green,113.0,2023-02-14,Paramount Pictures,Japanese,Germany,6.1,9991.0,10743194
1044,Movie_1044,68212877.0,Musical,"John Doe A, Ryan Gosling, Charlize Theron",Guillermo del Toro,80.0,2004-04-20,Paramount Pictures,English,China,5.6,15398.0,52152756
2523,Movie_2523,348131349.0,Animation,"Gal Gadot, Brie Larson",Guillermo del Toro,140.0,2020-05-12,Warner Bros.,English,Italy,6.8,15076.0,787695915
1545,Movie_1545,6367529.0,Animation,"Morgan Freeman, Gal Gadot, Jake Gyllenhaal, Florence Pugh",Jane Doe,162.0,2006-06-17,A24,Hindi,India,5.5,7829.0,6103093
1993,Movie_1993,17255902.0,War,"Ryan Gosling, Viola Davis, Alex Actor, Florence Pugh",Sofia Coppola,93.0,2006-08-28,Universal Pictures,English,UK,8.2,10373.0,23138958
1671,Movie_1671,9436829.0,Sci-Fi,"Jordan Talent, Morgan Freeman, Alex Actor, Amy Adams",Michael Bay,91.0,2001-04-05,Searchlight Pictures,English,Australia,8.1,9115.0,23525619
1071,Movie_1071,21251624.0,Adventure,"Riley Role, Brie Larson, Margot Robbie",Chloe Zhao,90.0,2012-05-22,Blumhouse Productions,Chinese,South Korea,8.5,3763.0,42476935
54,Movie_54,64018824.0,Horror,"Timothée Chalamet, Anya Taylor-Joy",Chloe Zhao,93.0,2013-05-20,Metro-Goldwyn-Mayer,Hindi,USA,7.6,10109.0,121943316
2469,Movie_2469,36206419.0,Comedy,"Charlize Theron, Jennifer Lawrence, Brie Larson",James Cameron,100.0,2010-05-24,Legendary Entertainment,English,Japan,7.4,10399.0,87653778
259,Movie_259,21694982.0,Western,"Anya Taylor-Joy, Meryl Streep, Oscar Isaac",Sam Mendes,168.0,2009-10-30,Regency Enterprises,French,Brazil,6.4,15743.0,15589259
506,Movie_506,18695123.0,Comedy,"Jennifer Lawrence, Dwayne Johnson, Tom Holland, Margot Robbie",Wes Anderson,99.0,2024-11-23,New Line Cinema,French,UK,6.6,11767.0,23896723
753,Movie_753,29604108.0,Animation,"Tom Hanks, Sandra Bullock",Drew White,105.0,2007-07-06,Paramount Pictures,Spanish,Brazil,6.1,10053.0,81167617
2388,Movie_2388,12330579.0,Thriller,"Anya Taylor-Joy, Tom Holland, Timothée Chalamet, Awkwafina",Damien Chazelle,164.0,2005-07-11,DreamWorks,Portuguese,South Korea,8.7,7443.0,15403319
218,Movie_218,31970636.0,Biography,"Pedro Pascal, Ana de Armas, Pat Player",John Smith,130.0,2008-07-20,Searchlight Pictures,English,USA,6.7,4950.0,26256288
825,Movie_825,6497184.0,Western,"Taylor Thespian, Lupita Nyong'o, Margot Robbie",Patty Jenkins,101.0,2010-05-29,DreamWorks,Portuguese,India,6.7,12761.0,8330775
2551,Movie_2551,5746867.0,Drama,"Morgan Freeman, Florence Pugh, Christian Bale",Drew White,97.0,2014-02-09,NEON,English,UK,6.4,6838.0,14749665
432,Movie_432,48968674.0,Thriller,"Ana de Armas, Christian Bale",Steven Spielberg,114.0,2015-01-29,Focus Features,Italian,India,6.2,13565.0,76658864
2298,Movie_2298,1363728.0,Documentary,"Natalie Portman, Pedro Pascal, Tom Holland",Peter Jackson,138.0,2000-02-14,Warner Bros.,Hindi,China,8.0,7681.0,708747
1390,Movie_1390,5284847.0,Comedy,"Joaquin Phoenix, Benedict Cumberbatch, Scarlett Johansson",Taika Waititi,110.0,2007-10-04,A24,English,Germany,6.7,5108.0,32886567
2530,Movie_2530,61922265.0,Thriller,"Tom Hanks, Casey Celeb, Jake Gyllenhaal, Jane Doe B",Chloe Zhao,102.0,2016-04-20,Lionsgate,German,Brazil,7.8,15291.0,97499732
1267,Movie_1267,19221246.0,Comedy,"Jake Gyllenhaal, Anya Taylor-Joy, Joaquin Phoenix, Timothée Chalamet",Steven Spielberg,105.0,2017-10-14,Focus Features,English,Germany,8.4,11484.0,79318148
2632,Movie_2632,3282025.0,Sci-Fi,"John Doe A, Awkwafina",Greta Gerwig,112.0,2025-04-30,Lionsgate,Hindi,South Korea,8.0,4603.0,4663740
1764,Movie_1764,46138713.0,Action,"Zendaya, Oscar Isaac, Scarlett Johansson, Lupita Nyong'o",Patty Jenkins,106.0,2007-07-19,Legendary Entertainment,German,France,7.0,12663.0,56478945
772,Movie_772,5451750.0,Action,"Gal Gadot, Jordan Talent, Florence Pugh",Barry Jenkins,105.0,2015-10-14,Paramount Pictures,Chinese,Australia,7.7,13100.0,3983123
2832,Movie_2832,39645922.0,Drama,"Anya Taylor-Joy, Ryan Gosling, Christian Bale",Michael Bay,74.0,2006-03-31,Annapurna Pictures,French,USA,5.9,6011.0,36286518
2169,Movie_2169,352694112.0,Animation,"Christian Bale, Awkwafina",James Cameron,122.0,2009-08-01,Paramount Pictures,Hindi,Australia,8.4,18103.0,1291915753
2714,Movie_2714,7921658.0,Family,"Margot Robbie, Natalie Portman, Pedro Pascal",Kathryn Bigelow,60.0,2008-09-24,Universal Pictures,Spanish,China,7.1,15060.0,8511417
1086,Movie_1086,8337064.0,Biography,"Denzel Washington, Alex Actor, Margot Robbie",Pat Quinn,114.0,2024-11-07,Focus Features,Hindi,Japan,8.1,8147.0,12566162
1772,Movie_1772,10890056.0,Western,"Amy Adams, Sam Star, Charlize Theron, Oscar Isaac",Christopher Nolan,105.0,2003-06-01,Metro-Goldwyn-Mayer,Japanese,South Korea,7.4,9481.0,22153351
1584,Movie_1584,15590224.0,Biography,"Morgan Freeman, Lupita Nyong'o, Margot Robbie, Jake Gyllenhaal",David Fincher,105.0,2021-01-31,Universal Pictures,Italian,Brazil,10.0,10975.0,45153503
1326,Movie_1326,47363978.0,Action,"Denzel Washington, Jake Gyllenhaal",Ava DuVernay,136.0,2002-11-05,Village Roadshow,English,Brazil,8.8,9549.0,143029066
2287,Movie_2287,40719992.0,Western,"Gal Gadot, Jake Gyllenhaal, Scarlett Johansson",Taika Waititi,79.0,2024-05-27,Paramount Pictures,Italian,South Korea,8.6,6848.0,66779587
1607,Movie_1607,14947709.0,Romance,"Joaquin Phoenix, Meryl Streep, Tom Holland",Denis Villeneuve,101.0,2007-04-27,Regency Enterprises,German,Japan,8.0,14082.0,8197865
1767,Movie_1767,8608542.0,Musical,"Morgan Screen, John Doe A",Patty Jenkins,134.0,2001-04-13,Metro-Goldwyn-Mayer,English,France,5.6,3232.0,12970979
2923,Movie_2923,400000000.0,Drama,"Joaquin Phoenix, Taylor Thespian, Morgan Freeman, Chris Evans",John Smith,105.0,2002-03-04,Universal Pictures,English,Germany,6.4,12730.0,847660134
2285,Movie_2285,4199945.0,Adventure,"Denzel Washington, Sandra Bullock",Martin Scorsese,99.0,2010-10-17,Regency Enterprises,Hindi,Canada,8.9,9851.0,12409341
1733,Movie_1733,2131814.0,Western,"Morgan Screen, Ryan Gosling, Gal Gadot",Jane Doe,74.0,2024-01-17,New Line Cinema,English,Canada,6.8,9436.0,3678031
2777,Movie_2777,15937353.0,Biography,"Dwayne Johnson, Natalie Portman, Oscar Isaac, Casey Celeb",Ridley Scott,126.0,2002-11-16,Legendary Entertainment,English,Italy,7.9,5460.0,40269340
1768,Movie_1768,,Romance,"Margot Robbie, Brie Larson, Jane Doe B, Scarlett Johansson",Chloe Zhao,119.0,2012-03-14,Legendary Entertainment,English,South Korea,7.0,13320.0,117124873
1164,Movie_1164,13221348.0,Adventure,"Denzel Washington, Ana de Armas, Meryl Streep",Alex Rivera,121.0,2005-01-19,Annapurna Pictures,English,Australia,6.5,11004.0,24449923
964,Movie_964,8974540.0,Sci-Fi,"Timothée Chalamet, Casey Celeb",Taylor Green,77.0,2021-04-26,Amblin Entertainment,Portuguese,South Korea,6.6,13052.0,12637069
2932,Movie_2932,24811523.0,Documentary,"Robert Downey Jr., Viola Davis, Benedict Cumberbatch",Morgan Blake,86.0,2016-09-01,Universal Pictures,English,Germany,7.4,6005.0,33676767
1715,Movie_1715,55055424.0,Sci-Fi,"Cate Blanchett, Meryl Streep",Bong Joon-ho,113.0,2012-07-03,Columbia Pictures,English,Japan,,10443.0,505028166
399,Movie_399,182615431.0,Sci-Fi,"Emma Stone, Gal Gadot",Bong Joon-ho,140.0,2000-02-29,Metro-Goldwyn-Mayer,Chinese,China,6.7,8038.0,693538640
585,Movie_585,58275333.0,Crime,"Joaquin Phoenix, Tom Holland",Ridley Scott,81.0,2001-06-13,NEON,English,India,8.5,11242.0,306388314
949,Movie_949,69283618.0,War,"Emma Stone, Samuel L. Jackson, Margot Robbie, Denzel Washington",Peter Jackson,97.0,2023-12-03,Columbia Pictures,Korean,India,5.6,9548.0,223006695
705,Movie_705,10795296.0,Horror,"Jennifer Lawrence, Meryl Streep",Taika Waititi,121.0,2014-08-22,Blumhouse Productions,English,Italy,6.8,10585.0,40380806
432,Movie_432,48968674.0,Thriller,"Ana de Armas, Christian Bale",Steven Spielberg,114.0,2015-01-29,Focus Features,Italian,India,6.2,13565.0,76582282
293,Movie_293,236684250.0,Drama,"Robert Downey Jr., Jordan Talent, Margot Robbie, Dwayne Johnson",James Cameron,107.0,2021-01-05,Regency Enterprises,French,China,,14938.0,778529071
146,Movie_146,59196738.0,Action,"Zendaya, Pat Player, Awkwafina",Sam Mendes,120.0,2011-10-09,DreamWorks,English,South Korea,6.7,7513.0,61974577
324,Movie_324,53965817.0,Animation,"Christian Bale, Idris Elba, Chris Evans",Casey Brown,79.0,2008-12-21,Village Roadshow,Korean,Canada,6.7,11105.0,93608654
2132,Movie_2132,14078403.0,Comedy,"Jane Doe B, Margot Robbie",Greta Gerwig,111.0,2009-04-17,A24,Spanish,China,8.6,9442.0,22937458
1166,Movie_1166,32488702.0,Romance,"Jane Doe B, Timothée Chalamet, Samuel L. Jackson, Scarlett Johansson",Wes Anderson,98.0,2022-05-20,Legendary Entertainment,Spanish,India,6.3,8526.0,14440993
1453,Movie_1453,,Musical,"Charlize Theron, Tom Holland, Pat Player",Kathryn Bigelow,109.0,2020-10-31,Searchlight Pictures,Spanish,China,6.7,2409.0,1221503
3,Movie_3,69331385.0,Family,"Cate Blanchett, Florence Pugh",Christopher Nolan,104.0,2009-03-08,Blumhouse Productions,French,Japan,6.0,9539.0,212843468
577,Movie_577,34355729.0,Drama,"Taylor Thespian, Casey Celeb, Scarlett Johansson",Drew White,94.0,2011-05-30,New Line Cinema,English,Brazil,7.8,,96886712
1859,Movie_1859,172227648.0,Mystery,"Natalie Portman, Leonardo DiCaprio, Gal Gadot, Charlize Theron",Ridley Scott,120.0,2017-05-22,Warner Bros.,Chinese,South Korea,8.5,16517.0,357353590
340,Movie_340,33699635.0,Thriller,"Florence Pugh, Leonardo DiCaprio, Timothée Chalamet",Bong Joon-ho,104.0,2004-04-22,Regency Enterprises,English,Brazil,8.2,10765.0,102285583
1836,Movie_1836,52579052.0,Horror,"Idris Elba, Tom Hanks, Samuel L. Jackson, Sam Star",Greta Gerwig,137.0,2021-07-20,Focus Features,English,Japan,8.3,10673.0,120830729
1717,Movie_1717,19360020.0,Western,"Christian Bale, Emma Stone, Morgan Freeman, Leonardo DiCaprio",Taika Waititi,81.0,2014-09-04,Blumhouse Productions,Spanish,India,6.9,11142.0,58193702
926,Movie_926,7591724.0,Adventure,"Will Smith, Taylor Thespian, Brie Larson",Peter Jackson,97.0,2022-09-16,Amblin Entertainment,English,Japan,9.0,12026.0,55332953
266,Movie_266,132097430.0,Documentary,"Idris Elba, Will Smith, Taylor Thespian, Benedict Cumberbatch",Sofia Coppola,141.0,2021-03-06,Blumhouse Productions,Japanese,Italy,5.6,11060.0,28710829
377,Movie_377,66260358.0,Thriller,"Casey Celeb, Natalie Portman, Samuel L. Jackson",Michael Bay,68.0,2017-01-05,20th Century Studios,English,UK,7.9,14255.0,170511530
2214,Movie_2214,5482577.0,War,"Brad Pitt, Robert Downey Jr., Zendaya, Amy Adams",Sofia Coppola,119.0,2014-12-02,Walt Disney Pictures,German,Brazil,6.6,12419.0,4218421
1464,Movie_1464,58437718.0,Mystery,"Zendaya, Brie Larson, Leonardo DiCaprio, Oscar Isaac",Ridley Scott,162.0,2012-08-20,20th Century Studios,French,Canada,7.2,11885.0,180746148
272,Movie_272,26045305.0,War,"Jennifer Lawrence, Alex Actor, Christian Bale",Pat Quinn,99.0,2014-01-16,Village Roadshow,English,Japan,7.7,11366.0,43623070
697,Movie_697,46723166.0,Adventure,"Saoirse Ronan, Charlize Theron, Casey Celeb",Alex Rivera,119.0,2017-10-26,Metro-Goldwyn-Mayer,English,Canada,7.4,10208.0,202647256
1810,Movie_1810,8491111.0,Drama,"Denzel Washington, Joaquin Phoenix",Guy Ritchie,115.0,2003-04-13,Village Roadshow,English,UK,7.7,11940.0,18802550
245,Movie_245,,Musical,"Ryan Gosling, Gal Gadot",Martin Scorsese,104.0,2017-05-18,Regency Enterprises,Japanese,Japan,8.3,12065.0,56060513
2894,Movie_2894,,Documentary,"Viola Davis, Zendaya",Casey Brown,117.0,2008-01-31,A24,Hindi,India,5.3,15806.0,93553616
477,Movie_477,8248976.0,Action,"John Doe A, Lupita Nyong'o, Jordan Talent, Amy Adams",Quentin Tarantino,92.0,2020-08-28,Searchlight Pictures,English,Italy,6.8,11281.0,27055858
1748,Movie_1748,44687901.0,Animation,"Sandra Bullock, Cate Blanchett",David Fincher,125.0,2000-07-14,A24,English,South Korea,9.8,16263.0,470086930
2234,Movie_2234,4805037.0,Fantasy,"John Doe A, Jake Gyllenhaal, Awkwafina",Jamie Lee,136.0,2006-11-05,Annapurna Pictures,English,UK,6.5,9098.0,6555689
1903,Movie_1903,2468908.0,War,"Zendaya, John Doe A, Saoirse Ronan, Robert Downey Jr.",Ryan Coogler,93.0,2008-05-01,DreamWorks,English,Australia,7.7,2085.0,9990540
1781,Movie_1781,40709700.0,Western,"Jake Gyllenhaal, Margot Robbie",Taika Waititi,110.0,2016-04-24,Village Roadshow,Japanese,USA,5.7,13745.0,61675433
2813,Movie_2813,11238065.0,Horror,"Cate Blanchett, Natalie Portman, Pat Player, Gal Gadot",Sofia Coppola,120.0,2012-03-13,20th Century Studios,Italian,Canada,8.1,5859.0,8191724
2984,Movie_2984,68435086.0,Documentary,"Tom Hanks, Samuel L. Jackson",Peter Jackson,85.0,2020-10-09,Walt Disney Pictures,Hindi,France,9.7,9545.0,118827880
1981,Movie_1981,86750179.0,Drama,"Morgan Screen, Natalie Portman",Tim Burton,116.0,2001-03-31,Focus Features,Spanish,Germany,7.2,11562.0,148212506
1925,Movie_1925,19854684.0,Mystery,"Will Smith, Ryan Gosling",Denis Villeneuve,87.0,2002-04-20,NEON,French,Brazil,8.4,11325.0,65347517
251,Movie_251,14070038.0,Western,"Sandra Bullock, Jordan Talent",Guillermo del Toro,120.0,2004-07-21,DreamWorks,German,Canada,5.4,9720.0,15618279
414,Movie_414,154278772.0,Family,"Sandra Bullock, Chris Evans",Guillermo del Toro,63.0,2019-11-12,Blumhouse Productions,English,China,5.9,17810.0,162707321
546,Movie_546,158361830.0,Crime,"Gal Gadot, Amy Adams, Christian Bale",Taylor Green,90.0,2020-01-14,Blumhouse Productions,English,China,7.4,8254.0,601079023
1194,Movie_1194,153693536.0,Crime,"Will Smith, Saoirse Ronan, Jake Gyllenhaal",Taika Waititi,71.0,2006-07-19,Paramount Pictures,German,China,6.2,12935.0,368802807
739,Movie_739,31572257.0,Comedy,"Robert Downey Jr., Lupita Nyong'o, Timothée Chalamet",Guillermo del Toro,100.0,2008-10-26,Blumhouse Productions,French,USA,6.6,4567.0,52153444
311,Movie_311,33350170.0,Comedy,"Cate Blanchett, Pat Player, Dwayne Johnson, Chris Evans",Tim Burton,84.0,2015-05-09,Annapurna Pictures,Spanish,India,5.7,,35153283
1742,Movie_1742,2147844.0,Adventure,"Jane Doe B, Joaquin Phoenix, Taylor Thespian",Taika Waititi,114.0,2012-01-19,DreamWorks,English,Canada,6.5,2861.0,7870018
894,Movie_894,65005293.0,War,"Emma Stone, Idris Elba, Samuel L. Jackson",Drew White,113.0,2025-07-22,New Line Cinema,English,USA,10.0,8977.0,186945443
1132,Movie_1132,3492660.0,Adventure,"Meryl Streep, Casey Celeb",Christopher Nolan,95.0,2002-12-20,Regency Enterprises,Korean,Australia,8.0,5989.0,4881318
1450,Movie_1450,163350788.0,Thriller,"Benedict Cumberbatch, Scarlett Johansson, Taylor Thespian",Zack Snyder,99.0,2012-11-02,Paramount Pictures,English,Brazil,6.7,10850.0,247922244
2937,Movie_2937,58827369.0,War,"Chris Evans, Tom Hanks, Oscar Isaac",David Fincher,145.0,2020-05-03,DreamWorks,English,Japan,7.5,12379.0,138631715
16,Movie_16,132035233.0,Horror,"Ryan Gosling, Alex Actor",David Fincher,135.0,2018-03-12,Searchlight Pictures,Spanish,UK,6.9,6812.0,98690919
2008,Movie_2008,21201866.0,Horror,"Awkwafina, Will Smith, Samuel L. Jackson, Viola Davis",Greta Gerwig,112.0,2018-08-03,DreamWorks,Hindi,Canada,8.1,14081.0,46401245
722,Movie_722,11824251.0,Romance,"Saoirse Ronan, Timothée Chalamet, Jake Gyllenhaal, Pedro Pascal",Tim Burton,105.0,2025-10-31,Focus Features,Portuguese,India,8.7,10192.0,8913748
1421,Movie_1421,400000000.0,Horror,"Casey Celeb, Charlize Theron, Zendaya",Jamie Lee,155.0,2006-12-10,Metro-Goldwyn-Mayer,Spanish,South Korea,8.6,18031.0,150696652
2662,Movie_2662,4552230.0,Fantasy,"Sam Star, John Doe A, Viola Davis",Jordan Peele,72.0,2017-05-30,New Line Cinema,Hindi,Australia,7.6,5313.0,10546175
982,Movie_982,8878916.0,Action,"Denzel Washington, Tom Hanks, Sam Star",Tim Burton,110.0,2010-07-09,Warner Bros.,English,South Korea,7.6,7414.0,62276597
2059,Movie_2059,38220009.0,Horror,"Natalie Portman, Leonardo DiCaprio",Greta Gerwig,96.0,2014-10-17,Regency Enterprises,Italian,Australia,7.3,5504.0,106040150
1540,Movie_1540,14043224.0,Mystery,"Morgan Screen, Will Smith, Anya Taylor-Joy, Charlize Theron",Casey Brown,107.0,2000-09-06,Universal Pictures,English,China,6.7,9341.0,15489130
2747,Movie_2747,15256373.0,Action,"Awkwafina, Jane Doe B, Benedict Cumberbatch",Zack Snyder,109.0,2011-09-19,Blumhouse Productions,Chinese,India,8.6,17249.0,11054252
1551,Movie_1551,33829337.0,Sci-Fi,"Jane Doe B, Natalie Portman, Brad Pitt, Amy Adams",Guillermo del Toro,63.0,2003-03-07,Regency Enterprises,Chinese,Canada,7.6,11942.0,36493543
2448,Movie_2448,40866094.0,Mystery,"Zendaya, Benedict Cumberbatch, Margot Robbie",Quentin Tarantino,60.0,2022-12-05,Amblin Entertainment,English,Japan,7.2,13951.0,101951583
364,Movie_364,4812776.0,Thriller,"Brie Larson, Denzel Washington",Damien Chazelle,132.0,2005-07-20,Amblin Entertainment,French,Brazil,6.2,14243.0,13999416
983,Movie_983,3969764.0,Adventure,"Pat Player, Florence Pugh",Patty Jenkins,121.0,2015-12-04,Legendary Entertainment,Hindi,Canada,6.8,7413.0,9513723
183,Movie_183,17187667.0,Thriller,"Lupita Nyong'o, Jake Gyllenhaal",Damien Chazelle,97.0,2023-07-28,DreamWorks,English,India,7.6,9100.0,50527143
986,Movie_986,11398008.0,Family,"Viola Davis, Taylor Thespian",Chris Park,124.0,2000-01-29,Blumhouse Productions,English,Italy,5.6,13091.0,25162422
2163,Movie_2163,13385582.0,Action,"Joaquin Phoenix, Sam Star, Casey Celeb, Alex Actor",Tim Burton,136.0,2024-08-05,Regency Enterprises,English,South Korea,8.2,10056.0,57912068
1195,Movie_1195,12065176.0,Sci-Fi,"Timothée Chalamet, Zendaya, Amy Adams",Steven Spielberg,128.0,2016-10-17,Annapurna Pictures,German,France,6.3,10731.0,38083863
1823,Movie_1823,56293711.0,War,"Florence Pugh, Cate Blanchett, Timothée Chalamet, Viola Davis",Guillermo del Toro,93.0,2006-08-26,A24,Japanese,Germany,5.5,9697.0,47728786
1728,Movie_1728,42768419.0,Animation,"Timothée Chalamet, Denzel Washington, Morgan Screen",Denis Villeneuve,142.0,2023-07-27,Columbia Pictures,Italian,India,7.9,9029.0,27715037
1122,Movie_1122,15208453.0,Crime,"Jennifer Lawrence, Casey Celeb, Scarlett Johansson, Jake Gyllenhaal",James Cameron,136.0,2018-09-18,20th Century Studios,English,UK,6.9,11638.0,61490210
188,Movie_188,58778607.0,Action,"Casey Celeb, John Doe A, Emma Stone, Jennifer Lawrence",Peter Jackson,162.0,2016-08-04,Searchlight Pictures,Spanish,Italy,7.5,13718.0,324985796
620,Movie_620,8678722.0,Romance,"Tom Hanks, Pat Player, Jane Doe B",Ryan Coogler,89.0,2002-01-11,NEON,Japanese,France,7.1,9477.0,12303199
2784,Movie_2784,210885969.0,Mystery,"Taylor Thespian, Jordan Talent, Charlize Theron, Tom Holland",Damien Chazelle,110.0,2018-06-03,Universal Pictures,French,China,8.9,15546.0,338770286
1176,Movie_1176,87407092.0,Mystery,"Saoirse Ronan, John Doe A, Samuel L. Jackson",Bong Joon-ho,130.0,2025-04-23,Regency Enterprises,Spanish,USA,9.5,12615.0,253383467
1183,Movie_1183,44387022.0,War,"Margot Robbie, Anya Taylor-Joy, Sandra Bullock",Sam Mendes,132.0,2010-08-28,NEON,English,India,7.7,8763.0,62452025
2409,Movie_2409,10324761.0,Romance,"Lupita Nyong'o, Pedro Pascal, Oscar Isaac, Joaquin Phoenix",Christopher Nolan,114.0,2019-08-19,Focus Features,Chinese,USA,8.6,11225.0,16233896
2224,Movie_2224,9425892.0,Sci-Fi,"Dwayne Johnson, Robert Downey Jr., Natalie Portman, Chris Evans",Bong Joon-ho,105.0,2006-10-12,A24,English,South Korea,7.7,9041.0,54358625
615,Movie_615,54256933.0,Mystery,"John Doe A, Leonardo DiCaprio, Jennifer Lawrence",Taika Waititi,,2000-12-16,A24,English,Italy,7.1,11072.0,209618655
1514,Movie_1514,17810846.0,Animation,"Idris Elba, Will Smith, Casey Celeb, Emma Stone",James Cameron,109.0,2023-05-10,Village Roadshow,English,China,7.8,11780.0,70136832
1467,Movie_1467,3564482.0,Documentary,"Morgan Freeman, Scarlett Johansson, Sandra Bullock",Jordan Peele,138.0,2009-11-12,Blumhouse Productions,English,China,,8980.0,7377121
402,Movie_402,9478756.0,Thriller,"Natalie Portman, Florence Pugh, Joaquin Phoenix",Pat Quinn,68.0,2020-09-08,Amblin Entertainment,English,India,6.1,18744.0,7566727
995,Movie_995,18873833.0,Documentary,"Oscar Isaac, Jordan Talent",Denis Villeneuve,104.0,2014-07-05,Columbia Pictures,Chinese,China,7.4,5926.0,8396335
935,Movie_935,49889603.0,Sci-Fi,"Tom Holland, Sandra Bullock, Taylor Thespian",Peter Jackson,93.0,2010-10-07,Amblin Entertainment,Hindi,Australia,8.8,10274.0,180291809
372,Movie_372,8823639.0,Horror,"Margot Robbie, Emma Stone, Zendaya, Pat Player",Sam Mendes,126.0,2023-07-02,A24,English,France,7.4,8727.0,13592612
1980,Movie_1980,17636041.0,Sci-Fi,"Saoirse Ronan, Jane Doe B, Pedro Pascal, Cate Blanchett",Kathryn Bigelow,105.0,2013-06-10,Columbia Pictures,Chinese,UK,6.5,11006.0,27422650
2189,Movie_2189,3193336.0,Comedy,"Dwayne Johnson, Pat Player, Tom Holland",David Fincher,94.0,2015-02-17,DreamWorks,German,Germany,6.8,7618.0,8097083
594,Movie_594,33841586.0,Adventure,"Ana de Armas, Jake Gyllenhaal",Guy Ritchie,168.0,2015-10-09,Warner Bros.,English,Canada,7.5,12503.0,97393077
1968,Movie_1968,110719866.0,Animation,"Will Smith, Tom Hanks, Sam Star",Alex Rivera,91.0,2003-10-21,Metro-Goldwyn-Mayer,French,Japan,8.4,6976.0,127112894
727,Movie_727,7955301.0,Documentary,"Chris Evans, Jake Gyllenhaal",Martin Scorsese,109.0,2010-12-04,Legendary Entertainment,English,China,7.5,7047.0,24545374
827,Movie_827,18179874.0,Thriller,"Robert Downey Jr., Emma Stone",Kathryn Bigelow,75.0,2014-06-18,Annapurna Pictures,English,Germany,6.6,13404.0,53937787
1727,Movie_1727,50515040.0,Horror,"Chris Evans, Casey Celeb",Patty Jenkins,147.0,2015-01-19,Walt Disney Pictures,English,India,8.4,14704.0,201945495
688,Movie_688,400000000.0,Sci-Fi,"Taylor Thespian, Alex Actor",Alex Rivera,84.0,2012-10-14,Annapurna Pictures,English,Australia,7.3,9251.0,1175818538
2239,Movie_2239,53285562.0,Biography,"Anya Taylor-Joy, Alex Actor, Zendaya",Zack Snyder,107.0,2025-03-23,DreamWorks,Italian,Brazil,6.3,14594.0,38774144
137,Movie_137,69005232.0,Action,"Christian Bale, Joaquin Phoenix, Will Smith",Peter Jackson,118.0,2022-06-29,Annapurna Pictures,Japanese,USA,8.2,15741.0,346393430
2476,Movie_2476,47859301.0,Family,"Ryan Gosling, Viola Davis",Chris Park,109.0,2017-01-04,Regency Enterprises,Portuguese,Japan,6.1,10469.0,94630516
629,Movie_629,29472352.0,Action,"Anya Taylor-Joy, Gal Gadot, Morgan Freeman",Wes Anderson,145.0,2003-11-29,New Line Cinema,English,France,8.3,11125.0,126728121
335,Movie_335,163727560.0,Documentary,"Saoirse Ronan, Natalie Portman, Samuel L. Jackson, Lupita Nyong'o",Greta Gerwig,84.0,2007-09-13,A24,Portuguese,Japan,8.8,8412.0,153706686
391,Movie_391,23140406.0,Fantasy,"Ana de Armas, Dwayne Johnson, Chris Evans",Michael Bay,102.0,2011-09-26,Focus Features,English,USA,7.4,14993.0,74648483
2334,Movie_2334,26831695.0,Sci-Fi,"Oscar Isaac, Idris Elba, Saoirse Ronan",Drew White,129.0,2002-11-01,New Line Cinema,German,China,6.2,13603.0,27924069
1110,Movie_1110,16382971.0,Adventure,"Ryan Gosling, Charlize Theron, Zendaya, Oscar Isaac",Ava DuVernay,123.0,2024-05-15,Warner Bros.,English,USA,8.3,9727.0,66221534
1790,Movie_1790,4798131.0,Family,"Amy Adams, Ana de Armas, Pat Player",James Cameron,89.0,2013-07-20,Lionsgate,Japanese,China,9.0,8422.0,9141395
2727,Movie_2727,36200277.0,Horror,"Ryan Gosling, Idris Elba",David Fincher,123.0,2022-03-06,Columbia Pictures,English,UK,7.5,10910.0,145429611
711,Movie_711,104557175.0,Comedy,"Alex Actor, Morgan Freeman",Guy Ritchie,181.0,2017-08-17,Walt Disney Pictures,English,South Korea,6.8,12925.0,333929228
1040,Movie_1040,56401271.0,Animation,"Cate Blanchett, Jordan Talent, Joaquin Phoenix, Christian Bale",Chris Park,107.0,2012-08-17,Warner Bros.,English,Italy,7.8,12942.0,82792734
1940,Movie_1940,19242819.0,Family,"Viola Davis, Brad Pitt, Charlize Theron",Jane Doe,152.0,2013-07-31,Metro-Goldwyn-Mayer,Hindi,France,8.0,11690.0,23598125
1905,Movie_1905,105928223.0,Action,"Cate Blanchett, Scarlett Johansson, Leonardo DiCaprio, Pedro Pascal",Quentin Tarantino,114.0,2021-10-24,Columbia Pictures,Italian,Germany,5.7,15535.0,118731163
2623,Movie_2623,52076434.0,Romance,"Jake Gyllenhaal, Denzel Washington, Lupita Nyong'o",David Fincher,71.0,2025-03-09,Focus Features,Portuguese,Canada,9.8,7533.0,84247615
1562,Movie_1562,22590692.0,Sci-Fi,"Lupita Nyong'o, Riley Role, Tom Holland, Anya Taylor-Joy",James Cameron,115.0,2003-06-19,Amblin Entertainment,English,Italy,7.2,13777.0,78827471
2786,Movie_2786,3290026.0,Sci-Fi,"John Doe A, Brad Pitt, Casey Celeb, Pat Player",Chris Park,127.0,2020-04-04,Universal Pictures,English,Brazil,6.8,7981.0,2984451
1595,Movie_1595,14876895.0,Musical,"Florence Pugh, Viola Davis, Taylor Thespian",Jamie Lee,101.0,2016-02-16,NEON,Hindi,Japan,5.2,4508.0,8830669
2878,Movie_2878,133628359.0,Adventure,"Christian Bale, Taylor Thespian, Florence Pugh",Peter Jackson,106.0,2016-09-19,A24,English,France,8.1,14017.0,1126284916
2548,Movie_2548,9001183.0,Drama,"Taylor Thespian, Cate Blanchett, Emma Stone, Zendaya",Taylor Green,70.0,2007-02-23,Focus Features,English,Australia,6.3,7192.0,13011118
1113,Movie_1113,98997111.0,Musical,"Charlize Theron, Brie Larson",James Cameron,63.0,2022-07-22,Focus Features,English,South Korea,10.0,17294.0,344276424
466,Movie_466,247043567.0,Thriller,"Pat Player, Oscar Isaac, Natalie Portman, Morgan Freeman",Chris Park,,2023-12-09,20th Century Studios,Hindi,China,7.2,17726.0,310669292
1561,Movie_1561,63289083.0,Fantasy,"Sam Star, Jake Gyllenhaal",Peter Jackson,108.0,2020-10-12,Amblin Entertainment,French,Canada,7.9,16405.0,39143104
1224,Movie_1224,16103246.0,Romance,"Anya Taylor-Joy, Charlize Theron, Jordan Talent",Guy Ritchie,89.0,2000-11-11,A24,Hindi,France,8.1,7960.0,16711307
2011,Movie_2011,10092468.0,War,"Taylor Thespian, Denzel Washington, Chris Evans, Joaquin Phoenix",Drew White,63.0,2005-03-25,20th Century Studios,English,South Korea,7.0,1439.0,22770427
2997,Movie_2997,307962276.0,Romance,"Pedro Pascal, Gal Gadot, Timothée Chalamet, Dwayne Johnson",Sofia Coppola,137.0,2019-04-29,Legendary Entertainment,English,Japan,6.1,15848.0,406515654
2373,Movie_2373,5968941.0,War,"Amy Adams, Leonardo DiCaprio",Ava DuVernay,136.0,2017-11-05,Columbia Pictures,French,Japan,8.1,8836.0,19472126
1509,Movie_1509,68492818.0,Comedy,"Awkwafina, Brad Pitt, Gal Gadot, Morgan Screen",Christopher Nolan,140.0,2012-03-12,Metro-Goldwyn-Mayer,Korean,Canada,7.3,11360.0,155708043
1105,Movie_1105,32465450.0,Thriller,"Samuel L. Jackson, Dwayne Johnson",Greta Gerwig,118.0,2005-05-27,Warner Bros.,English,Japan,9.8,11578.0,292267040
2047,Movie_2047,50652020.0,War,"Lupita Nyong'o, Dwayne Johnson",Chloe Zhao,131.0,2013-10-26,A24,Chinese,Australia,8.9,10362.0,61195502
339,Movie_339,36491129.0,Comedy,"Natalie Portman, Florence Pugh, Ryan Gosling",Guy Ritchie,114.0,2013-04-24,Amblin Entertainment,Hindi,Brazil,5.6,6420.0,20072548
216,Movie_216,67215411.0,Drama,"Will Smith, Tom Holland, Scarlett Johansson, Gal Gadot",Sam Mendes,120.0,2019-11-05,Focus Features,German,Australia,6.3,11989.0,94327867
1616,Movie_1616,4170481.0,Thriller,"Brie Larson, Riley Role, Jane Doe B",Alex Rivera,159.0,2020-01-24,Focus Features,French,Japan,7.9,5234.0,1127622
1974,Movie_1974,110949564.0,Adventure,"Denzel Washington, Awkwafina",Guy Ritchie,83.0,2002-09-02,Universal Pictures,English,Italy,5.3,11185.0,138271279
2542,Movie_2542,33949258.0,Fantasy,"Timothée Chalamet, Sandra Bullock, Denzel Washington, Emma Stone",Jane Doe,105.0,2011-05-14,Village Roadshow,English,Brazil,6.5,8432.0,68625297
2834,Movie_2834,38291113.0,Comedy,"Christian Bale, Jordan Talent",Ava DuVernay,107.0,2003-02-28,Legendary Entertainment,French,Italy,8.0,13232.0,135165930
1593,Movie_1593,29570653.0,Documentary,"Pedro Pascal, Florence Pugh, Zendaya",Ava DuVernay,77.0,2013-08-10,NEON,English,Germany,7.7,10146.0,35789556
2253,Movie_2253,9890900.0,Romance,"Riley Role, Margot Robbie, Awkwafina",Christopher Nolan,116.0,2002-04-17,DreamWorks,Hindi,Japan,6.7,8573.0,41086712
1737,Movie_1737,7065502.0,Animation,"Scarlett Johansson, Margot Robbie",Tim Burton,123.0,2006-12-26,Focus Features,Spanish,Brazil,6.5,8233.0,12880809
2550,Movie_2550,180815449.0,Fantasy,"Alex Actor, Joaquin Phoenix, Amy Adams",Denis Villeneuve,78.0,2020-11-02,20th Century Studios,Spanish,Italy,7.4,15429.0,148765997
817,Movie_817,138923031.0,Sci-Fi,"Meryl Streep, Charlize Theron, Gal Gadot",Martin Scorsese,150.0,2007-03-24,Warner Bros.,Portuguese,Brazil,7.8,15306.0,159288422
1068,Movie_1068,54515394.0,Mystery,"Alex Actor, Tom Hanks",Pat Quinn,102.0,2019-06-07,Paramount Pictures,French,France,7.7,14318.0,72963267
2054,Movie_2054,117800016.0,Romance,"John Doe A, Alex Actor, Robert Downey Jr.",Sam Mendes,105.0,2020-07-08,Blumhouse Productions,Spanish,UK,6.4,17808.0,103627247
275,Movie_275,1198155.0,Comedy,"Ana de Armas, Sam Star, Pedro Pascal",Casey Brown,95.0,2021-11-11,Metro-Goldwyn-Mayer,English,China,5.6,2887.0,2798275
2269,Movie_2269,35768785.0,Comedy,"Dwayne Johnson, Timothée Chalamet, Pat Player, Jane Doe B",Denis Villeneuve,75.0,2001-05-07,Searchlight Pictures,Hindi,Italy,7.5,14985.0,52345105
866,Movie_866,47283211.0,Comedy,"Leonardo DiCaprio, Cate Blanchett, Viola Davis",Ava DuVernay,72.0,2000-12-25,Amblin Entertainment,Chinese,Japan,7.5,6633.0,130390703
102,Movie_102,42074750.0,Action,"Robert Downey Jr., Morgan Screen",Michael Bay,138.0,2019-05-08,Warner Bros.,Hindi,Canada,8.5,9447.0,39208923
1502,Movie_1502,49645335.0,Drama,"Morgan Freeman, Morgan Screen, Chris Evans",Guy Ritchie,105.0,2000-03-27,Lionsgate,English,China,5.5,9741.0,61471927
2173,Movie_2173,45777765.0,Sci-Fi,"Joaquin Phoenix, Meryl Streep, Timothée Chalamet",Casey Brown,124.0,2016-07-01,New Line Cinema,English,Australia,4.7,5122.0,55756229
172,Movie_172,2107925.0,Crime,"Benedict Cumberbatch, Zendaya",Jane Doe,102.0,2019-06-01,Columbia Pictures,Spanish,Australia,6.9,9781.0,4216754
108,Movie_108,9503343.0,Comedy,"Sam Star, Christian Bale",John Smith,86.0,2015-04-20,Annapurna Pictures,Chinese,Germany,6.7,12071.0,11145330
1917,Movie_1917,32631789.0,Comedy,"Viola Davis, Scarlett Johansson, Cate Blanchett",Drew White,153.0,2007-08-14,Walt Disney Pictures,German,China,7.5,12771.0,63354716
1522,Movie_1522,16010655.0,War,"Sam Star, Joaquin Phoenix, Jennifer Lawrence",Zack Snyder,101.0,2014-06-16,Paramount Pictures,Chinese,South Korea,8.3,5409.0,30289396
1622,Movie_1622,7198599.0,Western,"Morgan Freeman, Will Smith",Greta Gerwig,126.0,2001-01-30,20th Century Studios,Italian,South Korea,8.1,8504.0,9876736
2226,Movie_2226,71631237.0,Family,"Morgan Screen, Jake Gyllenhaal, Pat Player, Meryl Streep",Jane Doe,108.0,2018-03-14,Searchlight Pictures,Portuguese,UK,5.5,15302.0,43794288
2014,Movie_2014,28833906.0,Adventure,"Pat Player, Cate Blanchett, Morgan Screen, Pedro Pascal",Denis Villeneuve,137.0,2003-07-25,20th Century Studios,French,Italy,7.4,12932.0,47337224
1818,Movie_1818,15174960.0,Animation,"Jennifer Lawrence, Saoirse Ronan",Tim Burton,114.0,2009-02-13,A24,English,Germany,8.4,7998.0,33829582
2852,Movie_2852,,Fantasy,"Oscar Isaac, Margot Robbie, Sam Star",Bong Joon-ho,120.0,2014-01-03,Village Roadshow,English,Brazil,8.8,13072.0,475977337
2021,Movie_2021,38011769.0,Fantasy,"Scarlett Johansson, Sandra Bullock, Pat Player",Chris Park,144.0,2024-02-23,Searchlight Pictures,English,India,7.1,7032.0,25844024
2275,Movie_2275,8797236.0,Thriller,"Denzel Washington, Natalie Portman, Timothée Chalamet, Ryan Gosling",Christopher Nolan,103.0,2019-05-12,NEON,Italian,Japan,9.5,11696.0,52905973
2365,Movie_2365,78545438.0,Crime,"Idris Elba, Charlize Theron, Benedict Cumberbatch",Taylor Green,83.0,2022-10-01,Focus Features,English,UK,6.5,14322.0,273609167
2603,Movie_2603,57013141.0,Thriller,"Jake Gyllenhaal, Cate Blanchett, Meryl Streep, Benedict Cumberbatch",David Fincher,102.0,2013-03-28,A24,English,Brazil,8.4,12810.0,164036365
1813,Movie_1813,22684920.0,Western,"Viola Davis, Christian Bale, Anya Taylor-Joy, Benedict Cumberbatch",Jane Doe,134.0,2013-11-05,Metro-Goldwyn-Mayer,Korean,Brazil,6.7,10276.0,18147419
296,Movie_296,5521390.0,Biography,"Idris Elba, Meryl Streep, Awkwafina, Chris Evans",Tim Burton,118.0,2013-05-06,Paramount Pictures,Spanish,Brazil,,6759.0,3660421
713,Movie_713,7725911.0,Animation,"Brie Larson, Idris Elba, Pat Player, Timothée Chalamet",Quentin Tarantino,82.0,2021-10-02,Legendary Entertainment,Portuguese,Germany,7.5,14285.0,8707669
73,Movie_73,148251275.0,Fantasy,"Sam Star, John Doe A, Saoirse Ronan, Gal Gadot",Bong Joon-ho,107.0,2008-10-04,Blumhouse Productions,Japanese,South Korea,8.0,10209.0,224848843
2010,Movie_2010,68636329.0,Action,"Awkwafina, Charlize Theron, Pat Player",Barry Jenkins,101.0,2015-02-20,Annapurna Pictures,English,USA,6.9,13961.0,196451247
2294,Movie_2294,,War,"Casey Celeb, Jane Doe B, Charlize Theron, Jake Gyllenhaal",Drew White,132.0,2006-12-08,Regency Enterprises,English,Brazil,8.1,12605.0,17317907
2589,Movie_2589,40904088.0,Musical,"Joaquin Phoenix, Zendaya, Jane Doe B",Taika Waititi,106.0,2020-03-31,Walt Disney Pictures,English,Italy,6.2,8038.0,125687437
2915,Movie_2915,63164151.0,Western,"Chris Evans, Jennifer Lawrence, Idris Elba, Anya Taylor-Joy",Greta Gerwig,93.0,2024-03-06,New Line Cinema,English,Japan,9.2,12534.0,194326405
482,Movie_482,36986265.0,Animation,"Florence Pugh, Jordan Talent, Lupita Nyong'o",Patty Jenkins,97.0,2015-12-27,New Line Cinema,English,UK,6.8,10812.0,62009324
2242,Movie_2242,78043558.0,Musical,"Jake Gyllenhaal, Jennifer Lawrence, Viola Davis",John Smith,74.0,2005-09-14,Annapurna Pictures,English,China,7.6,12287.0,101697086
1531,Movie_1531,83936646.0,Family,"Viola Davis, Anya Taylor-Joy, Awkwafina",Tim Burton,134.0,2008-04-24,Annapurna Pictures,English,Germany,10.0,13350.0,293701720
2581,Movie_2581,48252924.0,Thriller,"Denzel Washington, Charlize Theron, Sandra Bullock, Saoirse Ronan",Quentin Tarantino,94.0,2024-01-13,Universal Pictures,English,Germany,8.1,6791.0,223024803
1515,Movie_1515,63664295.0,Musical,"Robert Downey Jr., John Doe A, Brie Larson",Jamie Lee,152.0,2013-11-04,A24,Portuguese,South Korea,7.4,13081.0,34238513
2991,Movie_2991,25128577.0,Adventure,"Chris Evans, Leonardo DiCaprio",Guillermo del Toro,90.0,2021-01-05,Columbia Pictures,Spanish,Australia,5.5,9858.0,29321651
1491,Movie_1491,3611815.0,Western,"Zendaya, Jake Gyllenhaal, Taylor Thespian",Kathryn Bigelow,164.0,2012-08-02,Searchlight Pictures,English,China,7.4,7919.0,3503780
1172,Movie_1172,14926590.0,Western,"Robert Downey Jr., Idris Elba, Charlize Theron, Jennifer Lawrence",Peter Jackson,102.0,2013-09-12,New Line Cinema,English,Australia,8.7,6979.0,67910600
2478,Movie_2478,29236029.0,Comedy,"Awkwafina, Brad Pitt, Morgan Freeman, Samuel L. Jackson",Greta Gerwig,79.0,2002-05-24,Blumhouse Productions,English,Australia,7.9,10688.0,116750133
2449,Movie_2449,15722322.0,Mystery,"Meryl Streep, Dwayne Johnson, Brie Larson",Ava DuVernay,112.0,2012-02-17,New Line Cinema,English,Canada,6.6,9622.0,63140009
2097,Movie_2097,31882419.0,Musical,"Casey Celeb, Florence Pugh",Tim Burton,94.0,2024-01-08,Amblin Entertainment,English,Japan,6.5,17461.0,65080007
2524,Movie_2524,400000000.0,Thriller,"Jake Gyllenhaal, Scarlett Johansson, Margot Robbie, Chris Evans",David Fincher,60.0,2001-10-28,Walt Disney Pictures,English,USA,7.2,12498.0,3182028124
2296,Movie_2296,51213460.0,Horror,"Jake Gyllenhaal, Amy Adams, Gal Gadot, Pedro Pascal",Sofia Coppola,116.0,2022-02-22,Warner Bros.,Hindi,UK,10.0,9323.0,18399828
406,Movie_406,9521441.0,Crime,"Brie Larson, Sam Star",Patty Jenkins,131.0,2003-04-22,Warner Bros.,Chinese,India,9.0,10580.0,8345216
758,Movie_758,105359073.0,Western,"Emma Stone, Pedro Pascal, Meryl Streep, Morgan Screen",Zack Snyder,103.0,2023-09-18,DreamWorks,Portuguese,UK,8.9,9793.0,126301304
2015,Movie_2015,38058715.0,Horror,"Meryl Streep, Sandra Bullock, Pedro Pascal, John Doe A",Drew White,84.0,2008-07-21,New Line Cinema,English,UK,8.3,13262.0,55364469
2556,Movie_2556,99360483.0,Documentary,"Chris Evans, Meryl Streep",Michael Bay,95.0,2024-03-08,Searchlight Pictures,English,South Korea,6.1,13802.0,112219485
1934,Movie_1934,3095453.0,Animation,"Natalie Portman, Denzel Washington",Taika Waititi,109.0,2003-06-09,Amblin Entertainment,Italian,Australia,9.1,3697.0,11896807
98,Movie_98,71177931.0,Action,"Benedict Cumberbatch, Alex Actor, Ana de Armas, Brad Pitt",Patty Jenkins,76.0,2013-11-25,Blumhouse Productions,German,Italy,7.5,6807.0,113064241
1334,Movie_1334,5982656.0,Fantasy,"Will Smith, Brad Pitt, Meryl Streep, Tom Hanks",John Smith,116.0,2023-10-23,Lionsgate,Korean,Australia,7.5,3730.0,5711092
2414,Movie_2414,2371590.0,Documentary,"Chris Evans, Brie Larson, Jordan Talent",Steven Spielberg,135.0,2000-12-11,Walt Disney Pictures,Japanese,China,8.1,7990.0,1293048
744,Movie_744,18553059.0,Animation,"Brie Larson, Morgan Freeman, Pedro Pascal",Jordan Peele,,2011-06-26,Walt Disney Pictures,Portuguese,Brazil,7.7,10150.0,18703492
807,Movie_807,20873365.0,Sci-Fi,"Sandra Bullock, Zendaya, Ryan Gosling, Tom Holland",James Cameron,160.0,2002-03-18,Blumhouse Productions,English,France,6.5,13384.0,50040784
2798,Movie_2798,108499674.0,Horror,"Scarlett Johansson, Ryan Gosling",Patty Jenkins,137.0,2007-11-28,Village Roadshow,English,China,7.2,8909.0,303370914
1954,Movie_1954,2300435.0,War,"Cate Blanchett, Lupita Nyong'o, Ana de Armas",David Fincher,89.0,2015-05-26,A24,English,Italy,8.5,10456.0,12949314
2527,Movie_2527,36815240.0,Action,"Lupita Nyong'o, Idris Elba",David Fincher,115.0,2004-10-06,Legendary Entertainment,English,Australia,7.3,14234.0,214847655
1536,Movie_1536,31091617.0,War,"Joaquin Phoenix, Jake Gyllenhaal, Viola Davis",Martin Scorsese,124.0,2007-10-30,20th Century Studios,French,China,6.8,10052.0,44969119
2472,Movie_2472,5770998.0,Horror,"Timothée Chalamet, Sandra Bullock",Ava DuVernay,124.0,2022-07-26,Warner Bros.,English,South Korea,8.7,16202.0,17107156
2303,Movie_2303,18826978.0,Crime,"Pedro Pascal, Jordan Talent, Timothée Chalamet",David Fincher,101.0,2019-03-06,Metro-Goldwyn-Mayer,English,Germany,9.4,10237.0,33770547
149,Movie_149,26813599.0,Drama,"Jake Gyllenhaal, Natalie Portman, Ana de Armas",David Fincher,84.0,2004-08-17,Blumhouse Productions,Hindi,UK,10.0,5995.0,44450073
2133,Movie_2133,23375337.0,Drama,"Awkwafina, Benedict Cumberbatch",Pat Quinn,87.0,2022-12-12,Annapurna Pictures,English,Japan,6.2,12841.0,66709926
2228,Movie_2228,5509424.0,Action,"Leonardo DiCaprio, Dwayne Johnson, Pedro Pascal",Denis Villeneuve,137.0,2012-12-16,Blumhouse Productions,Italian,Italy,7.9,8003.0,7813035
2785,Movie_2785,2256299.0,Thriller,"Amy Adams, Emma Stone, Denzel Washington, Tom Hanks",John Smith,115.0,2011-07-24,New Line Cinema,French,Japan,7.4,9770.0,3653168
1316,Movie_1316,10685475.0,Action,"Joaquin Phoenix, Ryan Gosling",Zack Snyder,125.0,2009-06-23,Legendary Entertainment,English,Brazil,7.6,9793.0,17164620
693,Movie_693,400000000.0,War,"John Doe A, Ana de Armas, Alex Actor",Zack Snyder,96.0,2004-12-28,Legendary Entertainment,Spanish,South Korea,7.3,16324.0,668443463
819,Movie_819,371845707.0,Comedy,"Oscar Isaac, Saoirse Ronan, Denzel Washington",Jamie Lee,141.0,2006-12-12,Paramount Pictures,French,France,8.0,12221.0,1163585291
1729,Movie_1729,64005399.0,Crime,"Morgan Screen, Riley Role",Patty Jenkins,110.0,2012-08-09,Village Roadshow,Chinese,Italy,7.0,14279.0,51549961
1387,Movie_1387,9731147.0,Fantasy,"Margot Robbie, Brie Larson, Alex Actor, Tom Hanks",Christopher Nolan,152.0,2015-11-29,Columbia Pictures,English,Italy,8.9,10600.0,53818539
3000,Movie_3000,9389602.0,Thriller,"Amy Adams, Idris Elba",Ridley Scott,141.0,2020-05-17,20th Century Studios,English,China,6.6,7149.0,50491318
2079,Movie_2079,58038225.0,Action,"Margot Robbie, Saoirse Ronan",Damien Chazelle,135.0,2020-03-20,Village Roadshow,English,South Korea,9.6,10895.0,412199166
1600,Movie_1600,31816752.0,Animation,"Meryl Streep, Riley Role, Denzel Washington, Charlize Theron",Quentin Tarantino,139.0,2004-12-28,Focus Features,Chinese,Brazil,8.9,6993.0,46546424
2782,Movie_2782,56650805.0,Family,"Viola Davis, Morgan Freeman",Taylor Green,128.0,2022-07-06,New Line Cinema,English,UK,4.4,11396.0,326034719
2483,Movie_2483,64005734.0,Biography,"Margot Robbie, Alex Actor, Amy Adams, John Doe A",John Smith,100.0,2016-03-25,Amblin Entertainment,English,Canada,7.7,14114.0,143806195
702,Movie_702,122889749.0,Horror,"Brie Larson, Tom Holland, Pedro Pascal",Wes Anderson,158.0,2020-03-17,A24,French,Canada,8.5,14853.0,79818302
2539,Movie_2539,118509455.0,Sci-Fi,"Ana de Armas, Christian Bale, Sam Star",Martin Scorsese,140.0,2002-05-15,Village Roadshow,French,USA,6.6,11880.0,569847434
2685,Movie_2685,17961231.0,Horror,"Florence Pugh, Taylor Thespian, Christian Bale",Peter Jackson,112.0,2021-04-07,Legendary Entertainment,Korean,USA,9.1,15564.0,25018735
922,Movie_922,51848012.0,Comedy,"Will Smith, Tom Holland",Ridley Scott,141.0,2008-12-04,Columbia Pictures,Spanish,France,7.5,15048.0,113862974
1425,Movie_1425,62249096.0,Romance,"Awkwafina, Viola Davis",Wes Anderson,126.0,2012-02-10,Village Roadshow,English,South Korea,9.2,10894.0,210141226
1709,Movie_1709,62541898.0,Animation,"Morgan Freeman, Will Smith, Casey Celeb",Alex Rivera,80.0,2020-09-08,Annapurna Pictures,Japanese,Brazil,6.8,10652.0,93600754
906,Movie_906,5345695.0,Adventure,"Anya Taylor-Joy, Tom Holland",Chris Park,147.0,2015-09-17,Paramount Pictures,English,UK,5.5,9571.0,3896345
455,Movie_455,14192728.0,Animation,"Jordan Talent, Samuel L. Jackson, Riley Role, Amy Adams",David Fincher,83.0,2014-06-26,Lionsgate,English,China,8.7,9561.0,54349360
2105,Movie_2105,10025213.0,Musical,"Alex Actor, Jordan Talent, Idris Elba",Ridley Scott,79.0,2002-04-07,Legendary Entertainment,English,Australia,6.3,15928.0,25259889
2117,Movie_2117,2292303.0,Crime,"Anya Taylor-Joy, Robert Downey Jr., Charlize Theron, Awkwafina",Sofia Coppola,123.0,2018-05-14,Regency Enterprises,English,China,6.8,8621.0,3690546
2329,Movie_2329,45656695.0,Action,"Chris Evans, Anya Taylor-Joy, Robert Downey Jr., Brad Pitt",James Cameron,124.0,2014-01-15,Columbia Pictures,French,France,7.4,13915.0,193949017
2374,Movie_2374,28268182.0,Documentary,"John Doe A, Leonardo DiCaprio, Emma Stone, Sandra Bullock",Taylor Green,109.0,2011-11-20,NEON,Portuguese,Japan,8.2,14163.0,15270153
168,Movie_168,21069413.0,Thriller,"Chris Evans, Oscar Isaac",Sam Mendes,148.0,2011-12-26,Lionsgate,English,France,8.2,4595.0,67596780
731,Movie_731,46991881.0,Adventure,"Natalie Portman, Awkwafina, Morgan Screen, Anya Taylor-Joy",Chloe Zhao,104.0,2016-05-12,Focus Features,English,Brazil,9.2,15796.0,157852446
2182,Movie_2182,12814523.0,Western,"Viola Davis, Will Smith, Ryan Gosling, Lupita Nyong'o",Zack Snyder,83.0,2024-02-14,New Line Cinema,Italian,France,7.1,7662.0,14951708
1311,Movie_1311,2240366.0,Thriller,"Idris Elba, Ana de Armas, Tom Holland, Taylor Thespian",Patty Jenkins,146.0,2011-03-21,Regency Enterprises,Hindi,Brazil,5.5,9278.0,1625718
27,Movie_27,91263778.0,Family,"Dwayne Johnson, Alex Actor",Jane Doe,92.0,2019-05-03,Walt Disney Pictures,German,South Korea,5.1,11676.0,21206515
2335,Movie_2335,40759256.0,Documentary,"Pedro Pascal, Christian Bale",Casey Brown,145.0,2019-09-14,Columbia Pictures,Spanish,China,8.6,7577.0,16126792
1653,Movie_1653,32689944.0,Mystery,"Cate Blanchett, Pat Player",John Smith,127.0,2003-09-09,Searchlight Pictures,English,Canada,6.8,7650.0,99666159
1623,Movie_1623,270302264.0,Family,"Christian Bale, Meryl Streep",Quentin Tarantino,102.0,2001-10-29,NEON,English,USA,8.0,13823.0,2166533064
588,Movie_588,6430315.0,Sci-Fi,"Will Smith, Benedict Cumberbatch",Morgan Blake,88.0,2025-06-13,Metro-Goldwyn-Mayer,English,Germany,6.3,3968.0,20417406
1402,Movie_1402,4491281.0,Romance,"Gal Gadot, Scarlett Johansson, Amy Adams, Emma Stone",Pat Quinn,112.0,2010-05-06,Walt Disney Pictures,Spanish,China,6.3,11398.0,3444036
998,Movie_998,6888472.0,Romance,"Morgan Screen, Pat Player, Tom Holland, Sam Star",Drew White,,2010-12-24,Columbia Pictures,English,Australia,6.5,5696.0,8545140
1177,Movie_1177,,Drama,"Amy Adams, Anya Taylor-Joy, Charlize Theron",Christopher Nolan,97.0,2025-04-22,Columbia Pictures,English,Australia,7.6,11630.0,34185490
1701,Movie_1701,54202663.0,Documentary,"Scarlett Johansson, Brie Larson, Christian Bale, Leonardo DiCaprio",Jamie Lee,92.0,2001-05-14,Village Roadshow,German,USA,6.9,14076.0,31525093
1041,Movie_1041,5863244.0,Sci-Fi,"Meryl Streep, Will Smith, Oscar Isaac, Jordan Talent",Ava DuVernay,63.0,2014-04-30,Paramount Pictures,Italian,South Korea,,50.0,8632585
34,Movie_34,8304471.0,Adventure,"Margot Robbie, Sam Star, Awkwafina",Tim Burton,60.0,2002-11-14,Blumhouse Productions,Chinese,India,7.4,6499.0,16186551
2980,Movie_2980,20966766.0,Horror,"Emma Stone, Tom Hanks, Benedict Cumberbatch, Viola Davis",Guillermo del Toro,125.0,2009-06-25,Focus Features,French,Italy,4.9,11695.0,25358255
2393,Movie_2393,60527573.0,Thriller,"Lupita Nyong'o, Emma Stone, Robert Downey Jr.",Steven Spielberg,118.0,2017-11-26,Annapurna Pictures,Hindi,France,8.2,11135.0,194883292
1380,Movie_1380,38592080.0,Biography,"Amy Adams, Jennifer Lawrence, Brad Pitt",Bong Joon-ho,72.0,2025-01-08,New Line Cinema,Japanese,UK,7.4,6440.0,61017953
42,Movie_42,12802317.0,Crime,"Saoirse Ronan, Lupita Nyong'o, John Doe A",Tim Burton,113.0,2025-06-01,Regency Enterprises,Japanese,Germany,8.4,9915.0,38335891
1846,Movie_1846,58432057.0,Mystery,"Chris Evans, Sam Star, Idris Elba",Jordan Peele,122.0,2022-06-06,NEON,English,Japan,7.3,9613.0,152451309
2213,Movie_2213,19871528.0,Family,"Scarlett Johansson, Meryl Streep, Charlize Theron",Zack Snyder,132.0,2013-06-17,Columbia Pictures,English,USA,6.9,8759.0,33685999
2634,Movie_2634,7276676.0,Family,"Ryan Gosling, Timothée Chalamet, Brad Pitt, Charlize Theron",Damien Chazelle,74.0,2007-12-29,Village Roadshow,English,South Korea,7.3,5063.0,18572025
2031,Movie_2031,15438377.0,Family,"Emma Stone, Natalie Portman, Meryl Streep, Ana de Armas",Tim Burton,88.0,2015-06-26,Paramount Pictures,English,Germany,7.1,8797.0,56776538
1865,Movie_1865,10737988.0,War,"Saoirse Ronan, Taylor Thespian, Timothée Chalamet",Michael Bay,107.0,2009-05-12,DreamWorks,Italian,China,7.2,10588.0,8273054
1847,Movie_1847,5862836.0,Musical,"Anya Taylor-Joy, Margot Robbie, Will Smith, Meryl Streep",James Cameron,127.0,2007-04-23,Warner Bros.,English,India,8.4,7959.0,15795592
610,Movie_610,1444149.0,Thriller,"Jane Doe B, Robert Downey Jr.",Patty Jenkins,84.0,2019-05-03,Paramount Pictures,English,Japan,8.2,8870.0,1453533
1133,Movie_1133,69485526.0,Mystery,"Jake Gyllenhaal, Sandra Bullock",Christopher Nolan,117.0,2013-07-18,Annapurna Pictures,Italian,Japan,7.8,8473.0,358484102
29,Movie_29,16461450.0,Documentary,"Lupita Nyong'o, Morgan Freeman, Denzel Washington, Sam Star",Ridley Scott,133.0,2022-06-03,Amblin Entertainment,Japanese,France,7.4,9971.0,17296650
442,Movie_442,11492668.0,Adventure,"Brie Larson, Oscar Isaac, Benedict Cumberbatch",Michael Bay,91.0,2004-06-22,A24,Japanese,UK,8.5,6203.0,27617195
2002,Movie_2002,214473906.0,Mystery,"Margot Robbie, Leonardo DiCaprio, Sam Star",Tim Burton,104.0,2020-04-09,Metro-Goldwyn-Mayer,English,UK,6.5,14350.0,327967033
2184,Movie_2184,19043014.0,Romance,"Benedict Cumberbatch, Natalie Portman",Chris Park,116.0,2021-07-27,Legendary Entertainment,English,UK,6.5,11780.0,29884923
494,Movie_494,14004158.0,Crime,"Chris Evans, Timothée Chalamet, Benedict Cumberbatch",Quentin Tarantino,96.0,2000-07-13,A24,English,South Korea,8.6,11476.0,50175444
1259,Movie_1259,124461182.0,Western,"Riley Role, Tom Hanks",Jane Doe,120.0,2019-12-26,Focus Features,French,India,7.6,,51205339
1302,Movie_1302,17760723.0,Thriller,"Amy Adams, Margot Robbie",Sofia Coppola,95.0,2001-09-15,Village Roadshow,English,China,6.2,9098.0,22937229
2567,Movie_2567,4856887.0,Fantasy,"Saoirse Ronan, Joaquin Phoenix, Christian Bale",Ryan Coogler,103.0,2013-12-14,New Line Cinema,Korean,France,7.3,11234.0,6865575
2390,Movie_2390,60887861.0,Horror,"Jake Gyllenhaal, Sam Star",Ridley Scott,128.0,2024-11-04,Annapurna Pictures,Korean,Germany,8.1,10919.0,46726814
1383,Movie_1383,12398945.0,Comedy,"John Doe A, Timothée Chalamet, Morgan Freeman",David Fincher,120.0,2015-12-14,Warner Bros.,English,UK,9.1,6753.0,98981295
1305,Movie_1305,55303430.0,Musical,"Viola Davis, Will Smith",Casey Brown,100.0,2002-01-07,Universal Pictures,English,China,6.0,13177.0,172283459
237,Movie_237,5307132.0,Horror,"Tom Holland, Ryan Gosling, Chris Evans",Sofia Coppola,79.0,2004-09-14,Focus Features,Spanish,Brazil,7.9,9112.0,4496998
552,Movie_552,49341824.0,Romance,"Casey Celeb, Sam Star",Jamie Lee,99.0,2012-09-14,Searchlight Pictures,Italian,Italy,5.7,8335.0,23740991
521,Movie_521,25342383.0,Musical,"Amy Adams, Scarlett Johansson, Gal Gadot, Ana de Armas",Drew White,61.0,2005-05-12,Lionsgate,English,India,6.8,13650.0,65148618
2241,Movie_2241,91700450.0,Western,"Ryan Gosling, Brie Larson",Chris Park,136.0,2000-06-23,A24,French,India,9.9,13618.0,66852435
1233,Movie_1233,23042172.0,Mystery,"Benedict Cumberbatch, Scarlett Johansson",Pat Quinn,94.0,2015-08-19,Focus Features,German,Canada,6.5,11796.0,28131536
1139,Movie_1139,20484532.0,Thriller,"Jordan Talent, Brad Pitt, Zendaya",Taylor Green,60.0,2025-03-18,Blumhouse Productions,English,Brazil,6.0,12378.0,38759172
721,Movie_721,17201641.0,Sci-Fi,"Tom Holland, Leonardo DiCaprio, Gal Gadot",Sam Mendes,,2000-06-05,Warner Bros.,English,France,8.6,9439.0,98201112
736,Movie_736,8228283.0,Drama,"Jake Gyllenhaal, Idris Elba",Sofia Coppola,109.0,2014-07-11,Focus Features,Italian,Japan,6.1,9185.0,11633414
2682,Movie_2682,29745389.0,Animation,"Jennifer Lawrence, Viola Davis",Jane Doe,98.0,2009-09-15,A24,English,Canada,5.9,10906.0,100108819
1751,Movie_1751,12910486.0,Romance,"Oscar Isaac, Anya Taylor-Joy, Cate Blanchett, Zendaya",John Smith,126.0,2007-07-22,Amblin Entertainment,English,France,7.6,4070.0,28094921
59,Movie_59,3804529.0,Musical,"Dwayne Johnson, Gal Gadot, Cate Blanchett",Guillermo del Toro,159.0,2001-10-22,Amblin Entertainment,English,India,8.4,8040.0,6964058
632,Movie_632,64993389.0,Drama,"Samuel L. Jackson, Robert Downey Jr., Pat Player, Pedro Pascal",Ryan Coogler,112.0,2004-01-15,Blumhouse Productions,English,Germany,7.4,14924.0,62727313
1182,Movie_1182,3441981.0,Musical,"Morgan Screen, Joaquin Phoenix",Pat Quinn,115.0,2010-06-09,Warner Bros.,Chinese,Germany,6.7,9537.0,3255569
2227,Movie_2227,40796638.0,Thriller,"Jake Gyllenhaal, Taylor Thespian, Awkwafina",Bong Joon-ho,113.0,2016-07-30,Searchlight Pictures,French,France,7.7,6988.0,112202086
593,Movie_593,39483070.0,Comedy,"Morgan Freeman, Idris Elba",Martin Scorsese,139.0,2013-10-17,A24,Japanese,France,9.7,7820.0,87810460
1304,Movie_1304,14592640.0,War,"Margot Robbie, Riley Role",Quentin Tarantino,60.0,2018-01-02,Legendary Entertainment,Chinese,Brazil,9.0,10627.0,25403048
1388,Movie_1388,17625075.0,Biography,"Ana de Armas, Charlize Theron, Brad Pitt, Brie Larson",Greta Gerwig,84.0,2019-11-29,Lionsgate,English,Brazil,8.0,10181.0,82744424
2644,Movie_2644,70619827.0,Fantasy,"Riley Role, Dwayne Johnson",Bong Joon-ho,104.0,2006-09-05,Walt Disney Pictures,Spanish,Japan,7.9,7837.0,62862439
2659,Movie_2659,8851501.0,Documentary,"Morgan Screen, Riley Role, Brad Pitt, Jane Doe B",Chloe Zhao,91.0,2001-12-03,Metro-Goldwyn-Mayer,Korean,South Korea,8.8,8275.0,5735880
2992,Movie_2992,69113543.0,Family,"Gal Gadot, Natalie Portman, Benedict Cumberbatch, Jordan Talent",Alex Rivera,95.0,2024-05-11,Amblin Entertainment,English,Canada,8.2,15208.0,273733083
940,Movie_940,64909226.0,Horror,"Anya Taylor-Joy, Christian Bale, Jake Gyllenhaal",Casey Brown,129.0,2013-01-27,Blumhouse Productions,Spanish,Australia,7.3,9944.0,32209838
2818,Movie_2818,3400427.0,Drama,"Idris Elba, Brie Larson",Quentin Tarantino,141.0,2021-04-14,A24,Spanish,South Korea,8.5,12011.0,9597912
1250,Movie_1250,11775217.0,Animation,"Timothée Chalamet, Benedict Cumberbatch",Sam Mendes,94.0,2024-10-30,Village Roadshow,English,UK,5.9,7396.0,28165874
905,Movie_905,14321759.0,Family,"Denzel Washington, Sam Star, Leonardo DiCaprio",Jane Doe,123.0,2022-12-01,Lionsgate,French,UK,5.3,12534.0,14642553
2571,Movie_2571,202801998.0,Romance,"Will Smith, Lupita Nyong'o, Pedro Pascal, Viola Davis",David Fincher,119.0,2007-11-30,Legendary Entertainment,Hindi,UK,7.6,13371.0,471430417
1280,Movie_1280,29424634.0,Family,"Tom Hanks, Taylor Thespian, Jane Doe B, Alex Actor",John Smith,106.0,2022-04-18,Annapurna Pictures,German,Australia,6.5,12907.0,41565610
2427,Movie_2427,5285198.0,Sci-Fi,"Zendaya, Denzel Washington, Florence Pugh",Zack Snyder,131.0,2010-08-07,Focus Features,English,France,7.7,10602.0,11869908
2909,Movie_2909,10936510.0,Romance,"Tom Hanks, Saoirse Ronan",Ryan Coogler,112.0,2012-12-16,Focus Features,French,Canada,5.5,11359.0,11743648
2150,Movie_2150,138113748.0,Documentary,"Pedro Pascal, Sandra Bullock, Brad Pitt",Jane Doe,120.0,2022-01-23,Amblin Entertainment,German,Australia,4.9,13686.0,38535918
2412,Movie_2412,,Comedy,"Riley Role, Taylor Thespian, Meryl Streep, Sam Star",Casey Brown,145.0,2025-01-30,Warner Bros.,English,Italy,7.8,5689.0,9529692
2491,Movie_2491,6544342.0,Comedy,"Scarlett Johansson, Denzel Washington, Dwayne Johnson",John Smith,105.0,2023-09-29,Focus Features,English,Brazil,7.1,12662.0,14069168
1143,Movie_1143,7496209.0,Family,"Viola Davis, Riley Role, Anya Taylor-Joy, Chris Evans",Alex Rivera,96.0,2005-02-07,Amblin Entertainment,English,Germany,5.9,9212.0,11090166
2406,Movie_2406,18374894.0,Horror,"Jennifer Lawrence, Brad Pitt",Pat Quinn,,2015-10-30,Warner Bros.,English,Australia,6.8,10409.0,58135098
707,Movie_707,117254216.0,War,"Denzel Washington, Will Smith",Zack Snyder,115.0,2002-10-05,Metro-Goldwyn-Mayer,English,Brazil,9.1,13060.0,676037514
2670,Movie_2670,17826673.0,War,"Gal Gadot, Meryl Streep, Ryan Gosling",Bong Joon-ho,134.0,2001-01-11,Paramount Pictures,Spanish,France,8.1,12583.0,47746428
1023,Movie_1023,17212121.0,Thriller,"Sandra Bullock, Morgan Freeman, John Doe A",Christopher Nolan,111.0,2012-04-23,DreamWorks,English,Australia,6.3,10935.0,46722277
746,Movie_746,36725799.0,Musical,"Riley Role, Margot Robbie, Florence Pugh, Awkwafina",Damien Chazelle,113.0,2023-10-08,Searchlight Pictures,Hindi,Australia,8.6,13085.0,63815880
1547,Movie_1547,31497117.0,Animation,"Christian Bale, Jane Doe B, Jennifer Lawrence, Jordan Talent",Michael Bay,93.0,2009-11-22,NEON,Chinese,India,7.5,9432.0,77967696
2382,Movie_2382,400000000.0,Family,"Viola Davis, Saoirse Ronan",Martin Scorsese,118.0,2020-10-11,Metro-Goldwyn-Mayer,English,Brazil,8.3,13032.0,2616238962
2070,Movie_2070,25098019.0,Family,"Margot Robbie, Taylor Thespian, Timothée Chalamet",James Cameron,121.0,2015-08-01,Amblin Entertainment,English,Japan,6.6,9810.0,73350730
514,Movie_514,75195554.0,Mystery,"Pedro Pascal, Brie Larson",Chloe Zhao,122.0,2010-11-09,Universal Pictures,Hindi,Brazil,7.5,13325.0,170012317
82,Movie_82,68366142.0,War,"Gal Gadot, Oscar Isaac, Leonardo DiCaprio, Robert Downey Jr.",Jane Doe,125.0,2016-04-22,Metro-Goldwyn-Mayer,Japanese,USA,6.1,12485.0,26221707
2690,Movie_2690,115563776.0,Comedy,"Brad Pitt, Saoirse Ronan",Taika Waititi,103.0,2003-06-22,NEON,English,Japan,7.5,13391.0,311814739
1309,Movie_1309,75991375.0,Fantasy,"Jake Gyllenhaal, Anya Taylor-Joy, Dwayne Johnson, Pat Player",Denis Villeneuve,144.0,2005-04-30,A24,English,France,8.5,10477.0,262669601
2577,Movie_2577,7689664.0,Thriller,"Amy Adams, Ryan Gosling, Anya Taylor-Joy, Christian Bale",Peter Jackson,99.0,2003-06-24,DreamWorks,Italian,Brazil,8.7,5968.0,17750509
915,Movie_915,11113388.0,Adventure,"Emma Stone, Samuel L. Jackson, Idris Elba",Ava DuVernay,110.0,2016-02-04,Paramount Pictures,Spanish,India,8.7,11433.0,15921527
1405,Movie_1405,23951990.0,Documentary,"Meryl Streep, Amy Adams",Kathryn Bigelow,107.0,2004-09-17,Columbia Pictures,Italian,Canada,7.6,7890.0,10735440
1648,Movie_1648,76518944.0,Sci-Fi,"Idris Elba, Morgan Freeman, Jake Gyllenhaal",Sam Mendes,142.0,2009-02-06,Amblin Entertainment,Spanish,Australia,7.1,11050.0,39882509
2789,Movie_2789,45969593.0,Musical,"Saoirse Ronan, Morgan Screen, Taylor Thespian, Pedro Pascal",Bong Joon-ho,131.0,2009-08-09,Focus Features,Chinese,Germany,8.3,7187.0,61535739
1109,Movie_1109,,Fantasy,"Pedro Pascal, Gal Gadot",Ridley Scott,62.0,2017-12-28,Amblin Entertainment,Spanish,China,7.4,4760.0,16709125
151,Movie_151,3434380.0,Biography,"Margot Robbie, Cate Blanchett",Christopher Nolan,60.0,2004-04-27,NEON,Spanish,France,8.3,12008.0,3936885
2755,Movie_2755,24356236.0,Adventure,"Tom Hanks, Jennifer Lawrence",Kathryn Bigelow,104.0,2018-09-11,New Line Cinema,English,Australia,6.0,5257.0,114834688
775,Movie_775,49181756.0,Documentary,"Florence Pugh, Brad Pitt",Ryan Coogler,85.0,2000-01-06,Walt Disney Pictures,Chinese,Brazil,6.6,6417.0,31606072
330,Movie_330,11268960.0,Sci-Fi,"Idris Elba, Sam Star, Scarlett Johansson, Dwayne Johnson",Jamie Lee,97.0,2002-06-03,NEON,Portuguese,India,6.8,7480.0,26102744
7,Movie_7,10438632.0,Comedy,"Meryl Streep, Idris Elba",David Fincher,109.0,2012-12-12,Searchlight Pictures,Japanese,South Korea,8.8,8800.0,14762538
944,Movie_944,8732775.0,Documentary,"Scarlett Johansson, Jake Gyllenhaal, Idris Elba, Oscar Isaac",John Smith,154.0,2025-04-02,A24,English,India,7.9,7129.0,4080594
823,Movie_823,73672478.0,Mystery,"Timothée Chalamet, Zendaya, Morgan Screen",Pat Quinn,136.0,2006-11-19,NEON,Spanish,Canada,5.6,9355.0,28366560
735,Movie_735,57444793.0,Romance,"Robert Downey Jr., Lupita Nyong'o",David Fincher,88.0,2015-06-24,NEON,German,Brazil,6.2,12352.0,171883247
910,Movie_910,7611883.0,Drama,"Saoirse Ronan, Jordan Talent",Damien Chazelle,87.0,2002-03-21,Focus Features,English,USA,8.8,7529.0,41703481
469,Movie_469,18510199.0,Family,"Margot Robbie, Ana de Armas, Benedict Cumberbatch",Jamie Lee,97.0,2014-03-24,A24,Spanish,South Korea,5.5,11295.0,16431856
182,Movie_182,76687901.0,War,"Taylor Thespian, Brie Larson",Ridley Scott,111.0,2011-11-28,20th Century Studios,English,Australia,6.3,10497.0,254278706
165,Movie_165,6044506.0,Fantasy,"Gal Gadot, Robert Downey Jr., Ryan Gosling",Chris Park,166.0,2010-10-29,Legendary Entertainment,English,India,7.9,7389.0,10689955
1524,Movie_1524,5602395.0,War,"Brie Larson, Florence Pugh",John Smith,124.0,2000-01-29,Metro-Goldwyn-Mayer,Hindi,UK,7.2,6843.0,3503855
452,Movie_452,75935744.0,Documentary,"Riley Role, Meryl Streep, Pedro Pascal, Emma Stone",Patty Jenkins,154.0,2019-04-29,20th Century Studios,Chinese,Brazil,6.5,10362.0,9822718
491,Movie_491,389675351.0,Fantasy,"Sam Star, Jordan Talent",Jamie Lee,82.0,2020-08-19,Annapurna Pictures,Korean,UK,6.3,16539.0,187691974
814,Movie_814,54567051.0,Mystery,"Tom Holland, Meryl Streep, Awkwafina, Charlize Theron",David Fincher,71.0,2006-05-14,New Line Cinema,English,China,9.3,12233.0,230662657
1144,Movie_1144,45903357.0,Sci-Fi,"Jennifer Lawrence, Morgan Screen",Christopher Nolan,154.0,2021-06-08,Amblin Entertainment,Spanish,Brazil,7.1,5491.0,91273311
1312,Movie_1312,,Thriller,"Sandra Bullock, Christian Bale, Meryl Streep, Saoirse Ronan",Quentin Tarantino,107.0,2008-08-01,Amblin Entertainment,English,India,6.3,10575.0,159604821
2267,Movie_2267,1996725.0,Musical,"Alex Actor, Scarlett Johansson, Florence Pugh, Jennifer Lawrence",James Cameron,136.0,2012-04-23,20th Century Studios,English,Germany,7.8,2862.0,8998763
1112,Movie_1112,18576781.0,Documentary,"Charlize Theron, Brie Larson, Sandra Bullock, Jane Doe B",Peter Jackson,102.0,2005-07-24,DreamWorks,English,Germany,7.9,13488.0,44602675
2884,Movie_2884,20320358.0,Romance,"Anya Taylor-Joy, Amy Adams",Barry Jenkins,87.0,2023-11-26,Amblin Entertainment,English,India,6.0,12474.0,63097389
2096,Movie_2096,5710619.0,Crime,"Morgan Screen, Morgan Freeman, Viola Davis, Leonardo DiCaprio",Jane Doe,105.0,2010-04-20,Regency Enterprises,Portuguese,Australia,7.7,18023.0,9508533
1442,Movie_1442,13539856.0,Western,"Taylor Thespian, Cate Blanchett, Jake Gyllenhaal",Peter Jackson,138.0,2023-06-26,Lionsgate,English,Canada,8.6,10579.0,74980312
1946,Movie_1946,27088047.0,Western,"Pat Player, Jennifer Lawrence, Cate Blanchett, Oscar Isaac",Quentin Tarantino,60.0,2022-08-16,A24,Hindi,UK,8.0,13796.0,10827058
1007,Movie_1007,32495578.0,Drama,"Brie Larson, Robert Downey Jr., Lupita Nyong'o, Oscar Isaac",Patty Jenkins,88.0,2017-04-29,Walt Disney Pictures,English,UK,7.0,13145.0,80634196
1628,Movie_1628,7673454.0,Comedy,"Meryl Streep, Lupita Nyong'o",Greta Gerwig,138.0,2022-10-20,Lionsgate,English,Brazil,8.4,15356.0,34933224
1633,Movie_1633,14872277.0,Mystery,"Zendaya, Viola Davis, Riley Role, Charlize Theron",Michael Bay,143.0,2017-09-05,Blumhouse Productions,English,China,7.9,8266.0,40800061
1075,Movie_1075,11164705.0,Musical,"Denzel Washington, Chris Evans",Sofia Coppola,107.0,2016-10-03,NEON,Portuguese,Germany,7.3,8418.0,11763840
579,Movie_579,10473923.0,Romance,"Jake Gyllenhaal, Oscar Isaac, Dwayne Johnson, Lupita Nyong'o",Christopher Nolan,131.0,2001-04-09,Village Roadshow,Hindi,South Korea,7.8,8189.0,15062452
2125,Movie_2125,60970262.0,War,"Benedict Cumberbatch, Casey Celeb, Jane Doe B",David Fincher,88.0,2002-02-09,NEON,French,Germany,7.3,7752.0,97663996
2370,Movie_2370,37348870.0,Romance,"Jane Doe B, Zendaya, Timothée Chalamet",David Fincher,116.0,2002-03-15,New Line Cinema,Spanish,UK,7.1,12776.0,31461468
2288,Movie_2288,244318487.0,Horror,"Ana de Armas, Meryl Streep, Jake Gyllenhaal, Timothée Chalamet",Morgan Blake,76.0,2002-04-20,Amblin Entertainment,English,USA,,11151.0,357056614
2515,Movie_2515,17729748.0,Mystery,"Denzel Washington, Viola Davis, Brad Pitt",Casey Brown,70.0,2024-11-22,Columbia Pictures,English,UK,8.2,14350.0,60532077
328,Movie_328,27813196.0,Biography,"Jane Doe B, Dwayne Johnson, Brad Pitt",Ridley Scott,81.0,2019-03-06,Annapurna Pictures,English,UK,7.6,8759.0,113708194
1791,Movie_1791,36112590.0,War,"Margot Robbie, Riley Role, Ana de Armas",Casey Brown,117.0,2008-02-10,Legendary Entertainment,English,India,7.7,9696.0,131730077
443,Movie_443,35809180.0,Western,"Will Smith, Dwayne Johnson, Chris Evans, Tom Hanks",Tim Burton,128.0,2006-08-22,Walt Disney Pictures,Spanish,Brazil,6.2,14142.0,81041348
1859,Movie_1859,172227648.0,Mystery,"Natalie Portman, Leonardo DiCaprio, Gal Gadot, Charlize Theron",Ridley Scott,120.0,2017-05-22,Warner Bros.,Chinese,South Korea,8.5,16517.0,356996594
2372,Movie_2372,822428.0,Family,"Brie Larson, Will Smith",Guillermo del Toro,108.0,2008-06-04,New Line Cinema,English,China,4.4,5631.0,1423142
2152,Movie_2152,95001690.0,Drama,"Viola Davis, Zendaya",Denis Villeneuve,140.0,2025-05-23,Regency Enterprises,English,Italy,6.6,14004.0,167660718
833,Movie_833,46400537.0,Documentary,"Viola Davis, Margot Robbie, Denzel Washington",Sofia Coppola,93.0,2014-10-25,Legendary Entertainment,Japanese,UK,6.5,8897.0,14566831
2399,Movie_2399,128766951.0,Thriller,"Leonardo DiCaprio, Idris Elba, Emma Stone",Steven Spielberg,100.0,2000-06-01,Lionsgate,Japanese,Italy,8.5,16810.0,325817746
2127,Movie_2127,4336606.0,Western,"Christian Bale, Zendaya, Tom Hanks, Idris Elba",Greta Gerwig,126.0,2002-12-21,Columbia Pictures,English,India,7.1,8587.0,4749368
1415,Movie_1415,7967160.0,Crime,"Dwayne Johnson, Meryl Streep, Christian Bale",Wes Anderson,124.0,2004-10-25,Walt Disney Pictures,English,France,9.8,16091.0,56925679
1202,Movie_1202,36933287.0,Animation,"Samuel L. Jackson, Sandra Bullock, Scarlett Johansson, Dwayne Johnson",Patty Jenkins,87.0,2020-09-13,20th Century Studios,English,Canada,8.3,10026.0,97859181
2339,Movie_2339,7239911.0,Fantasy,"Dwayne Johnson, Chris Evans",Morgan Blake,124.0,2008-07-31,A24,English,Japan,7.6,4337.0,33405827
1500,Movie_1500,25176647.0,Mystery,"Benedict Cumberbatch, John Doe A, Leonardo DiCaprio",Morgan Blake,130.0,2022-09-14,Columbia Pictures,Hindi,Brazil,6.6,7690.0,5022952
2973,Movie_2973,49652328.0,Sci-Fi,"Leonardo DiCaprio, Brie Larson, Pedro Pascal",Casey Brown,79.0,2023-01-14,Regency Enterprises,Japanese,Brazil,9.0,5548.0,36062707
87,Movie_87,257115799.0,Action,"Meryl Streep, Leonardo DiCaprio, Jane Doe B",Damien Chazelle,109.0,2002-07-30,Blumhouse Productions,English,Brazil,8.9,17315.0,757514026
1404,Movie_1404,56353450.0,Adventure,"Margot Robbie, Jennifer Lawrence",Alex Rivera,160.0,2016-12-12,Walt Disney Pictures,English,Australia,8.7,12736.0,244281093
2956,Movie_2956,8777595.0,Action,"Robert Downey Jr., Jennifer Lawrence, Timothée Chalamet",Tim Burton,149.0,2013-03-02,Village Roadshow,English,USA,6.7,13235.0,23170144
2348,Movie_2348,191282877.0,Horror,"Christian Bale, Charlize Theron, Emma Stone, Florence Pugh",Jane Doe,156.0,2000-11-20,Legendary Entertainment,Japanese,Italy,7.5,10365.0,236188899
1482,Movie_1482,71239415.0,Fantasy,"Robert Downey Jr., Lupita Nyong'o, Oscar Isaac",Ryan Coogler,129.0,2001-08-26,Annapurna Pictures,German,Australia,8.0,10178.0,87940622
778,Movie_778,7386314.0,Action,"Jake Gyllenhaal, Sandra Bullock, Morgan Freeman, Chris Evans",Martin Scorsese,109.0,2002-01-03,Lionsgate,English,Australia,9.3,7128.0,52543136
800,Movie_800,5624077.0,Action,"Alex Actor, Chris Evans",Chris Park,91.0,2007-12-05,NEON,English,Brazil,6.3,50.0,20060378
1667,Movie_1667,1434700.0,War,"Jane Doe B, Amy Adams",Jordan Peele,115.0,2022-12-15,Warner Bros.,English,China,6.5,9773.0,5020367
1895,Movie_1895,113855852.0,Action,"Benedict Cumberbatch, Margot Robbie",Denis Villeneuve,125.0,2021-12-10,New Line Cinema,Italian,China,7.1,10193.0,133567296
55,Movie_55,31827671.0,Mystery,"Morgan Freeman, Will Smith",Damien Chazelle,146.0,2021-11-08,Amblin Entertainment,English,Japan,5.7,7512.0,40862096
2466,Movie_2466,5201529.0,Romance,"Amy Adams, Charlize Theron, Awkwafina, Emma Stone",James Cameron,140.0,2012-06-28,Annapurna Pictures,English,China,6.4,6427.0,20458763
1288,Movie_1288,125291352.0,Mystery,"Viola Davis, Saoirse Ronan, Emma Stone, Dwayne Johnson",Guy Ritchie,134.0,2004-10-06,New Line Cinema,English,Canada,7.3,14586.0,446001645
1921,Movie_1921,8427652.0,Western,"Morgan Screen, Robert Downey Jr.",Kathryn Bigelow,128.0,2019-09-11,Focus Features,English,Canada,7.7,12187.0,17315923
1668,Movie_1668,46256738.0,Crime,"Zendaya, Viola Davis, Idris Elba, Christian Bale",Chloe Zhao,121.0,2003-06-15,Regency Enterprises,English,Germany,9.1,9571.0,409203213
2678,Movie_2678,25379930.0,Biography,"Sandra Bullock, Viola Davis, Oscar Isaac",Sofia Coppola,77.0,2012-08-28,Legendary Entertainment,Italian,Brazil,6.7,11683.0,30078152
2178,Movie_2178,26494799.0,Mystery,"Viola Davis, Cate Blanchett",Steven Spielberg,121.0,2000-07-18,Paramount Pictures,English,India,7.5,19731.0,67944858
1702,Movie_1702,136125023.0,Musical,"Jane Doe B, John Doe A",Wes Anderson,86.0,2002-09-05,Lionsgate,English,France,7.3,11942.0,174430877
1246,Movie_1246,39974021.0,Action,"Will Smith, Jennifer Lawrence",Pat Quinn,108.0,2021-11-02,20th Century Studios,Hindi,Germany,6.3,7852.0,56523843
114,Movie_114,48551456.0,Western,"Scarlett Johansson, Margot Robbie",John Smith,118.0,2017-01-31,20th Century Studios,English,Canada,6.8,10158.0,61219762
2836,Movie_2836,29748749.0,Sci-Fi,"Tom Holland, Jordan Talent",Jane Doe,99.0,2013-12-19,Regency Enterprises,Spanish,South Korea,5.3,11925.0,12915349
988,Movie_988,236251091.0,Comedy,"Margot Robbie, Pedro Pascal",Chloe Zhao,119.0,2005-12-26,Searchlight Pictures,English,South Korea,7.8,12902.0,557615198
502,Movie_502,,Documentary,"Pedro Pascal, Sandra Bullock, Charlize Theron",Ryan Coogler,90.0,2010-07-15,Annapurna Pictures,English,France,9.2,16531.0,380463019
2176,Movie_2176,39754828.0,Comedy,"Awkwafina, John Doe A",Sofia Coppola,,2024-11-09,Metro-Goldwyn-Mayer,Spanish,Japan,6.6,10032.0,14334765
1010,Movie_1010,51664924.0,Romance,"Dwayne Johnson, Sam Star, Pedro Pascal, Gal Gadot",Alex Rivera,99.0,2011-07-31,NEON,English,India,6.5,16040.0,45705935
1199,Movie_1199,34538928.0,Mystery,"Scarlett Johansson, Anya Taylor-Joy",Taylor Green,129.0,2007-06-07,Regency Enterprises,English,UK,6.6,14268.0,60242099
1395,Movie_1395,24114882.0,Biography,"Florence Pugh, John Doe A, Ana de Armas",David Fincher,132.0,2016-03-22,20th Century Studios,English,Canada,7.5,11019.0,113327952
590,Movie_590,22305775.0,Thriller,"Cate Blanchett, John Doe A, Will Smith",Peter Jackson,67.0,2013-12-31,A24,Korean,Australia,7.8,12069.0,111486690
769,Movie_769,15288615.0,Biography,"Amy Adams, Charlize Theron, Casey Celeb",Taylor Green,148.0,2014-04-21,A24,Japanese,France,7.9,867.0,8437582
18,Movie_18,89187221.0,Sci-Fi,"Casey Celeb, Gal Gadot",Zack Snyder,150.0,2016-10-19,Legendary Entertainment,English,China,8.8,20741.0,361366886
1043,Movie_1043,5342034.0,Musical,"Ana de Armas, Jane Doe B, Cate Blanchett, Idris Elba",Quentin Tarantino,121.0,2016-12-24,Amblin Entertainment,English,UK,7.4,5697.0,23999905
1448,Movie_1448,55542083.0,Comedy,"Timothée Chalamet, Gal Gadot, Morgan Freeman",Chloe Zhao,97.0,2008-09-07,Lionsgate,English,China,8.2,13572.0,300695576
2489,Movie_2489,19370837.0,Western,"Riley Role, Sandra Bullock",Pat Quinn,113.0,2021-06-28,Regency Enterprises,English,Australia,6.7,8347.0,21051617
286,Movie_286,27322705.0,Drama,"Florence Pugh, Saoirse Ronan, Will Smith, Brad Pitt",Jamie Lee,130.0,2016-11-20,New Line Cinema,English,Brazil,5.7,10959.0,77889845
2667,Movie_2667,20830155.0,Romance,"Tom Hanks, Ana de Armas, Timothée Chalamet",Peter Jackson,158.0,2019-08-19,New Line Cinema,Spanish,Italy,7.2,8792.0,22510866
429,Movie_429,7101695.0,Musical,"Meryl Streep, Jordan Talent",Ava DuVernay,117.0,2009-09-02,Metro-Goldwyn-Mayer,English,Canada,7.4,13160.0,22135744
1329,Movie_1329,15169823.0,Family,"Jane Doe B, Pat Player, Tom Hanks",Wes Anderson,70.0,2005-10-11,Amblin Entertainment,Portuguese,Italy,7.1,15434.0,18026353
2006,Movie_2006,30793717.0,Documentary,"Cate Blanchett, Chris Evans, Idris Elba",Morgan Blake,113.0,2000-05-31,A24,Korean,USA,6.8,6669.0,16740423
670,Movie_670,268828913.0,Horror,"Ryan Gosling, Joaquin Phoenix, Morgan Screen",Wes Anderson,78.0,2023-01-11,20th Century Studios,English,Brazil,7.0,7661.0,919620058
32,Movie_32,316926027.0,Biography,"Oscar Isaac, Lupita Nyong'o, Jane Doe B, Leonardo DiCaprio",Ridley Scott,95.0,2018-05-10,A24,English,Japan,7.4,15841.0,502254910
1342,Movie_1342,22671487.0,War,"Pat Player, Emma Stone, Jennifer Lawrence",Kathryn Bigelow,91.0,2003-03-04,Metro-Goldwyn-Mayer,English,India,9.5,1418.0,75038750
723,Movie_723,6955323.0,Crime,"Awkwafina, Scarlett Johansson, Viola Davis",Jamie Lee,106.0,2003-11-28,Annapurna Pictures,English,Canada,8.1,,21118519
952,Movie_952,58376918.0,Romance,"Charlize Theron, Will Smith, Awkwafina",Alex Rivera,89.0,2013-09-28,20th Century Studios,English,Italy,8.6,13222.0,180914060
1915,Movie_1915,68088953.0,War,"Ryan Gosling, Taylor Thespian, Christian Bale, Samuel L. Jackson",Ava DuVernay,138.0,2023-06-04,Annapurna Pictures,English,UK,7.5,17164.0,224314262
2952,Movie_2952,55935909.0,Action,"Morgan Freeman, Denzel Washington, Ana de Armas",Ava DuVernay,101.0,2017-01-12,Columbia Pictures,English,China,7.0,9968.0,262901089
215,Movie_215,46434324.0,Western,"Emma Stone, Will Smith, Joaquin Phoenix",Casey Brown,121.0,2012-07-31,20th Century Studios,Korean,South Korea,7.7,12874.0,50992098
990,Movie_990,41990017.0,Documentary,"Jordan Talent, Sandra Bullock",Patty Jenkins,81.0,2009-07-13,Regency Enterprises,Korean,Italy,7.8,13153.0,9559020
1165,Movie_1165,21853458.0,Mystery,"Pat Player, Ana de Armas",Wes Anderson,75.0,2017-03-19,DreamWorks,English,UK,5.7,10648.0,24719463
2822,Movie_2822,115992800.0,Thriller,"Idris Elba, Riley Role",Quentin Tarantino,119.0,2023-07-17,Annapurna Pictures,English,Australia,7.7,19025.0,522463040
2055,Movie_2055,10896347.0,Horror,"Sam Star, Anya Taylor-Joy",Bong Joon-ho,132.0,2003-01-16,Warner Bros.,English,USA,7.6,10467.0,9225273
327,Movie_327,42195768.0,Documentary,"Casey Celeb, Sandra Bullock",Kathryn Bigelow,105.0,2007-07-01,New Line Cinema,English,Italy,7.3,12023.0,36945337
561,Movie_561,12149087.0,Family,"Christian Bale, Brad Pitt, Pat Player",James Cameron,86.0,2019-06-03,Blumhouse Productions,English,South Korea,9.2,13648.0,83106369
1384,Movie_1384,79010717.0,Animation,"Charlize Theron, Natalie Portman",Quentin Tarantino,123.0,2010-09-08,Metro-Goldwyn-Mayer,Spanish,USA,9.7,18993.0,153240925
1725,Movie_1725,5485860.0,Mystery,"Alex Actor, Margot Robbie",Quentin Tarantino,100.0,2018-01-19,Paramount Pictures,Hindi,Brazil,6.9,3981.0,9898489
1087,Movie_1087,19085516.0,Romance,"Emma Stone, Florence Pugh",Wes Anderson,90.0,2018-02-24,Village Roadshow,Hindi,Italy,5.9,10896.0,27889867
2356,Movie_2356,55039319.0,Western,"Morgan Freeman, Riley Role, Christian Bale, Denzel Washington",James Cameron,108.0,2012-02-07,Lionsgate,French,China,8.0,14682.0,82116790
342,Movie_342,120387156.0,Animation,"Will Smith, Ana de Armas",David Fincher,127.0,2019-10-12,Blumhouse Productions,English,Australia,8.3,7681.0,951611090
1654,Movie_1654,13655080.0,Musical,"Morgan Freeman, Sandra Bullock, Casey Celeb, Jennifer Lawrence",Guillermo del Toro,125.0,2009-07-31,Columbia Pictures,English,Brazil,5.3,15333.0,9392775
148,Movie_148,12342318.0,Romance,"Robert Downey Jr., Anya Taylor-Joy, Chris Evans",Bong Joon-ho,101.0,2021-11-12,Annapurna Pictures,Spanish,Germany,8.2,4369.0,25019350
2981,Movie_2981,4048326.0,Crime,"Dwayne Johnson, Cate Blanchett, Jane Doe B, John Doe A",Ridley Scott,105.0,2008-11-14,New Line Cinema,French,India,6.0,4221.0,4288480
2438,Movie_2438,7239018.0,War,"Gal Gadot, Samuel L. Jackson",Christopher Nolan,102.0,2022-11-12,Lionsgate,English,Canada,8.8,4228.0,35256196
1108,Movie_1108,186532704.0,Adventure,"Brie Larson, Timothée Chalamet, Idris Elba, Benedict Cumberbatch",Morgan Blake,60.0,2012-04-14,Lionsgate,Portuguese,Canada,8.3,11042.0,198372719
849,Movie_849,11085092.0,Thriller,"Oscar Isaac, Dwayne Johnson",Greta Gerwig,123.0,2019-12-13,Warner Bros.,English,USA,8.1,8452.0,89581678
967,Movie_967,2584790.0,Documentary,"Meryl Streep, Taylor Thespian, Florence Pugh",Tim Burton,132.0,2021-09-19,Annapurna Pictures,Spanish,India,7.6,9904.0,3310827
1073,Movie_1073,54265486.0,Mystery,"Amy Adams, Florence Pugh, John Doe A, Saoirse Ronan",Martin Scorsese,135.0,2022-01-11,Blumhouse Productions,English,UK,7.4,12233.0,115697694
2699,Movie_2699,14363315.0,Drama,"Margot Robbie, Emma Stone",Jane Doe,130.0,2001-07-18,DreamWorks,Chinese,UK,6.1,8468.0,24430520
1906,Movie_1906,16563924.0,Biography,"Awkwafina, Margot Robbie",Martin Scorsese,120.0,2004-09-20,Legendary Entertainment,English,China,6.0,6533.0,26445967
156,Movie_156,302126667.0,Action,"Joaquin Phoenix, Jane Doe B",Guillermo del Toro,112.0,2003-03-05,Searchlight Pictures,Chinese,UK,6.9,17105.0,161635703
666,Movie_666,25380955.0,Horror,"Idris Elba, Samuel L. Jackson",Martin Scorsese,100.0,2009-12-29,Village Roadshow,German,India,8.3,7160.0,30682867
662,Movie_662,9971832.0,Animation,"Jane Doe B, Jake Gyllenhaal, Viola Davis, Jordan Talent",Denis Villeneuve,141.0,2008-09-20,20th Century Studios,English,South Korea,6.3,13381.0,28662642
1003,Movie_1003,30957552.0,Crime,"Taylor Thespian, Will Smith, Pedro Pascal, Tom Hanks",Wes Anderson,111.0,2014-01-08,Amblin Entertainment,English,Italy,7.8,7709.0,80984382
2366,Movie_2366,14606281.0,Biography,"Jennifer Lawrence, Chris Evans",Jordan Peele,110.0,2008-05-09,Columbia Pictures,English,Australia,8.8,10196.0,75541706
2544,Movie_2544,116122741.0,Fantasy,"Tom Holland, Sam Star, Amy Adams",Ava DuVernay,107.0,2002-02-25,Universal Pictures,English,Canada,7.9,9709.0,440665114
177,Movie_177,313310126.0,Horror,"Chris Evans, Idris Elba",Jordan Peele,117.0,2016-03-10,Paramount Pictures,English,USA,9.5,14287.0,1604731617
2683,Movie_2683,27285952.0,Biography,"Jake Gyllenhaal, Meryl Streep, Jane Doe B, Natalie Portman",Guy Ritchie,90.0,2011-04-25,Paramount Pictures,Korean,UK,8.8,13782.0,41454029
1880,Movie_1880,20732794.0,Thriller,"Taylor Thespian, Charlize Theron, Samuel L. Jackson, Ryan Gosling",Peter Jackson,115.0,2024-07-28,Focus Features,Portuguese,UK,6.0,6130.0,14893058
1525,Movie_1525,28850272.0,Horror,"Samuel L. Jackson, Joaquin Phoenix, Chris Evans",Christopher Nolan,131.0,2001-02-04,DreamWorks,Spanish,Germany,7.7,10392.0,49486505
2847,Movie_2847,45237000.0,Animation,"Casey Celeb, Emma Stone, Tom Hanks",Barry Jenkins,84.0,2019-12-16,Metro-Goldwyn-Mayer,Portuguese,Germany,7.0,15241.0,99050733
1204,Movie_1204,33219272.0,Crime,"Cate Blanchett, Benedict Cumberbatch, Alex Actor",Christopher Nolan,92.0,2019-05-27,Walt Disney Pictures,Chinese,Brazil,7.2,9182.0,60535255
1991,Movie_1991,9363987.0,Thriller,"Oscar Isaac, Alex Actor",Casey Brown,,2007-05-25,New Line Cinema,Hindi,Australia,6.9,10615.0,10873504
25,Movie_25,13724185.0,Animation,"Natalie Portman, Tom Hanks, Robert Downey Jr.",Zack Snyder,136.0,2008-09-09,New Line Cinema,English,USA,7.4,6464.0,60853329
2840,Movie_2840,2871504.0,Mystery,"Riley Role, Chris Evans, Natalie Portman",Drew White,80.0,2008-05-26,Warner Bros.,English,Japan,9.3,4751.0,10356724
2052,Movie_2052,63204815.0,Documentary,"Gal Gadot, Denzel Washington",Jane Doe,81.0,2009-10-18,Blumhouse Productions,English,South Korea,8.0,6173.0,95205112
2590,Movie_2590,38798584.0,Crime,"Idris Elba, Leonardo DiCaprio",Drew White,,2016-08-24,Amblin Entertainment,English,USA,8.4,9834.0,98024750
2324,Movie_2324,8357875.0,Animation,"Tom Hanks, Samuel L. Jackson, Brie Larson, Jordan Talent",Greta Gerwig,93.0,2021-05-11,Village Roadshow,Korean,UK,8.4,6949.0,20366283
876,Movie_876,21358159.0,Animation,"Tom Holland, Casey Celeb, Brad Pitt, Florence Pugh",Chris Park,84.0,2010-12-12,Legendary Entertainment,Japanese,South Korea,5.2,7685.0,27728881
2724,Movie_2724,6708494.0,Musical,"Chris Evans, Ryan Gosling",Chris Park,89.0,2003-07-04,NEON,English,Canada,6.3,8444.0,15663035
939,Movie_939,76575206.0,Comedy,"Amy Adams, Charlize Theron, Pedro Pascal, Margot Robbie",Chloe Zhao,175.0,2007-08-23,Amblin Entertainment,English,Italy,6.4,10945.0,267129213
2726,Movie_2726,80430983.0,Crime,"Oscar Isaac, Tom Holland",Martin Scorsese,60.0,2001-11-19,Searchlight Pictures,English,Canada,7.6,10379.0,114149019
1553,Movie_1553,9041168.0,War,"Amy Adams, Emma Stone",Taika Waititi,172.0,2000-08-04,Legendary Entertainment,English,Canada,8.3,12492.0,36370334
347,Movie_347,19124836.0,Mystery,"Robert Downey Jr., Amy Adams",Drew White,110.0,2023-11-16,Columbia Pictures,Korean,Italy,7.8,19856.0,27036650
2535,Movie_2535,248155084.0,Comedy,"John Doe A, Oscar Isaac, Dwayne Johnson, Morgan Freeman",Morgan Blake,94.0,2020-04-05,Focus Features,English,USA,6.8,14964.0,541045023
2420,Movie_2420,24969309.0,Thriller,"Brad Pitt, Jane Doe B",Greta Gerwig,111.0,2016-10-16,Paramount Pictures,English,China,7.8,9841.0,100828935
1234,Movie_1234,10335762.0,Documentary,"Joaquin Phoenix, Tom Hanks, John Doe A",Wes Anderson,119.0,2014-10-22,Paramount Pictures,English,France,7.4,6944.0,22947796
1927,Movie_1927,4240108.0,Family,"Emma Stone, Riley Role, Zendaya",Jamie Lee,121.0,2005-05-26,Annapurna Pictures,Portuguese,UK,6.2,11429.0,4570567
386,Movie_386,277981847.0,Drama,"Joaquin Phoenix, Natalie Portman, Anya Taylor-Joy, Gal Gadot",Chloe Zhao,127.0,2016-11-06,Lionsgate,English,Brazil,5.6,9292.0,1198928868
1830,Movie_1830,36990160.0,War,"Sandra Bullock, Ryan Gosling",Casey Brown,149.0,2008-06-21,Paramount Pictures,Portuguese,South Korea,6.3,14546.0,58802513
2185,Movie_2185,18169786.0,Thriller,"Ana de Armas, Denzel Washington",Christopher Nolan,117.0,2013-09-19,Legendary Entertainment,English,Italy,6.2,7372.0,63960258
2536,Movie_2536,119133179.0,Western,"Amy Adams, Robert Downey Jr., Gal Gadot, Taylor Thespian",Steven Spielberg,118.0,2001-05-19,Universal Pictures,Portuguese,Germany,6.6,12577.0,193390095
2220,Movie_2220,63265736.0,Documentary,"Leonardo DiCaprio, Viola Davis, Emma Stone, Joaquin Phoenix",Ava DuVernay,109.0,2007-07-03,Village Roadshow,English,Germany,7.1,11489.0,66759460
244,Movie_244,9176764.0,Sci-Fi,"Pedro Pascal, Natalie Portman, Ryan Gosling, Casey Celeb",Greta Gerwig,93.0,2000-09-13,Amblin Entertainment,English,Italy,8.8,9185.0,56540206
2510,Movie_2510,12975306.0,Horror,"Brad Pitt, Florence Pugh, Joaquin Phoenix",Sofia Coppola,114.0,2013-04-17,Annapurna Pictures,Chinese,South Korea,6.9,12811.0,17012245
1827,Movie_1827,15860366.0,Western,"Oscar Isaac, Dwayne Johnson",Ryan Coogler,128.0,2004-03-01,A24,Hindi,UK,7.1,11713.0,11977049
937,Movie_937,33099311.0,Action,"Jake Gyllenhaal, Lupita Nyong'o, Will Smith, Jennifer Lawrence",Ava DuVernay,156.0,2001-09-29,Village Roadshow,Chinese,China,8.1,8252.0,103689662
1690,Movie_1690,30548685.0,Romance,"Joaquin Phoenix, Alex Actor, Tom Hanks",Guy Ritchie,103.0,2001-09-22,Village Roadshow,Spanish,Italy,5.7,10864.0,43299038
2608,Movie_2608,109504252.0,Action,"Denzel Washington, Oscar Isaac, Scarlett Johansson, Tom Holland",Chris Park,92.0,2019-08-22,Warner Bros.,Portuguese,Brazil,5.7,11374.0,79999888
313,Movie_313,41571460.0,Biography,"Brad Pitt, Amy Adams, Timothée Chalamet, Brie Larson",Sam Mendes,95.0,2018-01-16,New Line Cinema,English,Germany,5.1,13231.0,90906741
1460,Movie_1460,7974909.0,Horror,"Meryl Streep, Pedro Pascal",John Smith,124.0,2009-09-29,Regency Enterprises,Portuguese,USA,7.0,5656.0,7858201
2955,Movie_2955,39346388.0,Mystery,"Meryl Streep, Sandra Bullock, Emma Stone",Taika Waititi,71.0,2002-09-19,Legendary Entertainment,English,USA,9.5,11596.0,173537075
2131,Movie_2131,22866505.0,Animation,"Benedict Cumberbatch, Margot Robbie, Emma Stone, Brie Larson",Jamie Lee,125.0,2019-06-10,Searchlight Pictures,English,Germany,7.0,10457.0,17714685
1333,Movie_1333,25756034.0,War,"Jordan Talent, Christian Bale",Chris Park,120.0,2007-05-12,Searchlight Pictures,English,UK,6.6,12442.0,18682650
969,Movie_969,29471585.0,Adventure,"Robert Downey Jr., Natalie Portman",Patty Jenkins,66.0,2020-12-04,Blumhouse Productions,English,China,9.4,17385.0,121362487
1455,Movie_1455,4682792.0,Thriller,"Saoirse Ronan, Amy Adams, Dwayne Johnson",Martin Scorsese,72.0,2016-02-01,NEON,English,China,9.0,7576.0,27191567
661,Movie_661,8033803.0,Musical,"Saoirse Ronan, Pedro Pascal",Martin Scorsese,111.0,2001-07-09,Columbia Pictures,French,UK,7.8,6475.0,14154697
1935,Movie_1935,60716931.0,Sci-Fi,"Pedro Pascal, Ana de Armas, Riley Role, Dwayne Johnson",Peter Jackson,154.0,2012-10-17,Metro-Goldwyn-Mayer,English,South Korea,10.0,13696.0,209810438
936,Movie_936,63222549.0,Comedy,"Zendaya, Morgan Freeman, Pat Player, John Doe A",Ryan Coogler,93.0,2016-08-13,Warner Bros.,German,Japan,6.1,13790.0,63619995
567,Movie_567,87313078.0,Romance,"Pedro Pascal, Charlize Theron, Gal Gadot",Jordan Peele,135.0,2011-01-15,Metro-Goldwyn-Mayer,English,China,7.8,13349.0,197243044
1855,Movie_1855,21577547.0,Biography,"Jordan Talent, Tom Holland, Morgan Freeman, Riley Role",James Cameron,108.0,2011-01-26,Amblin Entertainment,French,UK,6.6,12988.0,19901561
2453,Movie_2453,48479512.0,Thriller,"Lupita Nyong'o, Pedro Pascal",Tim Burton,94.0,2003-12-03,Universal Pictures,English,Brazil,7.6,13491.0,154536772
1646,Movie_1646,7448226.0,Crime,"Sam Star, Tom Hanks, Jane Doe B",Barry Jenkins,147.0,2025-01-31,DreamWorks,Italian,Brazil,6.3,8108.0,3834407
2583,Movie_2583,13404544.0,Romance,"Sam Star, Benedict Cumberbatch, Ryan Gosling",Michael Bay,105.0,2021-09-23,Focus Features,English,Germany,7.2,10808.0,35629080
1793,Movie_1793,3342452.0,Mystery,"Ryan Gosling, Awkwafina",Ridley Scott,140.0,2025-03-28,NEON,Italian,China,8.4,13234.0,3717031
1431,Movie_1431,62623691.0,Adventure,"Brie Larson, John Doe A, Amy Adams, Casey Celeb",Chloe Zhao,137.0,2011-02-21,Warner Bros.,French,South Korea,8.0,8444.0,103161781
2346,Movie_2346,2541083.0,Animation,"Christian Bale, Pedro Pascal, Samuel L. Jackson",Kathryn Bigelow,149.0,2014-06-22,A24,English,UK,6.8,1567.0,15895266
1014,Movie_1014,53874118.0,Biography,"Anya Taylor-Joy, Meryl Streep, Zendaya",David Fincher,111.0,2007-11-29,Focus Features,English,Canada,9.4,12927.0,347011164
1929,Movie_1929,7733488.0,Comedy,"Emma Stone, Idris Elba",Michael Bay,95.0,2024-08-19,Walt Disney Pictures,English,USA,7.8,4649.0,35540129
2272,Movie_2272,26116294.0,War,"John Doe A, Ryan Gosling, Chris Evans, Christian Bale",Greta Gerwig,60.0,2019-03-17,Legendary Entertainment,English,France,7.9,11335.0,171380526
127,Movie_127,18503455.0,Romance,"Jane Doe B, Sandra Bullock, Awkwafina, Pedro Pascal",Chloe Zhao,,2023-01-20,Blumhouse Productions,English,USA,8.0,10014.0,87509160
2115,Movie_2115,69847972.0,Drama,"Leonardo DiCaprio, Joaquin Phoenix, Scarlett Johansson, Oscar Isaac",Taika Waititi,85.0,2021-05-03,NEON,Korean,USA,8.2,5063.0,51493070
1348,Movie_1348,6418352.0,Sci-Fi,"Ryan Gosling, Meryl Streep, Taylor Thespian, Jennifer Lawrence",David Fincher,90.0,2002-02-02,Amblin Entertainment,English,China,7.1,6869.0,33468557
356,Movie_356,4019704.0,Action,"Saoirse Ronan, Idris Elba, Pat Player",James Cameron,131.0,2008-01-25,Lionsgate,Spanish,UK,6.8,6944.0,4519868
828,Movie_828,3714321.0,Action,"Scarlett Johansson, Morgan Freeman",Damien Chazelle,92.0,2023-11-05,NEON,Spanish,France,6.1,6103.0,4644178
1640,Movie_1640,108380216.0,Animation,"Tom Holland, Brad Pitt, Jordan Talent, Brie Larson",James Cameron,144.0,2018-10-12,Legendary Entertainment,Italian,Italy,9.4,7960.0,188032404
985,Movie_985,27282189.0,Musical,"Brie Larson, Charlize Theron, Will Smith",Jordan Peele,115.0,2014-10-04,Focus Features,French,Canada,7.8,4551.0,58854826
363,Movie_363,29882374.0,Family,"Oscar Isaac, Sandra Bullock",Ridley Scott,114.0,2020-01-06,Focus Features,Spanish,France,6.5,8177.0,68719232
346,Movie_346,7935111.0,Sci-Fi,"Emma Stone, Taylor Thespian",John Smith,79.0,2012-11-27,Legendary Entertainment,Korean,UK,6.4,12760.0,10734350
2209,Movie_2209,44060199.0,Comedy,"Brad Pitt, Morgan Freeman",Steven Spielberg,94.0,2000-06-24,Amblin Entertainment,English,Germany,8.1,13650.0,232789839
712,Movie_712,283048397.0,Crime,"Joaquin Phoenix, Morgan Freeman, Casey Celeb",Peter Jackson,134.0,2022-03-01,A24,Hindi,Brazil,7.1,15653.0,436380742
2085,Movie_2085,2301578.0,Crime,"Oscar Isaac, Taylor Thespian",Taylor Green,67.0,2000-08-17,Paramount Pictures,Japanese,Canada,6.6,12217.0,5009886
11,Movie_11,29911515.0,Comedy,"Jane Doe B, Jake Gyllenhaal",David Fincher,110.0,2000-10-29,20th Century Studios,Japanese,USA,7.6,3914.0,55164346
2442,Movie_2442,99176873.0,Family,"Ana de Armas, Robert Downey Jr.",Zack Snyder,105.0,2018-05-28,20th Century Studios,English,Canada,6.6,15706.0,325055991
1835,Movie_1835,2192951.0,Romance,"Anya Taylor-Joy, Brad Pitt, Margot Robbie",Taika Waititi,136.0,2019-10-12,Warner Bros.,French,Canada,8.4,5695.0,1152805
794,Movie_794,18675206.0,Sci-Fi,"Timothée Chalamet, Idris Elba",Ava DuVernay,111.0,2007-06-20,NEON,Chinese,Australia,7.0,17275.0,26211061
2794,Movie_2794,11817746.0,Crime,"Anya Taylor-Joy, Jordan Talent, Dwayne Johnson",Jane Doe,73.0,2014-07-02,Regency Enterprises,English,UK,5.2,9592.0,12255044
95,Movie_95,39415252.0,Drama,"Jake Gyllenhaal, Viola Davis, Oscar Isaac, Sandra Bullock",Tim Burton,,2010-12-06,NEON,English,Germany,6.9,13883.0,48748797
130,Movie_130,83726123.0,War,"Taylor Thespian, Pedro Pascal, Scarlett Johansson",Barry Jenkins,104.0,2011-07-15,Lionsgate,English,Germany,6.3,6977.0,145593556
2935,Movie_2935,13985553.0,Comedy,"Zendaya, Pedro Pascal, Margot Robbie",Guy Ritchie,170.0,2012-02-06,Annapurna Pictures,Spanish,Japan,6.5,4788.0,9016802
1901,Movie_1901,7618825.0,Family,"Cate Blanchett, Charlize Theron, Jake Gyllenhaal, Samuel L. Jackson",Jamie Lee,110.0,2023-02-12,Blumhouse Productions,English,India,7.0,13019.0,9367626
2420,Movie_2420,24969309.0,Thriller,"Brad Pitt, Jane Doe B",Greta Gerwig,111.0,2016-10-16,Paramount Pictures,English,China,7.8,9841.0,100728207
1933,Movie_1933,70263513.0,Thriller,"Benedict Cumberbatch, Casey Celeb, Lupita Nyong'o",Drew White,131.0,2024-06-03,Blumhouse Productions,English,France,4.7,16922.0,237770655
568,Movie_568,60709605.0,Thriller,"John Doe A, Ryan Gosling, Will Smith, Gal Gadot",Taika Waititi,114.0,2019-08-21,Searchlight Pictures,English,South Korea,8.0,11417.0,124584513
1866,Movie_1866,44939667.0,Crime,"Denzel Washington, Florence Pugh, Sandra Bullock",Jordan Peele,94.0,2004-07-13,Regency Enterprises,English,South Korea,10.0,14351.0,308259036
1659,Movie_1659,8263253.0,Thriller,"Amy Adams, Leonardo DiCaprio, Ryan Gosling",Michael Bay,60.0,2022-05-24,Searchlight Pictures,English,USA,5.8,8972.0,36469046
517,Movie_517,9507914.0,Mystery,"Jane Doe B, Gal Gadot, Brie Larson, Jake Gyllenhaal",Sofia Coppola,116.0,2008-02-25,Focus Features,English,Japan,6.8,12728.0,22220720
1858,Movie_1858,10666681.0,Musical,"Scarlett Johansson, Sandra Bullock, Morgan Freeman",Denis Villeneuve,111.0,2014-01-25,Universal Pictures,French,India,9.2,12414.0,48857428
1278,Movie_1278,5855456.0,Mystery,"Zendaya, Robert Downey Jr.",Drew White,103.0,2020-06-09,Focus Features,English,Australia,8.2,6444.0,11098567
951,Movie_951,46720929.0,Crime,"Amy Adams, Taylor Thespian, Riley Role",Guillermo del Toro,112.0,2024-03-23,A24,English,Australia,7.1,10461.0,107440543
1121,Movie_1121,39119256.0,Documentary,"Margot Robbie, Idris Elba",Martin Scorsese,90.0,2004-06-14,New Line Cinema,English,South Korea,9.6,10891.0,102217151
420,Movie_420,11826259.0,Family,"Florence Pugh, Gal Gadot, Leonardo DiCaprio",Kathryn Bigelow,140.0,2010-02-27,Legendary Entertainment,English,Germany,6.9,8745.0,16742724
923,Movie_923,80558768.0,Fantasy,"Morgan Screen, Brie Larson, Jane Doe B",Barry Jenkins,96.0,2008-07-15,Columbia Pictures,Hindi,Germany,5.3,8698.0,117763833
2223,Movie_2223,14962993.0,Drama,"Oscar Isaac, Leonardo DiCaprio",Guy Ritchie,103.0,2000-05-08,Warner Bros.,Portuguese,Italy,5.9,9166.0,13981175
478,Movie_478,,War,"Lupita Nyong'o, Denzel Washington, Ana de Armas",Casey Brown,127.0,2017-09-10,20th Century Studios,Spanish,Germany,7.9,11662.0,2673597
2036,Movie_2036,6531934.0,Animation,"Anya Taylor-Joy, Ana de Armas",Morgan Blake,95.0,2008-07-03,Lionsgate,Hindi,Brazil,7.0,6729.0,5932544
2744,Movie_2744,16184165.0,Horror,"Samuel L. Jackson, Leonardo DiCaprio, Christian Bale",Sofia Coppola,99.0,2016-09-02,Searchlight Pictures,English,UK,4.7,11759.0,38022994
1693,Movie_1693,12690226.0,Adventure,"Pedro Pascal, Jane Doe B, Christian Bale, John Doe A",Jamie Lee,121.0,2021-10-13,Annapurna Pictures,English,Germany,6.4,6308.0,35118269
2939,Movie_2939,5087820.0,Fantasy,"Tom Holland, Anya Taylor-Joy",Morgan Blake,117.0,2014-08-01,NEON,Portuguese,South Korea,9.5,10954.0,4874375
1472,Movie_1472,2312970.0,Crime,"Will Smith, Robert Downey Jr., Charlize Theron, Pat Player",Bong Joon-ho,99.0,2018-03-26,Regency Enterprises,English,Brazil,8.1,10334.0,3638573
1203,Movie_1203,73444320.0,Romance,"Margot Robbie, Saoirse Ronan, Joaquin Phoenix, Idris Elba",Martin Scorsese,,2015-12-29,NEON,English,Brazil,6.8,9970.0,219516208
1670,Movie_1670,29380041.0,Horror,"Jennifer Lawrence, Morgan Freeman, Samuel L. Jackson",Alex Rivera,135.0,2019-01-05,Regency Enterprises,English,Germany,7.7,9665.0,60098068
2804,Movie_2804,17262496.0,Family,"Saoirse Ronan, Ana de Armas, Oscar Isaac, Zendaya",Chris Park,84.0,2004-04-03,Paramount Pictures,Italian,India,8.4,9857.0,19124394
1971,Movie_1971,28000463.0,Family,"Oscar Isaac, Anya Taylor-Joy, Chris Evans, Meryl Streep",Damien Chazelle,74.0,2025-10-05,Warner Bros.,English,South Korea,9.5,13608.0,81120966
821,Movie_821,72322271.0,Romance,"Chris Evans, Jordan Talent, Taylor Thespian, Natalie Portman",Michael Bay,114.0,2010-07-05,Walt Disney Pictures,Portuguese,UK,6.8,13187.0,100597538
1998,Movie_1998,66606156.0,Drama,"Taylor Thespian, Tom Holland, Jennifer Lawrence",Taika Waititi,121.0,2025-05-01,DreamWorks,German,Brazil,8.1,14863.0,86552802
2898,Movie_2898,18392180.0,Action,"Lupita Nyong'o, Florence Pugh",Alex Rivera,81.0,2015-10-26,Searchlight Pictures,English,USA,6.2,3852.0,21628431
1249,Movie_1249,11496840.0,War,"Natalie Portman, Timothée Chalamet, Chris Evans, Scarlett Johansson",Greta Gerwig,104.0,2006-04-27,20th Century Studios,French,China,7.5,10929.0,15549717
2689,Movie_2689,5363665.0,Family,"Emma Stone, Samuel L. Jackson, Pedro Pascal",David Fincher,151.0,2004-12-17,Regency Enterprises,Chinese,India,7.6,9920.0,9703818
2642,Movie_2642,38112108.0,Mystery,"Morgan Screen, Anya Taylor-Joy",Steven Spielberg,71.0,2014-03-13,Regency Enterprises,Chinese,India,7.9,7709.0,20369507
1047,Movie_1047,4278750.0,Action,"Jennifer Lawrence, Emma Stone, Florence Pugh",Sam Mendes,97.0,2024-12-08,A24,Portuguese,Canada,6.9,9626.0,5379344
1889,Movie_1889,38719060.0,War,"Margot Robbie, Samuel L. Jackson, Emma Stone",Christopher Nolan,127.0,2020-08-22,DreamWorks,English,Brazil,5.8,7922.0,110509742
616,Movie_616,22163973.0,War,"Scarlett Johansson, Tom Hanks, Awkwafina",Pat Quinn,108.0,2005-11-11,Paramount Pictures,English,Japan,7.9,12413.0,29848991
1319,Movie_1319,13506361.0,Mystery,"Christian Bale, Brie Larson",Sam Mendes,76.0,2004-03-04,Regency Enterprises,English,South Korea,8.1,10912.0,46974650
2914,Movie_2914,1627359.0,Thriller,"Gal Gadot, Chris Evans, Idris Elba",Quentin Tarantino,111.0,2013-11-17,New Line Cinema,English,France,8.9,2688.0,6910709
2717,Movie_2717,59611812.0,Western,"Scarlett Johansson, Cate Blanchett, Pat Player",Damien Chazelle,91.0,2009-12-03,Warner Bros.,English,UK,6.0,12783.0,144227575
1773,Movie_1773,50157920.0,Horror,"Taylor Thespian, Morgan Screen, Will Smith, Awkwafina",Taylor Green,76.0,2005-05-20,Metro-Goldwyn-Mayer,German,Germany,7.3,13025.0,17291208
2982,Movie_2982,17100605.0,Family,"Idris Elba, Taylor Thespian",Barry Jenkins,101.0,2014-07-10,Walt Disney Pictures,Hindi,Japan,7.1,13639.0,48556175
132,Movie_132,126329698.0,Family,"Sam Star, Leonardo DiCaprio, Amy Adams",Chloe Zhao,114.0,2000-05-12,Legendary Entertainment,Chinese,Italy,7.3,14415.0,536010075
78,Movie_78,16419906.0,Adventure,"Charlize Theron, Jennifer Lawrence, Jane Doe B, Amy Adams",Jane Doe,126.0,2019-04-07,DreamWorks,English,Brazil,7.5,4197.0,11904223
2053,Movie_2053,6326107.0,Fantasy,"Viola Davis, Cate Blanchett, Leonardo DiCaprio, Dwayne Johnson",Drew White,96.0,2016-01-02,Metro-Goldwyn-Mayer,Korean,France,5.5,8929.0,3718591
725,Movie_725,7333270.0,Western,"Leonardo DiCaprio, Riley Role",Barry Jenkins,145.0,2014-07-12,Walt Disney Pictures,Korean,Brazil,9.3,7193.0,13003038
1315,Movie_1315,71367329.0,Romance,"Samuel L. Jackson, Viola Davis, Jordan Talent",Steven Spielberg,118.0,2017-10-22,DreamWorks,German,Germany,7.8,19216.0,98699652
1852,Movie_1852,154528702.0,Crime,"Ana de Armas, Sandra Bullock, Tom Holland, Sam Star",Christopher Nolan,113.0,2000-03-13,A24,English,France,6.9,12302.0,393588386
2321,Movie_2321,34708430.0,Crime,"Oscar Isaac, Ryan Gosling",Taylor Green,60.0,2015-09-02,NEON,French,Australia,7.4,15353.0,41609455
2513,Movie_2513,19348244.0,War,"Viola Davis, Timothée Chalamet, Charlize Theron",Jamie Lee,125.0,2015-06-19,Lionsgate,English,Italy,7.1,12018.0,34307285
1373,Movie_1373,48864033.0,Musical,"Cate Blanchett, Oscar Isaac, Gal Gadot",Sam Mendes,111.0,2019-05-03,Annapurna Pictures,English,Australia,6.4,10615.0,123307405
1856,Movie_1856,191534612.0,Action,"Jordan Talent, Margot Robbie, Gal Gadot",Christopher Nolan,111.0,2000-12-24,Paramount Pictures,Spanish,France,7.4,14220.0,1036594002
1320,Movie_1320,8024684.0,Musical,"Denzel Washington, Sandra Bullock",Jamie Lee,87.0,2004-10-21,Blumhouse Productions,English,China,5.5,7619.0,18613724
2904,Movie_2904,6450977.0,Action,"Ana de Armas, Pedro Pascal, Dwayne Johnson, Zendaya",Patty Jenkins,115.0,2021-08-25,Regency Enterprises,English,Germany,6.8,4231.0,30745891
2195,Movie_2195,11414708.0,Mystery,"Casey Celeb, Ana de Armas",Pat Quinn,133.0,2020-08-27,Amblin Entertainment,Italian,South Korea,9.2,10071.0,6338975
376,Movie_376,34202046.0,Documentary,"Ryan Gosling, Anya Taylor-Joy",Alex Rivera,104.0,2013-01-18,Universal Pictures,Spanish,Italy,7.6,12561.0,18180332
1909,Movie_1909,40612706.0,Mystery,"Riley Role, Benedict Cumberbatch, Jennifer Lawrence",Morgan Blake,,2004-07-31,20th Century Studios,English,Germany,6.0,15748.0,73724367
334,Movie_334,146869571.0,Mystery,"Saoirse Ronan, Emma Stone",Wes Anderson,,2024-02-23,Blumhouse Productions,Korean,Germany,7.2,12746.0,305375641
2276,Movie_2276,29854714.0,Family,"Timothée Chalamet, Riley Role",Barry Jenkins,110.0,2016-08-18,Walt Disney Pictures,English,Brazil,7.8,10091.0,50742414
2326,Movie_2326,,Sci-Fi,"Robert Downey Jr., Oscar Isaac",Taylor Green,128.0,2009-05-27,Warner Bros.,Korean,USA,8.8,6113.0,91465598
1605,Movie_1605,6965944.0,Adventure,"Idris Elba, Alex Actor, Brie Larson",Christopher Nolan,60.0,2017-01-10,20th Century Studios,French,France,8.6,3823.0,9456857
1119,Movie_1119,3792026.0,Musical,"Natalie Portman, Jane Doe B, Joaquin Phoenix, Jake Gyllenhaal",Sam Mendes,93.0,2000-01-13,Paramount Pictures,English,South Korea,7.5,8409.0,8750612
2858,Movie_2858,12224484.0,Western,"Idris Elba, Casey Celeb, Robert Downey Jr., Saoirse Ronan",Quentin Tarantino,148.0,2010-06-08,Metro-Goldwyn-Mayer,Hindi,Germany,6.3,11575.0,21358797
1944,Movie_1944,13092753.0,Biography,"John Doe A, Charlize Theron, Jennifer Lawrence",Jordan Peele,78.0,2016-05-26,Walt Disney Pictures,English,Germany,8.9,8396.0,55299223
2286,Movie_2286,12392411.0,Drama,"Taylor Thespian, Morgan Freeman, Robert Downey Jr., Charlize Theron",Kathryn Bigelow,113.0,2024-02-07,Blumhouse Productions,English,Brazil,5.7,9130.0,13948671
2549,Movie_2549,6113511.0,Mystery,"Ryan Gosling, Viola Davis, Casey Celeb, Timothée Chalamet",Jamie Lee,115.0,2003-05-30,Annapurna Pictures,English,Australia,5.6,10707.0,3798265
1343,Movie_1343,4631964.0,Documentary,"Lupita Nyong'o, Viola Davis, Alex Actor",Jane Doe,111.0,2004-04-26,Lionsgate,Korean,USA,6.1,7192.0,1877228
321,Movie_321,35075518.0,Musical,"Amy Adams, Charlize Theron",Drew White,112.0,2013-05-04,A24,Chinese,France,7.0,9119.0,59180437
1620,Movie_1620,27299012.0,Fantasy,"Margot Robbie, Pat Player, Alex Actor",Taylor Green,111.0,2011-04-18,Paramount Pictures,Spanish,Japan,5.5,6852.0,46088705
2473,Movie_2473,85306895.0,Drama,"Tom Hanks, Jordan Talent",Jane Doe,110.0,2020-11-13,Legendary Entertainment,Chinese,UK,8.3,8314.0,18080661
2061,Movie_2061,54479635.0,Family,"Cate Blanchett, Brie Larson",Guy Ritchie,136.0,2004-04-29,Walt Disney Pictures,English,Brazil,7.6,14182.0,283928470
1674,Movie_1674,400000000.0,Romance,"Cate Blanchett, Will Smith, Anya Taylor-Joy",Denis Villeneuve,153.0,2004-11-11,Regency Enterprises,French,China,7.8,11843.0,512237775
1943,Movie_1943,10185479.0,Documentary,"Meryl Streep, Brie Larson",Kathryn Bigelow,119.0,2002-04-09,Searchlight Pictures,English,Japan,5.8,7806.0,11167307
261,Movie_261,25128101.0,Fantasy,"Dwayne Johnson, Brie Larson",Sam Mendes,116.0,2011-11-02,DreamWorks,French,Italy,6.0,11600.0,62884370
2379,Movie_2379,11211786.0,Sci-Fi,"Benedict Cumberbatch, Christian Bale, Jennifer Lawrence, Lupita Nyong'o",Michael Bay,161.0,2014-12-26,Annapurna Pictures,Italian,Germany,6.7,6243.0,13518293
2040,Movie_2040,83155939.0,Sci-Fi,"Chris Evans, Awkwafina, Pat Player",Greta Gerwig,129.0,2006-10-25,Paramount Pictures,Spanish,Italy,9.1,15969.0,65349061
690,Movie_690,46892784.0,Fantasy,"Sam Star, Sandra Bullock, Taylor Thespian",Patty Jenkins,163.0,2004-06-19,Legendary Entertainment,Italian,China,8.2,12158.0,141228677
902,Movie_902,58854207.0,Animation,"Jake Gyllenhaal, Leonardo DiCaprio",Taylor Green,105.0,2008-11-08,Warner Bros.,German,USA,5.2,12351.0,25874310
2027,Movie_2027,197298514.0,Western,"Samuel L. Jackson, Natalie Portman",Quentin Tarantino,92.0,2000-10-15,Annapurna Pictures,English,Germany,6.9,21248.0,288659924
139,Movie_139,72145692.0,Fantasy,"Emma Stone, Morgan Screen, Charlize Theron",Morgan Blake,93.0,2004-01-05,Regency Enterprises,French,South Korea,6.3,14453.0,51393192
1918,Movie_1918,44140048.0,Horror,"Leonardo DiCaprio, Cate Blanchett, Idris Elba",Patty Jenkins,130.0,2006-11-13,New Line Cinema,English,Brazil,8.5,11754.0,311161952
1829,Movie_1829,82367989.0,Comedy,"Joaquin Phoenix, Will Smith",Sofia Coppola,138.0,2024-04-28,Amblin Entertainment,English,India,8.0,19135.0,231228405
1574,Movie_1574,5871166.0,Fantasy,"Florence Pugh, Cate Blanchett",Taylor Green,110.0,2020-06-17,Focus Features,English,Japan,7.9,11283.0,26809157
320,Movie_320,3603902.0,Thriller,"Natalie Portman, Amy Adams, Denzel Washington",Chloe Zhao,72.0,2000-03-26,NEON,English,Italy,7.3,6988.0,14335783
654,Movie_654,62378913.0,War,"Samuel L. Jackson, Benedict Cumberbatch, Chris Evans",Sofia Coppola,116.0,2020-01-17,Paramount Pictures,English,India,6.2,14778.0,87863235
2138,Movie_2138,281233489.0,Action,"Zendaya, Brie Larson, Will Smith",Chloe Zhao,122.0,2000-05-20,Walt Disney Pictures,English,Canada,8.4,10777.0,1693831225
2347,Movie_2347,79853127.0,Romance,"Casey Celeb, Zendaya, Jordan Talent",Ridley Scott,94.0,2002-01-27,Walt Disney Pictures,English,France,6.5,15568.0,184821064
559,Movie_559,49175456.0,Biography,"Alex Actor, Brie Larson, Brad Pitt",Ryan Coogler,127.0,2012-06-24,Regency Enterprises,Spanish,Australia,6.6,9094.0,45522923
113,Movie_113,14079946.0,Thriller,"Ryan Gosling, Alex Actor, Morgan Freeman",James Cameron,113.0,2017-11-26,Metro-Goldwyn-Mayer,English,UK,8.2,11838.0,39758214
532,Movie_532,18148651.0,Sci-Fi,"Pedro Pascal, Brad Pitt",John Smith,104.0,2020-11-27,Regency Enterprises,English,India,6.5,7678.0,54748774
225,Movie_225,95595785.0,Family,"Tom Holland, Dwayne Johnson, Oscar Isaac",Quentin Tarantino,102.0,2010-09-19,Paramount Pictures,English,Germany,7.3,8732.0,385943287
724,Movie_724,265588424.0,Western,"Christian Bale, Denzel Washington",Quentin Tarantino,103.0,2018-12-21,Lionsgate,English,Japan,7.3,13218.0,1562234390
2454,Movie_2454,14498862.0,Biography,"Riley Role, Jennifer Lawrence, Morgan Freeman, Robert Downey Jr.",Chloe Zhao,100.0,2005-06-26,Metro-Goldwyn-Mayer,English,Germany,6.4,8594.0,69268685
2598,Movie_2598,12857584.0,Adventure,"Saoirse Ronan, Pedro Pascal",Christopher Nolan,106.0,2008-05-20,Focus Features,English,Canada,8.8,10994.0,70069973
1434,Movie_1434,934857.0,Thriller,"Sandra Bullock, Leonardo DiCaprio, Joaquin Phoenix",Patty Jenkins,112.0,2017-03-15,Walt Disney Pictures,English,Canada,7.3,9653.0,2376024
2354,Movie_2354,35928119.0,Romance,"Scarlett Johansson, John Doe A, Gal Gadot",Drew White,121.0,2003-11-03,Legendary Entertainment,English,Japan,7.0,10933.0,69862758
1459,Movie_1459,7942283.0,Western,"Robert Downey Jr., Jake Gyllenhaal, Awkwafina, Ana de Armas",Barry Jenkins,77.0,2023-09-18,DreamWorks,English,Germany,8.3,4886.0,13436931
2870,Movie_2870,8601380.0,Sci-Fi,"Jordan Talent, Idris Elba",Zack Snyder,77.0,2025-11-23,NEON,German,Italy,6.2,10249.0,8676795
847,Movie_847,68746562.0,Musical,"Robert Downey Jr., Pedro Pascal",Jamie Lee,76.0,2021-04-14,Amblin Entertainment,English,India,6.8,8921.0,121776635
194,Movie_194,57805856.0,Mystery,"Gal Gadot, Jake Gyllenhaal, Pedro Pascal, Samuel L. Jackson",Chris Park,139.0,2008-05-07,Columbia Pictures,English,Japan,7.5,,109738071
1465,Movie_1465,30769780.0,Adventure,"Anya Taylor-Joy, Ryan Gosling, Taylor Thespian",Michael Bay,111.0,2024-05-08,Regency Enterprises,English,Germany,5.6,6300.0,123000785
947,Movie_947,101682188.0,War,"Taylor Thespian, John Doe A",Christopher Nolan,89.0,2003-12-24,Walt Disney Pictures,Hindi,India,7.1,12647.0,321736570
2022,Movie_2022,365030695.0,Romance,"Dwayne Johnson, Ryan Gosling",Greta Gerwig,135.0,2024-03-18,DreamWorks,English,Italy,8.6,11909.0,695413399
1630,Movie_1630,11459184.0,Mystery,"Morgan Freeman, Idris Elba, Pedro Pascal, Cate Blanchett",Sam Mendes,99.0,2002-10-11,Walt Disney Pictures,Chinese,India,8.2,6734.0,32434878
118,Movie_118,,Comedy,"Oscar Isaac, Ana de Armas",Chris Park,148.0,2015-02-01,Regency Enterprises,German,UK,5.4,8723.0,41809485
646,Movie_646,10780937.0,Biography,"Jane Doe B, Alex Actor, John Doe A, Taylor Thespian",Taylor Green,101.0,2013-03-26,Searchlight Pictures,English,Japan,7.4,10203.0,5331561
1871,Movie_1871,15863188.0,Musical,"Tom Hanks, Natalie Portman",Taylor Green,102.0,2013-04-16,Focus Features,English,UK,7.9,10421.0,62307332
4,Movie_4,44203586.0,Musical,"Awkwafina, Jennifer Lawrence, Robert Downey Jr., Scarlett Johansson",Michael Bay,143.0,2012-04-22,Lionsgate,Spanish,India,8.3,11611.0,72777336
75,Movie_75,893582.0,Thriller,"Dwayne Johnson, Ryan Gosling, Tom Holland",Taylor Green,97.0,2024-12-04,NEON,Japanese,Germany,7.4,6060.0,2171575
1756,Movie_1756,10356654.0,Horror,"Cate Blanchett, Anya Taylor-Joy, Chris Evans",Barry Jenkins,108.0,2011-03-23,Lionsgate,English,Canada,6.9,9088.0,18059242
468,Movie_468,55184802.0,Romance,"Margot Robbie, Viola Davis, Timothée Chalamet, Jordan Talent",Christopher Nolan,175.0,2024-08-19,Universal Pictures,Korean,UK,9.4,13712.0,49550930
6,Movie_6,5074652.0,Mystery,"Saoirse Ronan, Zendaya, Sam Star",Ridley Scott,133.0,2001-02-16,New Line Cinema,English,Brazil,9.1,7889.0,27369579
1247,Movie_1247,49295794.0,Romance,"Ryan Gosling, Will Smith, Jennifer Lawrence",Ava DuVernay,90.0,2017-05-15,20th Century Studios,Korean,Canada,7.6,15912.0,223961521
920,Movie_920,45180715.0,Mystery,"Amy Adams, Florence Pugh, Tom Hanks, Oscar Isaac",Sam Mendes,135.0,2009-08-17,Lionsgate,English,China,9.0,15987.0,122429109
229,Movie_229,121490144.0,Biography,"Natalie Portman, John Doe A",Taika Waititi,90.0,2001-08-01,Village Roadshow,English,Germany,7.1,13095.0,256451556
1064,Movie_1064,9904123.0,Sci-Fi,"Brad Pitt, Meryl Streep",Damien Chazelle,60.0,2021-09-20,Village Roadshow,English,India,8.0,11500.0,66504884
243,Movie_243,4765186.0,Fantasy,"Cate Blanchett, Anya Taylor-Joy, Oscar Isaac, Awkwafina",Taika Waititi,73.0,2011-12-04,20th Century Studios,Japanese,Italy,8.2,15660.0,9505034
2304,Movie_2304,8983066.0,Crime,"Leonardo DiCaprio, Sandra Bullock",Ryan Coogler,121.0,2015-08-02,Focus Features,English,USA,5.6,10718.0,12401280
1161,Movie_1161,,Biography,"Denzel Washington, Saoirse Ronan, Casey Celeb",David Fincher,135.0,2021-01-23,Lionsgate,French,France,8.3,9548.0,8421436
2541,Movie_2541,8859678.0,Thriller,"Leonardo DiCaprio, Amy Adams",Damien Chazelle,89.0,2016-08-25,New Line Cinema,English,South Korea,6.1,9847.0,31615606
1527,Movie_1527,9492469.0,Animation,"Natalie Portman, Ryan Gosling, Morgan Freeman",Wes Anderson,101.0,2000-09-07,Lionsgate,English,Germany,8.6,5379.0,37286132
1606,Movie_1606,102820466.0,Family,"Dwayne Johnson, Brad Pitt, Ana de Armas",Greta Gerwig,133.0,2015-06-23,Regency Enterprises,French,China,9.1,9956.0,237172401
2814,Movie_2814,235621332.0,Family,"Christian Bale, Sandra Bullock",Ridley Scott,108.0,2004-03-21,New Line Cinema,Italian,Italy,7.2,14908.0,926491018
2352,Movie_2352,30477939.0,Animation,"Sandra Bullock, Sam Star, Denzel Washington",Wes Anderson,123.0,2020-04-07,20th Century Studios,Spanish,China,7.1,9742.0,47529617
2572,Movie_2572,34114190.0,Action,"Sam Star, Morgan Freeman, Jake Gyllenhaal, Zendaya",Taylor Green,145.0,2005-04-23,A24,French,Canada,7.5,12689.0,16752815
1990,Movie_1990,10664465.0,Action,"Awkwafina, Amy Adams",Peter Jackson,147.0,2006-04-30,NEON,French,UK,8.7,7495.0,21381108
2377,Movie_2377,76520824.0,Mystery,"Jane Doe B, Awkwafina, Charlize Theron, Emma Stone",Patty Jenkins,100.0,2015-02-19,Lionsgate,Italian,Canada,9.6,10674.0,107692914
1976,Movie_1976,14943471.0,Comedy,"Saoirse Ronan, Meryl Streep, Chris Evans",Pat Quinn,110.0,2018-07-22,Lionsgate,English,Canada,8.0,8876.0,49052432
1762,Movie_1762,5324313.0,Western,"Natalie Portman, Jordan Talent, Emma Stone",Bong Joon-ho,131.0,2017-03-04,Warner Bros.,English,Japan,9.2,7060.0,7271696
1306,Movie_1306,11715481.0,Horror,"Benedict Cumberbatch, Margot Robbie, Saoirse Ronan",Greta Gerwig,157.0,2014-12-28,Lionsgate,Hindi,France,6.6,14182.0,47560197
1542,Movie_1542,29052418.0,Western,"Florence Pugh, Jake Gyllenhaal, Charlize Theron, Gal Gadot",Taylor Green,60.0,2007-05-23,Walt Disney Pictures,Japanese,South Korea,6.4,9076.0,17054889
623,Movie_623,119496056.0,Thriller,"Jennifer Lawrence, Robert Downey Jr.",Jordan Peele,109.0,2017-05-10,New Line Cinema,Spanish,China,8.3,11065.0,535677678
2338,Movie_2338,23563879.0,Animation,"Idris Elba, Dwayne Johnson",Kathryn Bigelow,134.0,2020-05-22,Metro-Goldwyn-Mayer,English,Australia,7.2,8690.0,131795857
1494,Movie_1494,15583269.0,Mystery,"Amy Adams, John Doe A",Taika Waititi,78.0,2013-03-20,New Line Cinema,Hindi,UK,6.8,9429.0,8531581
111,Movie_111,12580876.0,Romance,"Robert Downey Jr., Riley Role, Charlize Theron, Alex Actor",Casey Brown,90.0,2013-06-12,20th Century Studios,German,Australia,7.0,7950.0,6103518
2289,Movie_2289,178774107.0,Animation,"Samuel L. Jackson, Ana de Armas, Margot Robbie",Guillermo del Toro,112.0,2009-10-09,Focus Features,English,Brazil,5.5,7560.0,377306662
1170,Movie_1170,,Adventure,"Taylor Thespian, Zendaya, Dwayne Johnson",Ava DuVernay,136.0,2020-05-30,Annapurna Pictures,Portuguese,Germany,9.5,10308.0,16881158
2487,Movie_2487,,Family,"Jane Doe B, Taylor Thespian",Zack Snyder,167.0,2008-11-25,NEON,German,Italy,7.5,10214.0,14252330
233,Movie_233,130723150.0,Thriller,"Tom Hanks, Pedro Pascal",Ava DuVernay,106.0,2002-05-18,Blumhouse Productions,English,Brazil,8.3,12886.0,927198266
67,Movie_67,11507724.0,Horror,"Robert Downey Jr., Awkwafina, Pat Player, Morgan Screen",John Smith,83.0,2011-08-07,A24,Hindi,USA,7.2,12160.0,3778160
2736,Movie_2736,42066003.0,War,"Taylor Thespian, Casey Celeb",Steven Spielberg,71.0,2025-12-09,Paramount Pictures,English,China,7.7,13108.0,162388952
2073,Movie_2073,5211200.0,Sci-Fi,"Amy Adams, Lupita Nyong'o, Zendaya, Pedro Pascal",Ridley Scott,90.0,2003-05-05,Warner Bros.,English,Japan,7.6,14356.0,22853877
2193,Movie_2193,15092882.0,Animation,"Brad Pitt, Zendaya, Saoirse Ronan, Pat Player",Drew White,80.0,2019-05-07,New Line Cinema,Hindi,Germany,6.9,6552.0,21155766
537,Movie_537,9032343.0,Family,"Margot Robbie, Pat Player, Cate Blanchett",David Fincher,125.0,2000-06-07,Columbia Pictures,Spanish,China,8.2,10604.0,12703280
126,Movie_126,96887767.0,Mystery,"Morgan Screen, Leonardo DiCaprio",Chris Park,95.0,2001-07-15,Walt Disney Pictures,English,China,7.2,12355.0,301280861
2134,Movie_2134,79220423.0,Crime,"Natalie Portman, Tom Hanks, John Doe A",Guillermo del Toro,114.0,2023-10-22,DreamWorks,English,UK,7.3,12455.0,198076517
1255,Movie_1255,3112085.0,Drama,"Sandra Bullock, Sam Star",Sofia Coppola,114.0,2021-09-04,NEON,English,Brazil,7.4,9088.0,4106968
2511,Movie_2511,7821509.0,Family,"Leonardo DiCaprio, Cate Blanchett",Chris Park,123.0,2014-08-15,NEON,Hindi,France,5.6,8842.0,7549298
1977,Movie_1977,47735582.0,Adventure,"Florence Pugh, Margot Robbie",Jane Doe,107.0,2009-11-13,Columbia Pictures,English,France,8.0,8620.0,46468824
2488,Movie_2488,10983201.0,Horror,"Sam Star, Lupita Nyong'o, Ana de Armas, Cate Blanchett",Ava DuVernay,140.0,2002-11-01,Universal Pictures,Italian,China,7.3,8779.0,27772848
2351,Movie_2351,7013770.0,Biography,"Lupita Nyong'o, Anya Taylor-Joy",Guy Ritchie,124.0,2015-12-20,Village Roadshow,English,South Korea,6.2,13935.0,16771408
2076,Movie_2076,2361622.0,Documentary,"Brie Larson, Morgan Screen",Kathryn Bigelow,80.0,2002-01-29,Searchlight Pictures,English,UK,8.6,7980.0,2156870
485,Movie_485,100645229.0,Horror,"Ana de Armas, Alex Actor",Drew White,115.0,2021-12-23,Warner Bros.,Portuguese,Australia,7.3,16044.0,53785179
1655,Movie_1655,7340470.0,Documentary,"Awkwafina, Morgan Screen, Leonardo DiCaprio, Natalie Portman",Morgan Blake,91.0,2006-02-06,Searchlight Pictures,Spanish,Germany,7.1,11117.0,1455221
2705,Movie_2705,42418719.0,War,"Taylor Thespian, Amy Adams, Pedro Pascal",John Smith,104.0,2017-04-07,Legendary Entertainment,Italian,Italy,5.8,17267.0,30997600
2290,Movie_2290,19358202.0,Sci-Fi,"Alex Actor, Jennifer Lawrence, Idris Elba",Tim Burton,129.0,2014-12-13,Metro-Goldwyn-Mayer,Italian,Canada,9.2,9370.0,43428912
2430,Movie_2430,10659440.0,War,"Oscar Isaac, John Doe A, Tom Hanks, Cate Blanchett",James Cameron,113.0,2019-05-24,Paramount Pictures,Spanish,Canada,7.4,11949.0,26638248
1775,Movie_1775,5828039.0,Fantasy,"Awkwafina, Robert Downey Jr., Jake Gyllenhaal, Viola Davis",Drew White,113.0,2019-10-04,Regency Enterprises,English,USA,6.3,7405.0,15320710
919,Movie_919,22172023.0,Mystery,"Jake Gyllenhaal, Riley Role, Saoirse Ronan",Jordan Peele,158.0,2008-02-14,Focus Features,Portuguese,USA,9.0,6092.0,26430509
1647,Movie_1647,20198926.0,Romance,"Tom Hanks, Tom Holland",Morgan Blake,92.0,2008-07-17,Metro-Goldwyn-Mayer,English,Japan,8.1,4133.0,31788864
1027,Movie_1027,218772341.0,Documentary,"Sam Star, Chris Evans",Drew White,113.0,2024-10-28,A24,English,Italy,6.9,12935.0,221299612
1031,Movie_1031,15900919.0,Comedy,"Meryl Streep, Pedro Pascal",Sam Mendes,115.0,2001-08-01,Universal Pictures,English,Germany,6.0,7892.0,27664505
883,Movie_883,6808699.0,Horror,"Taylor Thespian, Lupita Nyong'o, Denzel Washington, Riley Role",Michael Bay,106.0,2014-08-17,DreamWorks,French,UK,7.6,8023.0,8506890
1336,Movie_1336,16748522.0,Biography,"John Doe A, Lupita Nyong'o, Jennifer Lawrence, Morgan Freeman",Jamie Lee,119.0,2008-05-16,Annapurna Pictures,English,UK,6.0,8451.0,7609884
2246,Movie_2246,187300332.0,Action,"Oscar Isaac, Morgan Screen",James Cameron,126.0,2009-10-18,Annapurna Pictures,French,Japan,8.2,18345.0,107721554
365,Movie_365,400000000.0,Documentary,"Pedro Pascal, Robert Downey Jr.",John Smith,124.0,2025-08-25,Village Roadshow,Chinese,China,8.3,15271.0,438451171
2126,Movie_2126,31319944.0,Crime,"Christian Bale, Sam Star, Charlize Theron",Denis Villeneuve,148.0,2021-10-27,Amblin Entertainment,Hindi,Brazil,9.0,9192.0,83423887
28,Movie_28,32769496.0,Horror,"Pedro Pascal, Oscar Isaac",Steven Spielberg,86.0,2012-03-28,Columbia Pictures,English,India,8.4,,109321695
474,Movie_474,12910451.0,Comedy,"Jennifer Lawrence, Lupita Nyong'o, Cate Blanchett, Saoirse Ronan",Kathryn Bigelow,91.0,2009-03-28,Focus Features,English,Canada,7.2,14781.0,20373052
526,Movie_526,54338442.0,Mystery,"Jordan Talent, Viola Davis",Guillermo del Toro,122.0,2011-07-14,DreamWorks,Spanish,China,5.7,8402.0,48476407
726,Movie_726,10655040.0,Western,"Jake Gyllenhaal, Alex Actor, Tom Holland, Jane Doe B",Barry Jenkins,150.0,2017-01-24,Universal Pictures,English,Canada,7.1,9864.0,16471595
56,Movie_56,7324831.0,Animation,"Meryl Streep, Ryan Gosling",Pat Quinn,151.0,2018-02-09,New Line Cinema,Italian,UK,6.6,,9855970
639,Movie_639,30350460.0,Documentary,"Jennifer Lawrence, Charlize Theron, Denzel Washington, Margot Robbie",Wes Anderson,140.0,2010-02-08,Amblin Entertainment,Hindi,USA,6.5,13011.0,26270287
303,Movie_303,95342875.0,Drama,"Riley Role, Tom Holland, Chris Evans",Kathryn Bigelow,70.0,2025-05-12,Legendary Entertainment,Spanish,USA,6.0,8141.0,63717115
2636,Movie_2636,27271390.0,Western,"Samuel L. Jackson, Morgan Freeman, Lupita Nyong'o",Chloe Zhao,101.0,2001-07-01,DreamWorks,German,Italy,5.2,14437.0,47308747
1277,Movie_1277,19894221.0,Crime,"Jake Gyllenhaal, Ryan Gosling, Brie Larson, Charlize Theron",Jamie Lee,126.0,2018-09-03,Universal Pictures,English,Italy,7.3,11298.0,68962694
2664,Movie_2664,11057013.0,Fantasy,"Casey Celeb, Ryan Gosling, Taylor Thespian",Damien Chazelle,104.0,2003-06-06,20th Century Studios,English,China,5.2,9000.0,44109740
625,Movie_625,9043691.0,Animation,"Amy Adams, Timothée Chalamet, Sam Star",Ridley Scott,65.0,2022-05-13,Focus Features,Italian,South Korea,7.9,9754.0,40349217
2056,Movie_2056,49285184.0,Crime,"Christian Bale, Meryl Streep, Oscar Isaac",Steven Spielberg,60.0,2015-09-22,Legendary Entertainment,Italian,Canada,9.4,10943.0,68848977
1281,Movie_1281,117436094.0,Comedy,"Denzel Washington, Brad Pitt",Peter Jackson,142.0,2021-06-24,Blumhouse Productions,English,South Korea,9.4,16531.0,520271146
1050,Movie_1050,66341327.0,Crime,"Jordan Talent, Cate Blanchett, Charlize Theron, Samuel L. Jackson",Jordan Peele,162.0,2015-01-29,Warner Bros.,English,Australia,6.8,10129.0,235706437
337,Movie_337,6619147.0,Romance,"Christian Bale, Denzel Washington, Pat Player",Jordan Peele,99.0,2005-07-19,Searchlight Pictures,Chinese,South Korea,8.7,11061.0,10197266
48,Movie_48,27667281.0,Romance,"Dwayne Johnson, Cate Blanchett, Emma Stone, Brie Larson",Peter Jackson,102.0,2004-06-16,Metro-Goldwyn-Mayer,French,UK,7.6,10878.0,17427554
107,Movie_107,22405846.0,Drama,"Ryan Gosling, Alex Actor, Lupita Nyong'o, Taylor Thespian",Peter Jackson,116.0,2011-06-28,Annapurna Pictures,English,India,9.0,9826.0,77666280
1080,Movie_1080,14438382.0,Action,"Pedro Pascal, Jordan Talent, Samuel L. Jackson, Will Smith",Guillermo del Toro,118.0,2021-04-01,20th Century Studios,Japanese,France,7.9,5536.0,26130126
2262,Movie_2262,145492268.0,Family,"Jane Doe B, Margot Robbie",James Cameron,81.0,2023-07-10,NEON,English,UK,7.8,12776.0,502509266
1145,Movie_1145,137749427.0,Fantasy,"Anya Taylor-Joy, Chris Evans, Gal Gadot, Margot Robbie",Christopher Nolan,126.0,2013-11-02,Lionsgate,Spanish,Germany,6.9,10455.0,323073186
2411,Movie_2411,,Comedy,"Denzel Washington, Tom Hanks",Casey Brown,149.0,2018-12-12,Metro-Goldwyn-Mayer,Japanese,Brazil,7.4,14421.0,137721859
1837,Movie_1837,36470310.0,Thriller,"Pedro Pascal, Jordan Talent",Ryan Coogler,100.0,2001-07-05,Focus Features,Korean,Brazil,7.1,13104.0,67663037
1754,Movie_1754,36067880.0,Crime,"Anya Taylor-Joy, Brie Larson, Morgan Freeman, Will Smith",Sam Mendes,86.0,2025-12-19,New Line Cinema,English,India,6.2,12902.0,62868843
1102,Movie_1102,18271576.0,Family,"Idris Elba, Cate Blanchett",Ryan Coogler,85.0,2024-04-25,Amblin Entertainment,French,Germany,7.3,11937.0,38474172
1969,Movie_1969,17845217.0,Fantasy,"Scarlett Johansson, Saoirse Ronan, Riley Role, Alex Actor",Christopher Nolan,111.0,2021-10-22,Blumhouse Productions,Korean,Australia,8.4,8012.0,41388372
524,Movie_524,14792014.0,Horror,"Jake Gyllenhaal, Natalie Portman, Ryan Gosling, Chris Evans",Quentin Tarantino,152.0,2001-10-18,20th Century Studios,English,Germany,8.2,11603.0,88814991
1429,Movie_1429,12107419.0,Family,"Zendaya, Sandra Bullock, Gal Gadot, Pedro Pascal",Casey Brown,132.0,2003-12-26,DreamWorks,English,Australia,5.9,9025.0,26913203
2635,Movie_2635,40904701.0,Crime,"Oscar Isaac, Margot Robbie",Barry Jenkins,75.0,2024-07-22,Warner Bros.,English,Germany,6.9,17899.0,77857379
604,Movie_604,20875921.0,Comedy,"Jane Doe B, John Doe A",Sam Mendes,80.0,2012-06-07,Blumhouse Productions,English,Brazil,7.2,10735.0,45003361
1490,Movie_1490,13670392.0,Drama,"Jordan Talent, Christian Bale",Jane Doe,137.0,2020-03-17,A24,German,Japan,7.3,8699.0,4974840
2376,Movie_2376,124385815.0,Animation,"Charlize Theron, Casey Celeb",Damien Chazelle,60.0,2005-08-13,A24,French,Australia,6.5,11199.0,113347303
61,Movie_61,5081210.0,Musical,"Saoirse Ronan, Tom Hanks, Ana de Armas, Jordan Talent",Guillermo del Toro,79.0,2006-04-11,Walt Disney Pictures,Japanese,Australia,7.2,10498.0,5437193
2816,Movie_2816,24433829.0,Comedy,"Jake Gyllenhaal, Gal Gadot, Robert Downey Jr., Timothée Chalamet",James Cameron,97.0,2008-07-12,Universal Pictures,English,South Korea,7.4,5812.0,43524528
672,Movie_672,182232154.0,Western,"Natalie Portman, Tom Holland, Emma Stone",Pat Quinn,115.0,2018-05-17,Blumhouse Productions,Chinese,USA,5.7,6312.0,118092761
93,Movie_93,76290805.0,Western,"Scarlett Johansson, Viola Davis",Morgan Blake,111.0,2016-09-28,NEON,English,Canada,6.6,6858.0,44975462
667,Movie_667,28028349.0,Documentary,"Robert Downey Jr., Ana de Armas, Chris Evans, Saoirse Ronan",Greta Gerwig,97.0,2017-07-12,New Line Cinema,English,Italy,8.2,8789.0,70992039
1888,Movie_1888,64804907.0,Comedy,"Benedict Cumberbatch, Jake Gyllenhaal, Sam Star",Chris Park,105.0,2008-04-17,Focus Features,English,India,6.5,12662.0,45157168
281,Movie_281,264393343.0,Family,"Leonardo DiCaprio, Cate Blanchett, Sam Star, Emma Stone",Michael Bay,115.0,2000-01-28,Walt Disney Pictures,English,France,8.0,9279.0,1440518511
1720,Movie_1720,12868543.0,Action,"Gal Gadot, Ryan Gosling, Jennifer Lawrence",Morgan Blake,109.0,2005-10-26,Focus Features,English,Brazil,5.7,6097.0,29183274
360,Movie_360,26911973.0,Comedy,"Samuel L. Jackson, Joaquin Phoenix, Morgan Freeman",Tim Burton,66.0,2009-08-02,Paramount Pictures,English,Germany,7.7,12500.0,129298849
900,Movie_900,90669459.0,Action,"Tom Holland, Morgan Freeman, Lupita Nyong'o, Sandra Bullock",Morgan Blake,72.0,2023-04-17,Amblin Entertainment,English,USA,7.9,10098.0,305299993
1936,Movie_1936,5197941.0,Adventure,"Meryl Streep, Will Smith",James Cameron,83.0,2011-04-23,20th Century Studios,Chinese,Canada,7.1,8834.0,11653261
1995,Movie_1995,112777619.0,Biography,"Timothée Chalamet, John Doe A, Pedro Pascal, Joaquin Phoenix",Wes Anderson,70.0,2023-06-29,Blumhouse Productions,Korean,Brazil,8.3,13611.0,124530535
2921,Movie_2921,32750681.0,Thriller,"Natalie Portman, Viola Davis",Chloe Zhao,110.0,2023-02-11,Village Roadshow,Hindi,USA,8.5,12077.0,178755699
761,Movie_761,23192118.0,Comedy,"Jennifer Lawrence, Jake Gyllenhaal, John Doe A, Emma Stone",Michael Bay,108.0,2007-05-22,A24,English,USA,8.1,12978.0,69860398
2159,Movie_2159,86232502.0,Drama,"Jordan Talent, Christian Bale, Tom Hanks, Margot Robbie",Quentin Tarantino,79.0,2001-07-02,Focus Features,Korean,France,7.1,6828.0,167998695
2651,Movie_2651,23415676.0,Fantasy,"Ana de Armas, Viola Davis, Margot Robbie, Alex Actor",Zack Snyder,98.0,2022-06-02,Columbia Pictures,English,South Korea,8.8,13962.0,173605041
43,Movie_43,34538274.0,War,"Christian Bale, Leonardo DiCaprio",Guillermo del Toro,129.0,2010-02-07,Warner Bros.,English,Canada,7.7,9152.0,110812949
2174,Movie_2174,4175440.0,Mystery,"Tom Holland, Taylor Thespian, Will Smith, Jordan Talent",Christopher Nolan,156.0,2018-08-07,Searchlight Pictures,Japanese,Brazil,6.8,5943.0,12440711
205,Movie_205,5300665.0,Horror,"Pedro Pascal, Cate Blanchett, Awkwafina, Robert Downey Jr.",Ava DuVernay,134.0,2023-04-13,Amblin Entertainment,Hindi,Italy,6.4,5567.0,9499664
1474,Movie_1474,244100875.0,Musical,"Margot Robbie, Tom Holland, Morgan Screen, Leonardo DiCaprio",Zack Snyder,138.0,2015-03-01,Walt Disney Pictures,Portuguese,Australia,5.9,17761.0,341175075
2101,Movie_2101,10577868.0,Sci-Fi,"Anya Taylor-Joy, Viola Davis, Dwayne Johnson",Christopher Nolan,109.0,2020-08-30,DreamWorks,English,USA,6.8,8758.0,39728290
69,Movie_69,8734919.0,Mystery,"Benedict Cumberbatch, Awkwafina, Jake Gyllenhaal, Pat Player",John Smith,93.0,2016-04-10,Legendary Entertainment,English,China,6.2,6912.0,11355733
1876,Movie_1876,168514124.0,Comedy,"Chris Evans, Tom Hanks, Ryan Gosling",Guillermo del Toro,108.0,2018-03-31,Warner Bros.,English,France,7.2,16551.0,362195352
2404,Movie_2404,13427545.0,Biography,"John Doe A, Viola Davis, Christian Bale",Ava DuVernay,99.0,2025-04-16,Blumhouse Productions,English,China,7.6,11295.0,30162221
2232,Movie_2232,14865899.0,Family,"Ryan Gosling, Anya Taylor-Joy, Amy Adams, Saoirse Ronan",Sofia Coppola,66.0,2002-11-08,NEON,English,China,7.5,7939.0,15353171
138,Movie_138,15582740.0,Romance,"Morgan Freeman, Dwayne Johnson, Florence Pugh, Brie Larson",Casey Brown,170.0,2001-01-05,New Line Cinema,English,Germany,6.3,15564.0,12093805
797,Movie_797,34024555.0,Drama,"Taylor Thespian, Joaquin Phoenix, Tom Hanks",Peter Jackson,83.0,2018-05-04,Universal Pictures,German,China,8.4,9637.0,35086427
2181,Movie_2181,12176506.0,Horror,"Ryan Gosling, Jane Doe B, Riley Role, Benedict Cumberbatch",Ridley Scott,89.0,2001-10-17,Village Roadshow,Hindi,UK,10.0,9488.0,4628297
2129,Movie_2129,96351790.0,Animation,"Emma Stone, Alex Actor",Zack Snyder,148.0,2002-02-21,Village Roadshow,German,UK,7.8,8745.0,158294236
759,Movie_759,90924484.0,Biography,"Morgan Freeman, Pedro Pascal",Michael Bay,77.0,2012-06-14,Universal Pictures,English,Japan,7.5,7892.0,271256457
542,Movie_542,2619322.0,Horror,"John Doe A, Will Smith",Steven Spielberg,115.0,2010-07-11,New Line Cinema,Hindi,UK,8.9,6375.0,1996922
1020,Movie_1020,4327902.0,Horror,"Brad Pitt, Joaquin Phoenix, Christian Bale",David Fincher,118.0,2020-06-11,DreamWorks,English,India,7.3,14304.0,29477483
2313,Movie_2313,18022314.0,Drama,"Charlize Theron, Jake Gyllenhaal",Greta Gerwig,123.0,2001-11-25,Columbia Pictures,Hindi,Germany,6.6,8900.0,42028236
166,Movie_166,27600798.0,Sci-Fi,"Dwayne Johnson, Meryl Streep, Sam Star, Riley Role",Patty Jenkins,93.0,2008-08-12,Lionsgate,English,USA,6.6,15420.0,96667632
249,Movie_249,5115253.0,Documentary,"Ryan Gosling, Scarlett Johansson, Joaquin Phoenix",Guy Ritchie,78.0,2019-09-21,Universal Pictures,French,France,7.0,6868.0,950472
1332,Movie_1332,19457213.0,Musical,"Jennifer Lawrence, Benedict Cumberbatch",John Smith,104.0,2015-03-19,Walt Disney Pictures,English,India,5.3,15390.0,44321868
2018,Movie_2018,13743030.0,Documentary,"Jane Doe B, Ryan Gosling",Jane Doe,113.0,2003-09-18,NEON,Italian,Australia,7.2,11500.0,3047714
447,Movie_447,67946054.0,Mystery,"Samuel L. Jackson, Amy Adams, Morgan Screen, Lupita Nyong'o",Sam Mendes,80.0,2014-05-04,Legendary Entertainment,English,Australia,8.4,16786.0,119139304
1359,Movie_1359,16953802.0,Family,"Timothée Chalamet, Casey Celeb, Leonardo DiCaprio",Kathryn Bigelow,134.0,2011-01-02,20th Century Studios,English,UK,6.2,8109.0,38623532
2146,Movie_2146,27391974.0,Drama,"Zendaya, Jennifer Lawrence, Viola Davis",David Fincher,117.0,2022-03-29,Lionsgate,English,Japan,7.4,13237.0,120470596
1330,Movie_1330,12362185.0,Crime,"Timothée Chalamet, Christian Bale, Charlize Theron",Drew White,91.0,2013-10-03,DreamWorks,Korean,India,6.7,7786.0,6628624
2940,Movie_2940,106621166.0,Action,"Ryan Gosling, Morgan Screen, Benedict Cumberbatch",Bong Joon-ho,85.0,2015-07-15,Amblin Entertainment,English,South Korea,8.1,11332.0,481980106
2151,Movie_2151,33762334.0,Musical,"Scarlett Johansson, Pat Player, Jane Doe B",Christopher Nolan,138.0,2014-04-09,Walt Disney Pictures,English,Canada,8.8,14300.0,120092245
435,Movie_435,102985264.0,Mystery,"Jane Doe B, Morgan Screen",Sam Mendes,87.0,2014-05-12,New Line Cinema,Korean,Japan,6.9,18912.0,27552367
2123,Movie_2123,11477373.0,Adventure,"Riley Role, Gal Gadot, Anya Taylor-Joy",Bong Joon-ho,113.0,2007-02-18,A24,Italian,Germany,8.7,10224.0,17359359
578,Movie_578,11412975.0,Mystery,"Brad Pitt, Viola Davis, Chris Evans, Jane Doe B",Wes Anderson,60.0,2007-11-16,Focus Features,Hindi,China,7.7,8660.0,14629880
2416,Movie_2416,131258399.0,Comedy,"Brad Pitt, Florence Pugh, Jordan Talent, Pat Player",Barry Jenkins,105.0,2004-12-25,Village Roadshow,Chinese,India,10.0,9781.0,286733579
2770,Movie_2770,10066937.0,Biography,"Morgan Freeman, Pat Player, Tom Hanks",Drew White,104.0,2014-01-05,Annapurna Pictures,English,Brazil,6.3,12424.0,16021004
1849,Movie_1849,6143184.0,Family,"Saoirse Ronan, Viola Davis, Zendaya, Timothée Chalamet",Taylor Green,114.0,2001-08-13,Paramount Pictures,English,USA,8.1,8624.0,11679508
763,Movie_763,65566762.0,Musical,"Jake Gyllenhaal, Viola Davis, Cate Blanchett",Greta Gerwig,100.0,2011-12-02,Blumhouse Productions,English,France,7.7,14959.0,417550825
389,Movie_389,400000000.0,Action,"Leonardo DiCaprio, Robert Downey Jr., Brad Pitt, Cate Blanchett",Jamie Lee,99.0,2021-03-18,Universal Pictures,Japanese,UK,6.6,17653.0,324500894
236,Movie_236,77879114.0,Thriller,"Charlize Theron, Joaquin Phoenix, Oscar Isaac, Dwayne Johnson",Barry Jenkins,66.0,2018-11-03,Lionsgate,Spanish,India,6.6,8902.0,89577467
2633,Movie_2633,11636619.0,Mystery,"Idris Elba, Will Smith, Sam Star",Wes Anderson,112.0,2015-03-07,Searchlight Pictures,English,India,7.0,10339.0,34221352
1985,Movie_1985,,Sci-Fi,"Anya Taylor-Joy, Natalie Portman, Chris Evans",Damien Chazelle,126.0,2022-01-25,Searchlight Pictures,Korean,Japan,7.6,10015.0,3174826
268,Movie_268,11318552.0,Adventure,"Will Smith, Sam Star, Florence Pugh, Chris Evans",Bong Joon-ho,96.0,2021-11-26,Blumhouse Productions,French,China,7.1,5927.0,21080668
771,Movie_771,18775010.0,Western,"Sam Star, John Doe A",Barry Jenkins,137.0,2023-06-18,Legendary Entertainment,Chinese,USA,6.5,3862.0,20004871
2166,Movie_2166,66223161.0,Action,"Denzel Washington, Brad Pitt, Jane Doe B, Morgan Screen",Ryan Coogler,81.0,2016-02-22,Universal Pictures,English,Germany,7.2,9012.0,335835175
438,Movie_438,12304294.0,Romance,"Florence Pugh, Dwayne Johnson",Casey Brown,104.0,2000-07-21,Universal Pictures,English,France,5.0,13287.0,13559698
674,Movie_674,13421151.0,Fantasy,"Idris Elba, Joaquin Phoenix, Ana de Armas",Jane Doe,149.0,2020-12-30,20th Century Studios,Spanish,China,6.4,6071.0,21051931
250,Movie_250,7584303.0,Western,"Christian Bale, Gal Gadot, Jordan Talent",Taylor Green,163.0,2018-11-27,Annapurna Pictures,Japanese,South Korea,6.7,11416.0,11726188
2202,Movie_2202,,Biography,"Sam Star, Amy Adams, Tom Hanks, Chris Evans",Guy Ritchie,76.0,2022-11-18,Columbia Pictures,Korean,India,6.3,13284.0,27222392
1575,Movie_1575,19156024.0,Comedy,"Will Smith, Benedict Cumberbatch",Taylor Green,111.0,2018-04-02,Village Roadshow,English,India,8.4,17965.0,75017815
2143,Movie_2143,48637931.0,Documentary,"Anya Taylor-Joy, Jane Doe B",Morgan Blake,97.0,2023-03-20,Paramount Pictures,Hindi,Canada,5.0,10466.0,13731989
2082,Movie_2082,8900982.0,Documentary,"Amy Adams, Morgan Freeman",Taika Waititi,116.0,2005-03-15,Searchlight Pictures,English,UK,7.2,8419.0,19036907
2646,Movie_2646,,Drama,"Tom Hanks, Idris Elba, Cate Blanchett, Brie Larson",Pat Quinn,151.0,2021-01-20,Blumhouse Productions,English,Germany,7.5,12387.0,6665771
2596,Movie_2596,65928950.0,War,"Sandra Bullock, Margot Robbie",Damien Chazelle,108.0,2022-10-13,20th Century Studios,English,Brazil,6.7,12052.0,68709407
2975,Movie_2975,12743477.0,Mystery,"Pedro Pascal, Florence Pugh, Jennifer Lawrence",Chloe Zhao,114.0,2016-11-11,Blumhouse Productions,English,USA,7.9,14343.0,70285576
449,Movie_449,5754175.0,Crime,"Awkwafina, Timothée Chalamet, Zendaya, Denzel Washington",Peter Jackson,125.0,2011-04-02,Walt Disney Pictures,English,India,8.3,10658.0,15964336
1470,Movie_1470,34800713.0,Romance,"Morgan Freeman, Amy Adams, Taylor Thespian, Dwayne Johnson",Ava DuVernay,101.0,2018-12-11,Annapurna Pictures,English,South Korea,7.1,9020.0,208465477
717,Movie_717,60326339.0,Biography,"Emma Stone, Christian Bale",Steven Spielberg,87.0,2014-08-06,Legendary Entertainment,Chinese,Canada,7.0,15443.0,99323791
2423,Movie_2423,66278239.0,Mystery,"Zendaya, Sandra Bullock, Pat Player, Leonardo DiCaprio",Casey Brown,124.0,2021-06-14,Columbia Pictures,English,France,7.0,8535.0,181076231
2643,Movie_2643,50336482.0,Sci-Fi,"Meryl Streep, Brie Larson, Casey Celeb",Jamie Lee,60.0,2020-06-05,20th Century Studios,English,Canada,6.1,10689.0,59076695
2049,Movie_2049,39024575.0,Comedy,"Oscar Isaac, Leonardo DiCaprio, Awkwafina",John Smith,74.0,2018-04-25,Focus Features,English,Canada,7.0,13603.0,76822168
1902,Movie_1902,107481685.0,Family,"Charlize Theron, Taylor Thespian",Michael Bay,109.0,2013-02-18,Legendary Entertainment,Portuguese,Italy,7.6,17166.0,53205163
1169,Movie_1169,14933361.0,Documentary,"Zendaya, Idris Elba, Christian Bale",Greta Gerwig,89.0,2016-09-21,Amblin Entertainment,English,India,8.3,10796.0,48336361
83,Movie_83,22612708.0,War,"Samuel L. Jackson, Brie Larson, Emma Stone, Margot Robbie",David Fincher,98.0,2012-10-19,Metro-Goldwyn-Mayer,English,Brazil,8.8,15889.0,129092215
2959,Movie_2959,11963660.0,Romance,"Oscar Isaac, Sam Star, Meryl Streep",Morgan Blake,94.0,2024-08-04,Regency Enterprises,English,Australia,6.7,13078.0,11463944
1461,Movie_1461,22385225.0,Horror,"Awkwafina, Jane Doe B, Benedict Cumberbatch",Barry Jenkins,96.0,2004-12-22,Columbia Pictures,English,China,7.3,13590.0,38269219
1894,Movie_1894,17305708.0,Horror,"Leonardo DiCaprio, Samuel L. Jackson, Pat Player",Damien Chazelle,77.0,2001-09-13,Regency Enterprises,German,Canada,5.8,9843.0,8546919
1669,Movie_1669,49066526.0,Adventure,"Anya Taylor-Joy, Brad Pitt",Morgan Blake,82.0,2024-06-25,DreamWorks,English,Japan,8.7,10569.0,93898281
2001,Movie_2001,20020339.0,War,"Samuel L. Jackson, Viola Davis",Barry Jenkins,139.0,2000-02-10,Amblin Entertainment,Korean,Japan,9.6,8833.0,78756281
476,Movie_476,25972613.0,Action,"Ryan Gosling, Idris Elba",Morgan Blake,98.0,2011-09-06,Walt Disney Pictures,Chinese,China,7.5,9565.0,39355244
518,Movie_518,90717186.0,Documentary,"Morgan Screen, Margot Robbie, Cate Blanchett, Emma Stone",Guy Ritchie,127.0,2000-01-28,Village Roadshow,English,Japan,6.7,7432.0,171545283
405,Movie_405,8881697.0,Comedy,"Leonardo DiCaprio, Emma Stone",Guillermo del Toro,101.0,2025-01-04,Regency Enterprises,Korean,UK,7.5,8049.0,13533741
385,Movie_385,14170835.0,Thriller,"Amy Adams, Lupita Nyong'o",Alex Rivera,116.0,2005-07-31,Focus Features,English,South Korea,5.6,8009.0,36405210
2459,Movie_2459,22948236.0,Romance,"Samuel L. Jackson, Charlize Theron, Alex Actor, Idris Elba",John Smith,132.0,2008-07-08,New Line Cinema,Portuguese,Australia,8.2,8098.0,12895894
2153,Movie_2153,33437563.0,Romance,"Jane Doe B, Cate Blanchett, Jake Gyllenhaal",Sofia Coppola,131.0,2017-06-21,Metro-Goldwyn-Mayer,English,UK,6.9,8860.0,70953454
1634,Movie_1634,5971315.0,Comedy,"Samuel L. Jackson, Margot Robbie",David Fincher,99.0,2023-04-11,Columbia Pictures,English,Brazil,6.9,4108.0,35565014
2986,Movie_2986,133803532.0,Action,"Margot Robbie, Jennifer Lawrence",Morgan Blake,96.0,2000-09-01,Focus Features,Japanese,Germany,5.1,14984.0,75352048
689,Movie_689,73384666.0,Drama,"Sam Star, Pat Player, Jordan Talent, Zendaya",Ridley Scott,140.0,2025-09-01,Universal Pictures,Korean,France,7.9,10634.0,80117651
1241,Movie_1241,78538473.0,Adventure,"John Doe A, Joaquin Phoenix, Samuel L. Jackson",Alex Rivera,92.0,2009-06-25,Lionsgate,English,Japan,7.4,13124.0,88034856
63,Movie_63,7990534.0,Documentary,"Natalie Portman, Chris Evans",Morgan Blake,,2017-04-10,Legendary Entertainment,Spanish,France,6.8,10028.0,1200553
853,Movie_853,10998000.0,Horror,"Ryan Gosling, Ana de Armas, Emma Stone, Margot Robbie",Ryan Coogler,110.0,2014-06-26,Legendary Entertainment,Japanese,Germany,7.6,14327.0,8064120
2780,Movie_2780,15987644.0,Drama,"Benedict Cumberbatch, Emma Stone, Awkwafina",Sofia Coppola,97.0,2008-06-11,Regency Enterprises,Spanish,Italy,5.3,8681.0,21932650
2503,Movie_2503,39719679.0,Family,"Benedict Cumberbatch, Ana de Armas",Peter Jackson,107.0,2005-02-19,Annapurna Pictures,Japanese,Germany,6.2,11586.0,33432648
1263,Movie_1263,3295662.0,Western,"Jake Gyllenhaal, Dwayne Johnson",Alex Rivera,87.0,2014-03-29,Warner Bros.,English,UK,5.4,3694.0,3122098
224,Movie_224,99394976.0,War,"Jake Gyllenhaal, Idris Elba, Chris Evans, Viola Davis",Tim Burton,95.0,2019-11-02,NEON,English,Australia,6.8,12331.0,434051438
2194,Movie_2194,96774165.0,Biography,"Tom Hanks, Dwayne Johnson, Cate Blanchett",Martin Scorsese,136.0,2002-04-28,Blumhouse Productions,German,India,8.9,17716.0,89285087
374,Movie_374,21119076.0,Family,"Florence Pugh, Idris Elba, Riley Role",Casey Brown,83.0,2009-11-21,Warner Bros.,English,South Korea,5.9,10728.0,21414074
1825,Movie_1825,53421305.0,War,"Pedro Pascal, Tom Hanks, Robert Downey Jr., John Doe A",Greta Gerwig,114.0,2024-12-19,Annapurna Pictures,English,Brazil,7.9,17448.0,83289155
2564,Movie_2564,4985321.0,Western,"Pat Player, Leonardo DiCaprio",Ridley Scott,113.0,2008-06-23,20th Century Studios,English,Australia,7.7,4343.0,8470195
2899,Movie_2899,37650902.0,Horror,"Will Smith, Sandra Bullock",Taika Waititi,112.0,2002-08-12,20th Century Studios,Korean,South Korea,9.1,17026.0,105079175
2625,Movie_2625,19993182.0,War,"Idris Elba, Sam Star",Steven Spielberg,115.0,2007-11-04,Blumhouse Productions,English,Germany,9.6,12171.0,43969939
2713,Movie_2713,13831099.0,War,"Pat Player, Scarlett Johansson",Wes Anderson,107.0,2007-10-09,Legendary Entertainment,English,Japan,7.2,11713.0,44506028
10,Movie_10,13507412.0,Crime,"John Doe A, Sam Star",Alex Rivera,115.0,2014-01-02,Focus Features,English,UK,4.8,10288.0,13411612
1945,Movie_1945,8852186.0,Family,"Morgan Screen, Margot Robbie",Drew White,82.0,2019-02-07,Searchlight Pictures,English,India,8.8,7608.0,10010500
1839,Movie_1839,5368740.0,Mystery,"Brad Pitt, Leonardo DiCaprio, Ryan Gosling",Taylor Green,135.0,2022-04-30,Paramount Pictures,Italian,UK,7.6,9385.0,9606631
709,Movie_709,54126419.0,Comedy,"Jake Gyllenhaal, Lupita Nyong'o, Cate Blanchett",Chris Park,60.0,2023-02-11,New Line Cinema,English,Italy,6.6,11549.0,199529081
256,Movie_256,47383148.0,Crime,"Tom Holland, Tom Hanks, Casey Celeb",Ava DuVernay,110.0,2007-09-28,Amblin Entertainment,English,Australia,7.4,11229.0,120323547
1618,Movie_1618,40660154.0,Fantasy,"Morgan Freeman, Pat Player, Lupita Nyong'o",Greta Gerwig,124.0,2012-01-04,Regency Enterprises,Hindi,Brazil,7.3,10516.0,85123770
390,Movie_390,20387296.0,Sci-Fi,"Florence Pugh, Lupita Nyong'o",Steven Spielberg,92.0,2007-04-09,Paramount Pictures,Hindi,India,5.9,12200.0,12649150
1582,Movie_1582,39743514.0,Crime,"Ana de Armas, Lupita Nyong'o",John Smith,126.0,2008-08-06,Universal Pictures,French,France,7.1,11515.0,44568971
925,Movie_925,15189241.0,Musical,"Benedict Cumberbatch, Brie Larson",Chris Park,115.0,2023-08-29,Focus Features,English,Japan,8.7,8981.0,24519913
2037,Movie_2037,31429551.0,Musical,"Amy Adams, Casey Celeb, Jennifer Lawrence, Pedro Pascal",Casey Brown,163.0,2012-03-17,Paramount Pictures,English,China,7.3,11189.0,36556198
2552,Movie_2552,21222147.0,Biography,"Jordan Talent, Natalie Portman, Meryl Streep",Kathryn Bigelow,118.0,2007-08-05,Focus Features,English,Japan,6.8,10221.0,44464247
1225,Movie_1225,126296615.0,Sci-Fi,"Christian Bale, Sandra Bullock, Timothée Chalamet, Morgan Screen",Denis Villeneuve,155.0,2022-11-05,A24,French,China,5.3,15566.0,79699566
1947,Movie_1947,9180205.0,Musical,"Timothée Chalamet, Margot Robbie, Zendaya, Ana de Armas",Bong Joon-ho,117.0,2005-07-08,Walt Disney Pictures,Portuguese,UK,8.2,8705.0,16423015
740,Movie_740,143788347.0,Comedy,"Ryan Gosling, Cate Blanchett",Steven Spielberg,97.0,2004-12-20,Legendary Entertainment,English,Australia,5.6,12695.0,1008092312
41,Movie_41,36819809.0,Crime,"Jake Gyllenhaal, Ryan Gosling",Zack Snyder,152.0,2015-04-23,Lionsgate,English,UK,7.9,11422.0,36613386
869,Movie_869,20438893.0,Musical,"Meryl Streep, Pat Player",Damien Chazelle,80.0,2009-11-15,A24,French,Australia,7.1,7583.0,22521789
540,Movie_540,7717643.0,Action,"Robert Downey Jr., Jane Doe B, Samuel L. Jackson, Anya Taylor-Joy",Jane Doe,110.0,2001-04-04,Warner Bros.,English,UK,7.5,4236.0,10539813
2671,Movie_2671,52055930.0,Musical,"Florence Pugh, Riley Role",David Fincher,105.0,2024-09-10,New Line Cinema,Spanish,UK,8.6,9575.0,41989245
1372,Movie_1372,10180310.0,Comedy,"Taylor Thespian, Pat Player",Taika Waititi,122.0,2025-04-01,Lionsgate,Portuguese,Canada,6.1,8406.0,8649381
1146,Movie_1146,19596165.0,Western,"Benedict Cumberbatch, Amy Adams",Christopher Nolan,109.0,2024-12-01,DreamWorks,English,Canada,8.7,11097.0,123335416
1032,Movie_1032,37279179.0,Action,"Timothée Chalamet, Robert Downey Jr., Will Smith",Drew White,95.0,2023-02-01,Legendary Entertainment,Italian,France,7.1,12425.0,41354182
373,Movie_373,43652053.0,War,"Amy Adams, Alex Actor, Taylor Thespian",Barry Jenkins,127.0,2006-08-25,Legendary Entertainment,English,Germany,7.1,14231.0,69797970
668,Movie_668,89056544.0,Adventure,"Riley Role, Zendaya",Drew White,111.0,2009-07-20,Amblin Entertainment,Chinese,France,7.1,14089.0,95654415
358,Movie_358,103502000.0,Thriller,"Timothée Chalamet, Christian Bale",Peter Jackson,132.0,2007-12-31,Paramount Pictures,Chinese,Italy,7.1,17236.0,319720815
968,Movie_968,28733575.0,Mystery,"Robert Downey Jr., Brie Larson",Ridley Scott,125.0,2009-07-04,Village Roadshow,English,UK,9.9,7853.0,170653536
1354,Movie_1354,4902512.0,Family,"Sandra Bullock, Dwayne Johnson, John Doe A, Denzel Washington",Patty Jenkins,92.0,2004-08-25,Focus Features,French,South Korea,6.8,7515.0,8143517
1036,Movie_1036,66237539.0,Animation,"Benedict Cumberbatch, Jordan Talent",Sofia Coppola,90.0,2012-12-04,Annapurna Pictures,Spanish,USA,7.7,18127.0,171344535
471,Movie_471,79183719.0,Animation,"Lupita Nyong'o, Morgan Freeman",Taylor Green,132.0,2009-04-20,Focus Features,Italian,USA,8.9,16926.0,177537667
1397,Movie_1397,5221672.0,Thriller,"Cate Blanchett, Will Smith, Tom Holland, Taylor Thespian",Guy Ritchie,120.0,2005-04-09,Paramount Pictures,Spanish,India,5.6,2891.0,3844284
2649,Movie_2649,62163629.0,Drama,"Samuel L. Jackson, Benedict Cumberbatch, Saoirse Ronan",Denis Villeneuve,74.0,2016-12-01,Legendary Entertainment,Spanish,Italy,6.5,11440.0,177785028
1550,Movie_1550,75563831.0,Adventure,"Robert Downey Jr., Florence Pugh, Oscar Isaac, Charlize Theron",Kathryn Bigelow,105.0,2023-05-29,Amblin Entertainment,Spanish,Australia,4.9,11977.0,73281342
1257,Movie_1257,13488963.0,Crime,"Saoirse Ronan, Riley Role, Denzel Washington",Damien Chazelle,146.0,2011-04-03,20th Century Studios,Spanish,India,5.1,8578.0,13397473
2095,Movie_2095,33326534.0,Family,"Idris Elba, Awkwafina",Jordan Peele,120.0,2021-03-17,Metro-Goldwyn-Mayer,English,Canada,6.8,15145.0,161357927
1556,Movie_1556,9040953.0,Romance,"Brie Larson, Jennifer Lawrence, Scarlett Johansson, Zendaya",Ava DuVernay,101.0,2009-08-27,New Line Cinema,Italian,USA,7.8,7760.0,7297066
2617,Movie_2617,18439128.0,Western,"Alex Actor, Benedict Cumberbatch",Jamie Lee,105.0,2011-03-29,DreamWorks,English,France,5.7,9735.0,15234803
1251,Movie_1251,13083008.0,Animation,"Christian Bale, Zendaya",Jamie Lee,123.0,2020-02-12,Lionsgate,English,Italy,6.7,7437.0,35161689
1700,Movie_1700,25177794.0,Western,"Jane Doe B, Chris Evans",Jordan Peele,147.0,2019-04-08,DreamWorks,English,Canada,6.0,8756.0,39124048
1253,Movie_1253,5099064.0,Biography,"Morgan Freeman, Morgan Screen, Lupita Nyong'o, Oscar Isaac",Ava DuVernay,102.0,2019-10-15,Paramount Pictures,Korean,India,8.8,11194.0,6502609
2810,Movie_2810,64171103.0,Musical,"Denzel Washington, Brad Pitt, Morgan Screen, Brie Larson",John Smith,135.0,2001-01-22,NEON,Japanese,Australia,7.8,12833.0,72267047
80,Movie_80,29637663.0,Sci-Fi,"Zendaya, Idris Elba, Jennifer Lawrence, Jane Doe B",Bong Joon-ho,159.0,2001-02-26,Universal Pictures,English,Japan,8.0,13132.0,65566742
1173,Movie_1173,17749303.0,Thriller,"Timothée Chalamet, Leonardo DiCaprio, Saoirse Ronan, Tom Holland",David Fincher,175.0,2024-06-01,Lionsgate,Spanish,India,7.0,9559.0,65107931
815,Movie_815,4122706.0,Drama,"Will Smith, Morgan Screen, Benedict Cumberbatch, Joaquin Phoenix",Peter Jackson,79.0,2007-05-27,Walt Disney Pictures,English,China,5.9,8975.0,10874281
1853,Movie_1853,78177998.0,Thriller,"Margot Robbie, Jordan Talent, Dwayne Johnson",Jane Doe,110.0,2012-07-19,Legendary Entertainment,English,India,5.5,13835.0,155912070
2221,Movie_2221,50303355.0,Mystery,"Natalie Portman, Pedro Pascal, Benedict Cumberbatch",Denis Villeneuve,60.0,2003-08-25,Searchlight Pictures,English,Australia,5.7,17776.0,152425405
2657,Movie_2657,113418010.0,Animation,"Leonardo DiCaprio, John Doe A, Jennifer Lawrence, Viola Davis",Patty Jenkins,76.0,2013-09-08,Legendary Entertainment,English,France,6.5,15295.0,423082459
2106,Movie_2106,11014308.0,Animation,"Brad Pitt, Lupita Nyong'o, Dwayne Johnson",Sam Mendes,169.0,2016-12-19,Walt Disney Pictures,Italian,Australia,5.9,9507.0,26028530
134,Movie_134,1936742.0,Drama,"Lupita Nyong'o, Timothée Chalamet",Damien Chazelle,91.0,2010-05-05,Columbia Pictures,English,Germany,7.2,3048.0,7704817
1141,Movie_1141,4436854.0,Family,"Samuel L. Jackson, Ana de Armas, Natalie Portman",Zack Snyder,118.0,2018-10-28,Village Roadshow,Korean,South Korea,7.6,11478.0,3270585
934,Movie_934,13163622.0,Western,"Pedro Pascal, Emma Stone, Joaquin Phoenix, Ana de Armas",Pat Quinn,108.0,2019-07-16,Columbia Pictures,English,China,6.6,13916.0,28687268
929,Movie_929,38768909.0,Horror,"Benedict Cumberbatch, Robert Downey Jr., Awkwafina",Jordan Peele,108.0,2001-08-14,Lionsgate,English,UK,7.0,13466.0,117649569
824,Movie_824,36963265.0,Mystery,"Idris Elba, Anya Taylor-Joy",Chris Park,85.0,2008-06-30,NEON,Spanish,Canada,7.4,10063.0,19095098
1532,Movie_1532,,Biography,"Joaquin Phoenix, Gal Gadot, Taylor Thespian",Guillermo del Toro,101.0,2009-02-18,Village Roadshow,English,USA,7.2,4649.0,31918994
1215,Movie_1215,145726795.0,Western,"Will Smith, Cate Blanchett, Chris Evans",Denis Villeneuve,112.0,2020-09-03,Warner Bros.,English,Japan,7.5,15138.0,507110811
505,Movie_505,101459622.0,Crime,"Emma Stone, Tom Hanks, Oscar Isaac, Casey Celeb",Peter Jackson,149.0,2000-07-18,Village Roadshow,English,India,8.6,14990.0,672141163
2995,Movie_2995,11470808.0,Family,"Oscar Isaac, Denzel Washington, Natalie Portman, Dwayne Johnson",Denis Villeneuve,122.0,2005-01-25,Legendary Entertainment,French,USA,8.0,6725.0,23917130
2396,Movie_2396,12984233.0,Horror,"Alex Actor, Dwayne Johnson, Scarlett Johansson",Ridley Scott,89.0,2021-04-20,DreamWorks,English,China,5.8,11805.0,23410937
1997,Movie_1997,15254844.0,Documentary,"Oscar Isaac, Cate Blanchett",Denis Villeneuve,131.0,2025-05-19,Amblin Entertainment,German,Brazil,6.9,12166.0,12338026
2435,Movie_2435,12102419.0,War,"Robert Downey Jr., Cate Blanchett, Will Smith",Jamie Lee,129.0,2011-09-26,Blumhouse Productions,English,China,7.3,10234.0,19675294
1959,Movie_1959,23170887.0,Animation,"Idris Elba, Casey Celeb, Sam Star",Damien Chazelle,90.0,2004-09-01,Focus Features,English,Brazil,8.6,13249.0,59911939
1385,Movie_1385,12863576.0,Action,"Denzel Washington, Dwayne Johnson",Ava DuVernay,102.0,2000-05-05,Amblin Entertainment,Spanish,China,8.9,7705.0,24329289
895,Movie_895,38823312.0,Animation,"Joaquin Phoenix, Tom Hanks, Morgan Screen, Casey Celeb",Jane Doe,113.0,2023-11-22,20th Century Studios,Portuguese,UK,6.5,9202.0,15636184
829,Movie_829,20868533.0,Animation,"Florence Pugh, Dwayne Johnson, Gal Gadot",Guy Ritchie,100.0,2022-06-04,Paramount Pictures,English,Canada,7.5,13587.0,116591244
2950,Movie_2950,5950997.0,Western,"Will Smith, Florence Pugh, Idris Elba, Jake Gyllenhaal",Chris Park,110.0,2005-03-04,Legendary Entertainment,Portuguese,Japan,7.1,7300.0,4321845
1684,Movie_1684,111943692.0,Action,"Margot Robbie, John Doe A, Oscar Isaac",Bong Joon-ho,79.0,2008-08-05,Village Roadshow,Chinese,Canada,6.8,13609.0,109663388
2602,Movie_2602,101456389.0,Musical,"Jennifer Lawrence, Dwayne Johnson",Taika Waititi,63.0,2009-08-31,Walt Disney Pictures,English,Brazil,7.2,12028.0,443957228
2586,Movie_2586,,Horror,"Morgan Screen, Tom Hanks",Jamie Lee,124.0,2010-03-23,Searchlight Pictures,English,USA,10.0,14642.0,10910398
2540,Movie_2540,25449504.0,Musical,"Idris Elba, Viola Davis, Oscar Isaac",Peter Jackson,112.0,2025-06-16,Village Roadshow,Korean,Japan,7.3,13399.0,31080998
653,Movie_653,29394896.0,Musical,"Gal Gadot, Chris Evans",Pat Quinn,112.0,2001-12-22,Village Roadshow,English,Australia,6.3,10391.0,76941216
173,Movie_173,1391484.0,Drama,"Taylor Thespian, Tom Hanks, Timothée Chalamet, Casey Celeb",Guy Ritchie,114.0,2014-07-21,Lionsgate,German,Japan,6.1,5792.0,1666343
39,Movie_39,25011746.0,Comedy,"Leonardo DiCaprio, Benedict Cumberbatch, Gal Gadot",Casey Brown,136.0,2009-10-26,Amblin Entertainment,English,Germany,7.2,8488.0,90414877
2890,Movie_2890,2812874.0,Comedy,"Amy Adams, Scarlett Johansson",Denis Villeneuve,164.0,2021-02-19,Paramount Pictures,English,UK,7.7,8919.0,14599834
714,Movie_714,102247242.0,Biography,"Christian Bale, Amy Adams, Pat Player, Leonardo DiCaprio",Bong Joon-ho,139.0,2017-10-14,A24,Spanish,South Korea,8.8,7332.0,331713166
91,Movie_91,19960724.0,Animation,"Casey Celeb, Ryan Gosling, Joaquin Phoenix, Alex Actor",Greta Gerwig,99.0,2011-07-08,Annapurna Pictures,Hindi,Australia,9.7,7197.0,25878382
2985,Movie_2985,13184634.0,Documentary,"Ryan Gosling, Cate Blanchett, Scarlett Johansson",Drew White,130.0,2004-07-12,Focus Features,Spanish,China,5.9,7468.0,8099020
1206,Movie_1206,24538822.0,Musical,"Chris Evans, Joaquin Phoenix, Gal Gadot",Ava DuVernay,147.0,2014-01-01,Focus Features,Chinese,Brazil,7.5,8531.0,73004236
2976,Movie_2976,44023093.0,Biography,"Brie Larson, Ryan Gosling",Taika Waititi,153.0,2024-01-13,A24,Japanese,China,6.0,11641.0,58205695
1828,Movie_1828,9534200.0,Documentary,"Taylor Thespian, Margot Robbie",Bong Joon-ho,109.0,2019-12-04,Legendary Entertainment,Korean,UK,7.6,12249.0,4229933
1156,Movie_1156,127410778.0,Biography,"Natalie Portman, Benedict Cumberbatch, Scarlett Johansson, Pedro Pascal",Barry Jenkins,95.0,2003-01-25,New Line Cinema,English,South Korea,8.0,10378.0,577640309
1325,Movie_1325,39726958.0,Adventure,"Idris Elba, Charlize Theron, Emma Stone",Chloe Zhao,61.0,2009-01-20,Paramount Pictures,French,Germany,7.8,13584.0,110766267
217,Movie_217,19294433.0,Action,"Viola Davis, Awkwafina",Quentin Tarantino,135.0,2016-04-17,A24,French,China,7.8,10742.0,61370036
511,Movie_511,23435073.0,Mystery,"Anya Taylor-Joy, Lupita Nyong'o, Jake Gyllenhaal, Amy Adams",Guy Ritchie,106.0,2016-07-17,Universal Pictures,Chinese,China,6.1,7113.0,10775596
1681,Movie_1681,11861751.0,Thriller,"Will Smith, Viola Davis, Sandra Bullock",Barry Jenkins,109.0,2002-05-20,Amblin Entertainment,Portuguese,South Korea,7.3,7181.0,23947374
500,Movie_500,10005720.0,Animation,"Pedro Pascal, Saoirse Ronan",Zack Snyder,87.0,2005-01-29,Universal Pictures,English,Germany,7.9,11131.0,24295061
2506,Movie_2506,12409392.0,Western,"Lupita Nyong'o, Zendaya, Pat Player, Robert Downey Jr.",Sofia Coppola,127.0,2017-03-24,Annapurna Pictures,French,Italy,8.0,5772.0,13700081
1857,Movie_1857,8046631.0,War,"Saoirse Ronan, Pat Player, Meryl Streep",Sofia Coppola,70.0,2003-07-19,Lionsgate,English,France,7.3,10190.0,19604518
1389,Movie_1389,12189137.0,Animation,"Saoirse Ronan, Ryan Gosling, Sam Star",Guy Ritchie,146.0,2017-08-24,Warner Bros.,Hindi,Italy,7.6,8404.0,27595450
1520,Movie_1520,13383193.0,Romance,"Cate Blanchett, Samuel L. Jackson",John Smith,117.0,2003-08-16,Columbia Pictures,Italian,Brazil,6.8,12486.0,6292193
2387,Movie_2387,38942460.0,Drama,"Jane Doe B, Charlize Theron",Taylor Green,,2007-01-31,New Line Cinema,English,USA,7.1,13520.0,30335329
2750,Movie_2750,23440941.0,Documentary,"Meryl Streep, Dwayne Johnson, Margot Robbie",Barry Jenkins,165.0,2010-02-20,Metro-Goldwyn-Mayer,Hindi,Germany,8.2,8223.0,19444000
2077,Movie_2077,7155922.0,Sci-Fi,"Chris Evans, Jordan Talent",Ridley Scott,99.0,2007-07-16,Blumhouse Productions,English,UK,7.2,7135.0,43262286
1541,Movie_1541,3958320.0,Romance,"Brie Larson, John Doe A, Amy Adams, Anya Taylor-Joy",Ridley Scott,145.0,2010-09-25,Columbia Pictures,French,Germany,8.4,15187.0,7134651
1218,Movie_1218,25597626.0,Mystery,"Lupita Nyong'o, Viola Davis, Pat Player",Drew White,149.0,2022-06-26,Searchlight Pictures,Korean,Brazil,7.1,12926.0,34838676
1417,Movie_1417,5967804.0,Biography,"Sandra Bullock, Ryan Gosling, Tom Hanks",Wes Anderson,119.0,2007-01-22,Annapurna Pictures,English,UK,7.0,1360.0,14218563
2218,Movie_2218,12438613.0,Biography,"Ryan Gosling, Jane Doe B, Sandra Bullock, Chris Evans",Peter Jackson,151.0,2010-02-16,New Line Cinema,English,Canada,10.0,5342.0,25781091
2546,Movie_2546,139041085.0,Documentary,"Tom Hanks, Samuel L. Jackson",Steven Spielberg,90.0,2016-09-26,Lionsgate,English,China,7.8,17348.0,122389523
1677,Movie_1677,4656704.0,Mystery,"Riley Role, Timothée Chalamet",Ryan Coogler,124.0,2019-01-12,Walt Disney Pictures,English,Australia,6.2,7044.0,5635373
1198,Movie_1198,22736996.0,Thriller,"Charlize Theron, Denzel Washington",Morgan Blake,101.0,2008-01-16,Regency Enterprises,Portuguese,France,7.6,11714.0,13211070
1543,Movie_1543,19252381.0,Musical,"Morgan Freeman, Leonardo DiCaprio",Quentin Tarantino,143.0,2023-09-24,Annapurna Pictures,English,India,8.4,8949.0,123501743
954,Movie_954,49530878.0,Documentary,"Brie Larson, Jake Gyllenhaal, Margot Robbie",Jane Doe,111.0,2001-09-21,New Line Cinema,English,France,6.2,11671.0,18227723
751,Movie_751,15404626.0,Documentary,"Jordan Talent, Pedro Pascal, Charlize Theron",Barry Jenkins,106.0,2000-11-11,Village Roadshow,English,Canada,7.0,10157.0,27358755
235,Movie_235,18963194.0,Musical,"Chris Evans, Brad Pitt",Steven Spielberg,167.0,2022-02-04,A24,Chinese,Japan,7.2,,23320826
733,Movie_733,5605245.0,Sci-Fi,"Brie Larson, Dwayne Johnson, Christian Bale",Jamie Lee,138.0,2015-01-09,Metro-Goldwyn-Mayer,German,UK,7.0,6135.0,7142489
1874,Movie_1874,64344244.0,Sci-Fi,"Scarlett Johansson, Awkwafina, Margot Robbie, Tom Hanks",Drew White,129.0,2017-11-25,Columbia Pictures,Korean,China,6.0,7087.0,23505363
1157,Movie_1157,75956479.0,Romance,"Viola Davis, Chris Evans, Taylor Thespian, Pedro Pascal",Chloe Zhao,95.0,2018-02-10,NEON,Chinese,UK,8.7,14164.0,171371902
2601,Movie_2601,2205204.0,Musical,"Riley Role, Alex Actor, Samuel L. Jackson",James Cameron,145.0,2025-06-01,DreamWorks,English,Japan,6.9,9371.0,11671928
2446,Movie_2446,24404715.0,Sci-Fi,"Timothée Chalamet, Jane Doe B",Damien Chazelle,117.0,2001-05-20,Searchlight Pictures,Spanish,Germany,5.9,11542.0,16540478
1210,Movie_1210,21661904.0,Action,"Anya Taylor-Joy, Natalie Portman",Zack Snyder,148.0,2022-05-08,DreamWorks,Spanish,Australia,8.1,12843.0,28005966
1066,Movie_1066,62699241.0,Western,"Dwayne Johnson, Will Smith, Jordan Talent, Viola Davis",Patty Jenkins,82.0,2022-10-23,A24,Chinese,UK,7.1,13037.0,24658934
2157,Movie_2157,19227245.0,Western,"Florence Pugh, Scarlett Johansson, Viola Davis, Amy Adams",David Fincher,128.0,2019-07-02,Village Roadshow,English,China,9.2,9874.0,41520529
1063,Movie_1063,24924383.0,Horror,"Alex Actor, Samuel L. Jackson",Ridley Scott,104.0,2018-03-30,Annapurna Pictures,Hindi,Germany,8.5,7116.0,15275795
1168,Movie_1168,42979616.0,Biography,"Natalie Portman, Christian Bale",Christopher Nolan,60.0,2018-04-12,New Line Cinema,German,Canada,8.1,14958.0,216391167
1493,Movie_1493,2648052.0,Family,"Scarlett Johansson, John Doe A",Wes Anderson,109.0,2003-05-23,Warner Bros.,English,Italy,8.4,11767.0,10773593
2501,Movie_2501,19243265.0,Western,"Denzel Washington, Meryl Streep, Alex Actor",Tim Burton,128.0,2022-06-23,Universal Pictures,English,India,5.7,8428.0,74756529
885,Movie_885,4966508.0,Western,"Morgan Freeman, Benedict Cumberbatch",Barry Jenkins,76.0,2021-11-22,Focus Features,Italian,Italy,9.1,10927.0,5895052
144,Movie_144,4192020.0,Family,"Casey Celeb, Awkwafina, Oscar Isaac",Morgan Blake,86.0,2011-12-15,Metro-Goldwyn-Mayer,German,Germany,8.2,5635.0,3887440
2972,Movie_2972,8311239.0,Drama,"Jake Gyllenhaal, Viola Davis, Morgan Freeman",Drew White,94.0,2012-12-22,Paramount Pictures,Spanish,China,6.2,10460.0,12652382
851,Movie_851,163797997.0,Romance,"John Doe A, Awkwafina, Alex Actor, Chris Evans",Steven Spielberg,60.0,2025-04-03,Blumhouse Productions,English,Italy,8.6,14511.0,301421061
718,Movie_718,9981924.0,Horror,"Jake Gyllenhaal, Samuel L. Jackson, Morgan Freeman",Jamie Lee,,2018-05-14,DreamWorks,Portuguese,Italy,7.0,9600.0,12060190
2872,Movie_2872,79928098.0,Family,"Awkwafina, Sam Star, Zendaya",Quentin Tarantino,111.0,2005-10-16,Regency Enterprises,Spanish,USA,7.7,6081.0,76014712
265,Movie_265,20035553.0,Mystery,"Awkwafina, Benedict Cumberbatch, Anya Taylor-Joy, Natalie Portman",Bong Joon-ho,102.0,2020-05-29,Focus Features,English,UK,7.0,11467.0,20989542
76,Movie_76,17218242.0,Musical,"Scarlett Johansson, Tom Hanks, Riley Role, Will Smith",Damien Chazelle,94.0,2019-03-01,Regency Enterprises,Spanish,Australia,5.6,11508.0,19436173
2493,Movie_2493,22458292.0,Mystery,"Dwayne Johnson, Viola Davis, John Doe A, Tom Hanks",Casey Brown,96.0,2001-11-27,Village Roadshow,English,UK,6.8,6071.0,83383090
396,Movie_396,5491824.0,Western,"John Doe A, Amy Adams, Jane Doe B",Ryan Coogler,134.0,2013-07-12,Regency Enterprises,Spanish,South Korea,8.3,10450.0,6373839
2875,Movie_2875,14050732.0,Adventure,"Anya Taylor-Joy, Riley Role",Tim Burton,114.0,2019-04-30,New Line Cinema,English,Germany,6.6,10528.0,44462573
2225,Movie_2225,15829136.0,Fantasy,"Cate Blanchett, Ana de Armas, Samuel L. Jackson, Anya Taylor-Joy",Pat Quinn,127.0,2004-02-03,Amblin Entertainment,English,Canada,5.5,10835.0,18710852
2829,Movie_2829,5921858.0,Romance,"Zendaya, Robert Downey Jr.",Bong Joon-ho,118.0,2016-10-07,Blumhouse Productions,Spanish,Germany,5.9,7983.0,10722941
397,Movie_397,48229164.0,Musical,"Tom Hanks, Joaquin Phoenix, Jordan Talent",Jane Doe,84.0,2019-04-09,Walt Disney Pictures,English,South Korea,6.1,8596.0,69133868
1366,Movie_1366,26100895.0,Drama,"Amy Adams, Tom Hanks",John Smith,137.0,2025-03-02,Focus Features,English,Australia,7.0,12029.0,59273641
2528,Movie_2528,3299672.0,Musical,"Saoirse Ronan, Alex Actor",Peter Jackson,115.0,2017-06-02,NEON,English,Brazil,7.9,9592.0,9736975
1904,Movie_1904,9741243.0,Animation,"Dwayne Johnson, Taylor Thespian",Ridley Scott,100.0,2018-07-08,DreamWorks,English,Canada,7.9,9853.0,75408385
596,Movie_596,103485404.0,Horror,"Jane Doe B, Sam Star, Viola Davis",Zack Snyder,155.0,2007-03-10,Blumhouse Productions,Hindi,Germany,7.1,12990.0,210454192
2110,Movie_2110,4557055.0,Comedy,"Riley Role, Benedict Cumberbatch, Oscar Isaac",Morgan Blake,108.0,2003-11-21,A24,English,India,5.4,10733.0,2518659
1297,Movie_1297,60080385.0,Drama,"John Doe A, Pedro Pascal, Pat Player, Idris Elba",Casey Brown,122.0,2014-10-27,Lionsgate,Japanese,Australia,7.7,9913.0,32204591
1822,Movie_1822,85225638.0,Thriller,"Jake Gyllenhaal, Brie Larson",Guy Ritchie,119.0,2008-11-06,Village Roadshow,English,South Korea,7.5,13311.0,70617217
873,Movie_873,14861142.0,Biography,"Florence Pugh, Amy Adams, Morgan Freeman, Timothée Chalamet",Tim Burton,89.0,2021-05-03,Annapurna Pictures,English,USA,6.4,8693.0,51942111
2941,Movie_2941,4192517.0,Adventure,"Pedro Pascal, Saoirse Ronan",Guy Ritchie,128.0,2003-03-14,Focus Features,Spanish,Australia,6.4,13892.0,6867628
2327,Movie_2327,69995150.0,Biography,"Samuel L. Jackson, Ryan Gosling",Christopher Nolan,99.0,2011-06-15,Paramount Pictures,Japanese,Germany,7.3,9942.0,126860212
1549,Movie_1549,7812078.0,Musical,"Jane Doe B, Cate Blanchett, Denzel Washington, Awkwafina",Chris Park,147.0,2007-12-24,Warner Bros.,English,Germany,6.8,7876.0,9934142
37,Movie_37,138550082.0,Crime,"Anya Taylor-Joy, Jennifer Lawrence",Chris Park,154.0,2010-11-27,Annapurna Pictures,English,India,7.3,16337.0,132035495
2554,Movie_2554,7572128.0,Mystery,"Samuel L. Jackson, Joaquin Phoenix, Natalie Portman, Charlize Theron",Quentin Tarantino,109.0,2015-11-12,Annapurna Pictures,English,France,6.9,63.0,17154600
2144,Movie_2144,17800276.0,Romance,"Dwayne Johnson, Chris Evans",Sam Mendes,92.0,2021-08-18,20th Century Studios,Spanish,Australia,6.0,7337.0,5793115
2584,Movie_2584,24106222.0,Crime,"Will Smith, Benedict Cumberbatch, Joaquin Phoenix",Pat Quinn,78.0,2018-05-21,A24,Spanish,France,8.1,11765.0,25247786
978,Movie_978,26383968.0,Musical,"Morgan Screen, Natalie Portman, Meryl Streep",Martin Scorsese,60.0,2021-07-20,NEON,Korean,UK,7.6,12208.0,90084823
1572,Movie_1572,209962583.0,Mystery,"Casey Celeb, Lupita Nyong'o, Jennifer Lawrence",Ridley Scott,124.0,2005-01-25,NEON,Hindi,Brazil,8.0,15636.0,260695723
1123,Movie_1123,65092126.0,Musical,"Riley Role, Lupita Nyong'o, Tom Holland",David Fincher,133.0,2009-07-15,20th Century Studios,Japanese,Brazil,6.5,5598.0,111918867
2240,Movie_2240,9151821.0,Adventure,"Amy Adams, Morgan Screen, Pat Player",Casey Brown,105.0,2011-09-07,Searchlight Pictures,English,Germany,7.3,10691.0,18321247
2505,Movie_2505,,Comedy,"Emma Stone, Sam Star, Scarlett Johansson",Alex Rivera,110.0,2009-10-20,Focus Features,Chinese,India,6.9,11714.0,112633263
1893,Movie_1893,232064324.0,Musical,"Leonardo DiCaprio, Awkwafina",Jordan Peele,95.0,2008-07-14,20th Century Studios,English,USA,7.8,13222.0,1163433390
676,Movie_676,46968566.0,Adventure,"Alex Actor, Brad Pitt, Idris Elba",John Smith,112.0,2004-08-20,Metro-Goldwyn-Mayer,English,Brazil,8.0,,131427589
729,Movie_729,57631942.0,War,"Leonardo DiCaprio, Oscar Isaac",Patty Jenkins,122.0,2015-01-05,Lionsgate,English,Japan,8.2,14086.0,78203008
413,Movie_413,146148054.0,Sci-Fi,"Timothée Chalamet, Emma Stone, Jordan Talent",Michael Bay,86.0,2017-12-05,DreamWorks,English,India,8.9,5128.0,1216009118
1517,Movie_1517,33877490.0,Sci-Fi,"Zendaya, Morgan Freeman",Peter Jackson,134.0,2020-07-28,A24,English,Canada,7.2,9880.0,397314492
1650,Movie_1650,61132108.0,Thriller,"Lupita Nyong'o, Casey Celeb",Damien Chazelle,126.0,2007-11-06,Paramount Pictures,English,France,7.0,10233.0,82376721
826,Movie_826,35540295.0,Animation,"Jennifer Lawrence, Timothée Chalamet",Ava DuVernay,122.0,2018-12-02,Metro-Goldwyn-Mayer,German,France,7.2,5734.0,91094958
617,Movie_617,131025877.0,Crime,"Jane Doe B, Timothée Chalamet",Jane Doe,121.0,2019-09-29,Regency Enterprises,German,Canada,6.9,19355.0,117278973
115,Movie_115,24021359.0,Adventure,"Pat Player, Denzel Washington, Jake Gyllenhaal, John Doe A",Guillermo del Toro,119.0,2021-11-27,Village Roadshow,Hindi,Canada,7.7,12079.0,19583670
418,Movie_418,19566754.0,Comedy,"Scarlett Johansson, Amy Adams, Lupita Nyong'o, Riley Role",Ridley Scott,98.0,2007-06-11,Legendary Entertainment,English,Germany,7.7,10479.0,95833731
1626,Movie_1626,20166475.0,Mystery,"Samuel L. Jackson, Benedict Cumberbatch",Guillermo del Toro,70.0,2017-07-31,Focus Features,French,India,9.4,9995.0,31674522
2969,Movie_2969,26765319.0,Fantasy,"Leonardo DiCaprio, Zendaya, Samuel L. Jackson",Christopher Nolan,131.0,2000-10-27,DreamWorks,Portuguese,Canada,6.6,11373.0,37342796
90,Movie_90,112410854.0,Drama,"Sandra Bullock, Leonardo DiCaprio, Ryan Gosling",Jordan Peele,97.0,2022-07-10,Lionsgate,English,France,7.3,12423.0,535842484
2083,Movie_2083,12144701.0,Mystery,"Will Smith, Charlize Theron, Tom Holland, Timothée Chalamet",Ryan Coogler,128.0,2007-12-10,Lionsgate,English,USA,6.6,5631.0,23565369
754,Movie_754,38000288.0,Sci-Fi,"Riley Role, Alex Actor",Guillermo del Toro,115.0,2012-04-26,Regency Enterprises,English,UK,6.7,15731.0,25486687
1631,Movie_1631,15756541.0,Biography,"Morgan Freeman, Viola Davis, Taylor Thespian",Ava DuVernay,87.0,2001-08-02,DreamWorks,English,Japan,6.8,7881.0,22506132
12,Movie_12,,War,"Dwayne Johnson, Ryan Gosling, Denzel Washington, Natalie Portman",Quentin Tarantino,98.0,2019-02-16,Warner Bros.,English,South Korea,7.0,10573.0,112159486
2445,Movie_2445,1582512.0,Crime,"Awkwafina, Benedict Cumberbatch, Amy Adams, Chris Evans",Jordan Peele,81.0,2024-09-12,NEON,English,France,8.4,6475.0,3745949
285,Movie_285,22852251.0,Crime,"Robert Downey Jr., Pat Player, Cate Blanchett",Taika Waititi,114.0,2002-12-30,Universal Pictures,English,France,7.7,8199.0,67477393
1067,Movie_1067,38451000.0,War,"Brad Pitt, Jordan Talent",Jamie Lee,122.0,2002-06-05,20th Century Studios,English,Germany,8.5,11344.0,54150756
1192,Movie_1192,7776724.0,Crime,"Sandra Bullock, Joaquin Phoenix, Pedro Pascal",Chloe Zhao,109.0,2023-11-22,Village Roadshow,Hindi,Australia,7.9,4922.0,14061447
1441,Movie_1441,29819402.0,War,"Will Smith, Jane Doe B",Jane Doe,112.0,2024-11-27,Lionsgate,English,China,7.3,14186.0,59453341
2831,Movie_2831,14170298.0,Adventure,"Tom Hanks, Charlize Theron, Benedict Cumberbatch",Ryan Coogler,157.0,2007-08-15,20th Century Studios,English,South Korea,8.0,12301.0,45807429
2830,Movie_2830,25154750.0,Action,"Will Smith, Pedro Pascal",John Smith,127.0,2022-12-29,NEON,Portuguese,Brazil,6.7,13739.0,24898566
2739,Movie_2739,23736068.0,Fantasy,"Robert Downey Jr., Jane Doe B",James Cameron,90.0,2024-11-18,Universal Pictures,English,Italy,7.5,13805.0,103423304
1569,Movie_1569,18392597.0,Fantasy,"Benedict Cumberbatch, Jake Gyllenhaal, Casey Celeb",Sofia Coppola,103.0,2020-04-19,Paramount Pictures,English,France,8.7,12033.0,41791916
2428,Movie_2428,18712192.0,Thriller,"Dwayne Johnson, Chris Evans, Tom Holland",Ryan Coogler,115.0,2001-06-01,Metro-Goldwyn-Mayer,English,China,7.0,9954.0,55147733
2869,Movie_2869,7569156.0,Mystery,"Gal Gadot, Pat Player, Jake Gyllenhaal, Joaquin Phoenix",Guillermo del Toro,95.0,2013-04-19,Paramount Pictures,English,UK,5.8,7410.0,10244077
1688,Movie_1688,16327848.0,Horror,"Christian Bale, Benedict Cumberbatch, Charlize Theron",Chris Park,140.0,2006-08-20,NEON,English,South Korea,7.6,10298.0,16079991
852,Movie_852,11857178.0,Action,"Will Smith, Jake Gyllenhaal, Meryl Streep",Sofia Coppola,80.0,2016-10-29,Lionsgate,English,Germany,8.4,9902.0,37990662
2208,Movie_2208,16804405.0,Sci-Fi,"Pat Player, Awkwafina",Jordan Peele,123.0,2021-07-08,Paramount Pictures,Portuguese,UK,6.8,7247.0,20587511
896,Movie_896,54516625.0,Family,"Cate Blanchett, Jennifer Lawrence, Dwayne Johnson, Denzel Washington",Casey Brown,100.0,2001-05-03,Paramount Pictures,English,South Korea,8.0,18602.0,248850506
497,Movie_497,19146679.0,Western,"Scarlett Johansson, Tom Hanks, Oscar Isaac, Alex Actor",Peter Jackson,100.0,2019-03-16,DreamWorks,English,Japan,7.6,9826.0,24417378
2306,Movie_2306,24409003.0,Comedy,"Florence Pugh, Scarlett Johansson",Zack Snyder,113.0,2017-09-18,A24,Hindi,Brazil,7.5,8188.0,21091692
1783,Movie_1783,12737579.0,Animation,"Emma Stone, Tom Hanks, Charlize Theron",Taika Waititi,84.0,2006-10-02,Blumhouse Productions,Korean,UK,5.2,14419.0,35558618
336,Movie_336,121500588.0,Comedy,"Sam Star, Timothée Chalamet",Quentin Tarantino,131.0,2024-11-29,Columbia Pictures,English,Brazil,8.3,10393.0,204750060
516,Movie_516,42261055.0,Documentary,"Leonardo DiCaprio, Sam Star, Timothée Chalamet",Greta Gerwig,102.0,2005-07-27,Amblin Entertainment,Portuguese,Canada,7.8,10948.0,37196371
1349,Movie_1349,23526238.0,Horror,"Charlize Theron, Timothée Chalamet, Amy Adams",Tim Burton,92.0,2020-05-11,Regency Enterprises,Chinese,Japan,7.8,7723.0,58288279
1016,Movie_1016,1926742.0,Romance,"Riley Role, Jennifer Lawrence, Robert Downey Jr., Sandra Bullock",Guillermo del Toro,68.0,2011-03-14,Paramount Pictures,Spanish,China,7.3,4749.0,1996313
2838,Movie_2838,3016580.0,Action,"Jordan Talent, Gal Gadot, Natalie Portman, Timothée Chalamet",Ridley Scott,105.0,2019-08-01,Columbia Pictures,English,France,8.5,8494.0,7928621
2833,Movie_2833,11531740.0,Fantasy,"Tom Hanks, Sam Star, Zendaya, Cate Blanchett",Martin Scorsese,117.0,2018-01-04,Regency Enterprises,Spanish,Italy,7.5,7654.0,56181065
1782,Movie_1782,124091127.0,Documentary,"Margot Robbie, Meryl Streep, Casey Celeb",Greta Gerwig,70.0,2004-03-29,Amblin Entertainment,Spanish,Canada,8.4,21084.0,212969684
1786,Movie_1786,62737875.0,Drama,"Zendaya, Will Smith, Jane Doe B, John Doe A",Jordan Peele,76.0,2005-02-14,Searchlight Pictures,Korean,Brazil,9.0,12955.0,188312200
2071,Movie_2071,17716180.0,Mystery,"Sandra Bullock, Oscar Isaac, Alex Actor, Viola Davis",Patty Jenkins,157.0,2000-05-27,DreamWorks,English,France,5.3,16849.0,42026374
357,Movie_357,121029829.0,Drama,"Tom Holland, Chris Evans, Robert Downey Jr., Ryan Gosling",Christopher Nolan,104.0,2001-06-13,A24,Portuguese,Canada,8.1,15901.0,511892908
2882,Movie_2882,17579598.0,Horror,"Florence Pugh, Margot Robbie, Dwayne Johnson, Pedro Pascal",Bong Joon-ho,88.0,2005-01-11,Paramount Pictures,Chinese,Japan,7.3,10376.0,13538737
1313,Movie_1313,94764463.0,Family,"Denzel Washington, Gal Gadot, Sam Star",Christopher Nolan,137.0,2010-10-26,Searchlight Pictures,English,Japan,8.1,4178.0,264569001
1636,Movie_1636,278323933.0,Drama,"Saoirse Ronan, Tom Holland, Alex Actor, Ryan Gosling",Alex Rivera,88.0,2016-05-30,Warner Bros.,English,France,6.2,12471.0,921086092
551,Movie_551,20146817.0,Comedy,"Oscar Isaac, Benedict Cumberbatch, Joaquin Phoenix, Jennifer Lawrence",Christopher Nolan,76.0,2023-05-02,Regency Enterprises,English,Australia,8.4,12095.0,30547025
2389,Movie_2389,22505959.0,Musical,"Zendaya, Natalie Portman, Anya Taylor-Joy",Sofia Coppola,133.0,2011-05-07,Blumhouse Productions,Chinese,USA,7.3,15614.0,14699563
2480,Movie_2480,59458644.0,Thriller,"Sam Star, Joaquin Phoenix",Jamie Lee,109.0,2019-05-10,Universal Pictures,Spanish,China,6.4,15569.0,69603152
2522,Movie_2522,11260703.0,Thriller,"Morgan Freeman, Dwayne Johnson, Pat Player, Awkwafina",Greta Gerwig,94.0,2017-05-06,Walt Disney Pictures,English,Japan,8.6,8803.0,27265779
2266,Movie_2266,2628034.0,Musical,"Riley Role, Pat Player, Anya Taylor-Joy, Natalie Portman",Taika Waititi,136.0,2014-07-06,20th Century Studios,Hindi,Canada,8.1,8342.0,2422954
1228,Movie_1228,66731400.0,Family,"Tom Hanks, Riley Role, Charlize Theron, Alex Actor",Greta Gerwig,81.0,2007-11-13,NEON,French,China,7.9,13375.0,228569907
2709,Movie_2709,9071385.0,Romance,"Awkwafina, Timothée Chalamet",Steven Spielberg,119.0,2000-11-13,Paramount Pictures,English,UK,6.6,9666.0,11037250
958,Movie_958,36102289.0,Action,"Morgan Screen, Charlize Theron, Leonardo DiCaprio",Sam Mendes,145.0,2018-01-22,Lionsgate,English,Italy,8.8,10190.0,121997736
1774,Movie_1774,42299606.0,Action,"Lupita Nyong'o, Morgan Screen",Jane Doe,108.0,2024-12-09,Walt Disney Pictures,English,China,8.4,12941.0,77187302
2142,Movie_2142,9923196.0,Mystery,"Gal Gadot, Pat Player, Zendaya",Martin Scorsese,116.0,2011-11-24,Village Roadshow,English,Brazil,9.0,11133.0,15896599
1009,Movie_1009,4114056.0,Comedy,"Leonardo DiCaprio, Joaquin Phoenix, Ryan Gosling, Lupita Nyong'o",Casey Brown,124.0,2017-01-09,20th Century Studios,Chinese,France,7.1,5926.0,4127717
1093,Movie_1093,278975549.0,Adventure,"Casey Celeb, Scarlett Johansson, Charlize Theron",Christopher Nolan,,2014-01-01,Paramount Pictures,Spanish,USA,8.2,10500.0,406171314
2703,Movie_2703,7464857.0,Action,"Tom Holland, Riley Role, Joaquin Phoenix, Sandra Bullock",Damien Chazelle,104.0,2007-11-08,Blumhouse Productions,Japanese,Italy,9.3,4154.0,9486441
997,Movie_997,10919073.0,War,"Jake Gyllenhaal, Tom Holland, Morgan Freeman, Saoirse Ronan",Guillermo del Toro,123.0,2011-03-16,NEON,Korean,India,4.6,10826.0,6687263
1680,Movie_1680,27835784.0,Documentary,"Robert Downey Jr., Leonardo DiCaprio",Guillermo del Toro,101.0,2005-01-16,Annapurna Pictures,English,Brazil,6.8,11255.0,31434998
154,Movie_154,42426792.0,Horror,"Alex Actor, Taylor Thespian, Amy Adams",Casey Brown,126.0,2011-01-02,Amblin Entertainment,English,Italy,6.0,12796.0,50002737
2812,Movie_2812,34645745.0,War,"Timothée Chalamet, Samuel L. Jackson",Alex Rivera,89.0,2003-08-13,Columbia Pictures,Hindi,South Korea,5.5,12629.0,14757203
581,Movie_581,10921622.0,Documentary,"Benedict Cumberbatch, Jane Doe B, Denzel Washington",Chloe Zhao,134.0,2008-07-10,Metro-Goldwyn-Mayer,Italian,Japan,9.7,5176.0,15391513
1471,Movie_1471,172682344.0,Animation,"Joaquin Phoenix, Morgan Freeman, Casey Celeb, Pedro Pascal",Guillermo del Toro,106.0,2014-06-14,DreamWorks,Korean,Brazil,6.6,13294.0,311937766
704,Movie_704,97894813.0,Family,"Awkwafina, Amy Adams, Brad Pitt",Steven Spielberg,121.0,2006-05-08,Regency Enterprises,Italian,USA,8.0,18622.0,367372031
1213,Movie_1213,50764809.0,Sci-Fi,"Ana de Armas, Dwayne Johnson, Robert Downey Jr., Leonardo DiCaprio",Martin Scorsese,154.0,2024-06-05,A24,English,Brazil,7.6,11517.0,636326312
897,Movie_897,,Animation,"Pat Player, Denzel Washington, Florence Pugh, Scarlett Johansson",Jane Doe,107.0,2017-01-03,Metro-Goldwyn-Mayer,Spanish,USA,6.6,8691.0,8018056
488,Movie_488,26538453.0,Horror,"Anya Taylor-Joy, Riley Role, Charlize Theron, Benedict Cumberbatch",Chloe Zhao,124.0,2013-11-14,NEON,English,Brazil,9.8,12427.0,113387595
560,Movie_560,7431169.0,Horror,"Amy Adams, Charlize Theron",Taylor Green,113.0,2002-09-10,NEON,Portuguese,France,8.5,5446.0,15078062
1142,Movie_1142,47648113.0,Biography,"John Doe A, Ryan Gosling, Saoirse Ronan, Samuel L. Jackson",Quentin Tarantino,101.0,2025-05-21,DreamWorks,English,China,8.0,9338.0,88719772
1120,Movie_1120,29116532.0,Biography,"Florence Pugh, Jordan Talent, Pedro Pascal",Damien Chazelle,129.0,2002-11-06,Blumhouse Productions,English,South Korea,6.7,10975.0,69484332
513,Movie_513,11830785.0,Fantasy,"Emma Stone, Viola Davis",Patty Jenkins,111.0,2018-01-23,Legendary Entertainment,Korean,China,7.4,6384.0,34000121
634,Movie_634,4576042.0,Comedy,"Jane Doe B, Leonardo DiCaprio",Bong Joon-ho,77.0,2012-08-26,NEON,English,Japan,6.2,11461.0,21155033
2612,Movie_2612,12694707.0,Sci-Fi,"Samuel L. Jackson, Pedro Pascal, Morgan Freeman, Christian Bale",Patty Jenkins,130.0,2010-03-16,Village Roadshow,English,Germany,8.0,6924.0,44340347
1665,Movie_1665,43238971.0,Thriller,"Zendaya, Taylor Thespian",Wes Anderson,73.0,2006-02-12,Metro-Goldwyn-Mayer,English,UK,8.0,15485.0,87380666
1013,Movie_1013,12794068.0,Romance,"Will Smith, Robert Downey Jr.",Jamie Lee,80.0,2016-04-17,Legendary Entertainment,French,USA,5.6,5634.0,5328678
1932,Movie_1932,67117529.0,Adventure,"Amy Adams, Timothée Chalamet, Emma Stone",Denis Villeneuve,123.0,2017-11-04,Lionsgate,English,Italy,8.3,11467.0,359565213
1151,Movie_1151,15941042.0,Drama,"Pedro Pascal, Taylor Thespian, Sam Star, Brad Pitt",Jane Doe,124.0,2011-05-18,Amblin Entertainment,French,Brazil,7.4,8230.0,8331485
2835,Movie_2835,2163264.0,Animation,"Morgan Freeman, Will Smith, Margot Robbie, Timothée Chalamet",James Cameron,107.0,2009-12-12,Warner Bros.,English,Australia,8.0,11933.0,13799415
117,Movie_117,35220515.0,Sci-Fi,"Jennifer Lawrence, Riley Role",Guy Ritchie,105.0,2005-09-27,Legendary Entertainment,English,Germany,7.9,11862.0,57655284
741,Movie_741,11144859.0,War,"Alex Actor, Will Smith, Taylor Thespian, Scarlett Johansson",Wes Anderson,93.0,2019-06-09,20th Century Studios,Hindi,USA,6.6,9091.0,28907140
2792,Movie_2792,40567080.0,Fantasy,"Casey Celeb, Tom Hanks, Christian Bale, Jake Gyllenhaal",Barry Jenkins,77.0,2010-06-26,Walt Disney Pictures,English,Australia,6.9,10275.0,59522693
1975,Movie_1975,14716448.0,Romance,"Cate Blanchett, Joaquin Phoenix",Taika Waititi,96.0,2021-03-11,Focus Features,English,Australia,8.2,7573.0,49688260
1082,Movie_1082,27336331.0,Thriller,"Will Smith, Ana de Armas, Riley Role",Martin Scorsese,139.0,2000-06-29,New Line Cinema,English,USA,7.9,16809.0,164537628
1811,Movie_1811,6651164.0,Documentary,"Florence Pugh, Samuel L. Jackson, Ryan Gosling",Ava DuVernay,109.0,2021-11-24,Legendary Entertainment,Hindi,Italy,,4875.0,9496371
831,Movie_831,2820600.0,Documentary,"Emma Stone, Timothée Chalamet, Jane Doe B, Cate Blanchett",Jane Doe,116.0,2007-02-08,Village Roadshow,English,China,5.8,945.0,1493232
120,Movie_120,60439758.0,Thriller,"Ryan Gosling, Leonardo DiCaprio, Will Smith",Ridley Scott,130.0,2021-10-25,Regency Enterprises,Spanish,Brazil,8.5,16877.0,151428466
657,Movie_657,47901478.0,Crime,"Leonardo DiCaprio, Taylor Thespian, John Doe A, Charlize Theron",Sam Mendes,100.0,2023-07-21,New Line Cinema,English,Italy,6.2,12353.0,117888863
2761,Movie_2761,26427135.0,Biography,"Robert Downey Jr., Emma Stone, Sandra Bullock, Taylor Thespian",Denis Villeneuve,153.0,2011-03-27,Columbia Pictures,English,Australia,7.7,13649.0,32971900
2721,Movie_2721,400000000.0,Comedy,"Benedict Cumberbatch, Cate Blanchett",Ridley Scott,107.0,2014-12-09,Walt Disney Pictures,Spanish,Italy,7.0,16195.0,957335633
2962,Movie_2962,49427335.0,Western,"Brad Pitt, Natalie Portman, Timothée Chalamet, Pat Player",Bong Joon-ho,120.0,2013-02-12,Village Roadshow,English,USA,7.8,6038.0,72934026
636,Movie_636,34092962.0,Biography,"Jennifer Lawrence, Charlize Theron",Greta Gerwig,96.0,2007-04-08,Searchlight Pictures,English,Australia,7.2,13127.0,33839177
370,Movie_370,13417456.0,Animation,"Zendaya, Emma Stone",Ridley Scott,105.0,2008-11-25,Warner Bros.,English,South Korea,8.0,7958.0,80557012
269,Movie_269,30060911.0,Horror,"Idris Elba, Anya Taylor-Joy, Awkwafina, Jane Doe B",Alex Rivera,77.0,2003-06-05,NEON,Spanish,USA,7.8,7540.0,17331528
47,Movie_47,66963624.0,Sci-Fi,"Charlize Theron, Oscar Isaac, Brad Pitt",Christopher Nolan,95.0,2007-11-06,New Line Cinema,English,South Korea,8.2,15006.0,137396730
992,Movie_992,13458664.0,Comedy,"Ana de Armas, Tom Hanks",Taylor Green,137.0,2005-02-04,Amblin Entertainment,Japanese,France,7.9,8113.0,21718106
877,Movie_877,7572610.0,Action,"Denzel Washington, Casey Celeb",Tim Burton,84.0,2006-08-23,Lionsgate,English,Canada,4.7,10284.0,27970753
774,Movie_774,58799779.0,Adventure,"Jake Gyllenhaal, Oscar Isaac, Scarlett Johansson, Riley Role",Bong Joon-ho,86.0,2005-02-04,Walt Disney Pictures,German,France,7.8,8503.0,173456815
1220,Movie_1220,29137048.0,Thriller,"Sam Star, Brad Pitt",Chris Park,96.0,2010-10-18,A24,English,Germany,5.1,8761.0,21443817
1127,Movie_1127,107227495.0,Documentary,"Casey Celeb, Amy Adams",Damien Chazelle,110.0,2001-04-05,Focus Features,English,Brazil,7.4,10791.0,103966602
5,Movie_5,41143779.0,Family,"Viola Davis, Morgan Screen, Jane Doe B, Tom Hanks",Denis Villeneuve,129.0,2018-02-12,Searchlight Pictures,English,Japan,4.4,8225.0,45159992
1596,Movie_1596,11394708.0,Documentary,"Leonardo DiCaprio, Lupita Nyong'o, Brie Larson",Guy Ritchie,118.0,2005-08-12,New Line Cinema,Chinese,Brazil,7.9,12170.0,4615742
2312,Movie_2312,95741828.0,Musical,"Sandra Bullock, Morgan Freeman",Greta Gerwig,100.0,2012-12-15,Metro-Goldwyn-Mayer,Japanese,USA,7.3,12607.0,244107236
2492,Movie_2492,21474557.0,Animation,"Anya Taylor-Joy, Lupita Nyong'o, Gal Gadot, Pedro Pascal",John Smith,147.0,2017-11-05,Warner Bros.,Spanish,France,8.2,12879.0,11543940
1078,Movie_1078,17837650.0,Documentary,"Florence Pugh, Margot Robbie, Anya Taylor-Joy",Sam Mendes,115.0,2019-08-16,NEON,Italian,China,4.4,13827.0,7737749
838,Movie_838,26863373.0,Western,"Sam Star, Pat Player, Jane Doe B",Peter Jackson,161.0,2010-11-19,Legendary Entertainment,English,South Korea,7.3,10136.0,32735762
682,Movie_682,9885262.0,Documentary,"Tom Holland, Chris Evans, Emma Stone, Casey Celeb",Jordan Peele,136.0,2012-03-03,Lionsgate,English,Australia,7.6,8478.0,17935215
1716,Movie_1716,15731320.0,Drama,"Margot Robbie, Brie Larson, Leonardo DiCaprio",Ryan Coogler,123.0,2014-09-24,Annapurna Pictures,Hindi,Brazil,5.6,4344.0,28583837
2353,Movie_2353,1309071.0,Adventure,"Sandra Bullock, Morgan Freeman, Idris Elba",Michael Bay,125.0,2012-10-18,20th Century Studios,Spanish,India,5.8,8219.0,2948566
2618,Movie_2618,62414732.0,Horror,"Emma Stone, Robert Downey Jr., Pedro Pascal, Anya Taylor-Joy",John Smith,143.0,2018-02-23,NEON,English,South Korea,6.4,14922.0,103488750
2362,Movie_2362,12196016.0,Musical,"Sandra Bullock, Ryan Gosling, Timothée Chalamet, Morgan Freeman",Chris Park,111.0,2024-09-30,Columbia Pictures,English,South Korea,7.8,10859.0,8363274
2198,Movie_2198,5657154.0,Western,"Gal Gadot, Charlize Theron",Christopher Nolan,60.0,2009-07-03,Searchlight Pictures,Hindi,India,8.4,5910.0,6599287
1149,Movie_1149,15051811.0,Drama,"Tom Holland, Meryl Streep, Alex Actor",Sam Mendes,117.0,2015-04-24,Metro-Goldwyn-Mayer,Japanese,Brazil,8.0,16502.0,21735118
575,Movie_575,41225807.0,Western,"Idris Elba, Benedict Cumberbatch, Jennifer Lawrence, Oscar Isaac",David Fincher,108.0,2017-10-26,Focus Features,Italian,Australia,7.0,8393.0,90909111
51,Movie_51,123927668.0,Romance,"Charlize Theron, Florence Pugh, Riley Role, Natalie Portman",Drew White,89.0,2016-08-12,Focus Features,French,Australia,7.0,13809.0,201323937
854,Movie_854,74307843.0,Family,"Meryl Streep, Margot Robbie, Jake Gyllenhaal",Sofia Coppola,120.0,2001-12-22,Annapurna Pictures,Spanish,China,5.7,15446.0,135048667
1983,Movie_1983,14066433.0,Thriller,"Gal Gadot, Saoirse Ronan",Tim Burton,62.0,2003-05-31,NEON,English,China,5.8,,75117145
1824,Movie_1824,22981879.0,Adventure,"Leonardo DiCaprio, Zendaya, Tom Hanks, Samuel L. Jackson",Casey Brown,134.0,2012-07-18,Paramount Pictures,French,France,8.6,14705.0,32674189
834,Movie_834,141502765.0,Romance,"Pedro Pascal, Leonardo DiCaprio, Idris Elba",Martin Scorsese,63.0,2009-12-17,Focus Features,German,Italy,7.2,18837.0,150382872
1116,Movie_1116,26355000.0,Adventure,"Casey Celeb, Zendaya",Michael Bay,138.0,2025-05-06,Annapurna Pictures,English,Canada,7.2,12459.0,119902222
1167,Movie_1167,19631665.0,Sci-Fi,"Jordan Talent, Cate Blanchett",Guillermo del Toro,64.0,2012-09-25,Metro-Goldwyn-Mayer,English,China,4.9,9342.0,29347974
2519,Movie_2519,4370149.0,Family,"Riley Role, Cate Blanchett, Brie Larson, Amy Adams",Zack Snyder,82.0,2004-08-21,Village Roadshow,English,Canada,7.4,4984.0,19247223
1907,Movie_1907,9733371.0,Romance,"Taylor Thespian, Alex Actor, Charlize Theron",Peter Jackson,163.0,2009-01-22,NEON,English,Brazil,5.7,10554.0,30708860
972,Movie_972,76423186.0,Documentary,"Jake Gyllenhaal, Margot Robbie",Guillermo del Toro,89.0,2007-05-25,Lionsgate,English,Japan,6.7,10703.0,98982235
400,Movie_400,57578897.0,Horror,"Jordan Talent, Leonardo DiCaprio, Pedro Pascal",Jane Doe,,2013-06-11,Walt Disney Pictures,French,Brazil,7.6,10346.0,69936019
2560,Movie_2560,188821910.0,Crime,"Emma Stone, Pat Player",Denis Villeneuve,86.0,2009-07-12,New Line Cinema,English,India,6.2,7438.0,336206864
2369,Movie_2369,37371515.0,Animation,"Robert Downey Jr., Casey Celeb",Kathryn Bigelow,99.0,2007-04-12,DreamWorks,Spanish,China,8.4,8587.0,77584869
20,Movie_20,50748587.0,Crime,"Christian Bale, Pedro Pascal, Alex Actor",Ryan Coogler,104.0,2024-06-13,Amblin Entertainment,French,Brazil,8.2,11860.0,193618613
685,Movie_685,46825399.0,Biography,"Morgan Screen, Idris Elba, Oscar Isaac",Steven Spielberg,110.0,2004-08-20,Lionsgate,English,USA,7.8,12185.0,65420160
36,Movie_36,15137694.0,Documentary,"Chris Evans, Zendaya",Bong Joon-ho,,2000-03-19,Metro-Goldwyn-Mayer,English,Canada,8.4,9427.0,45176838
2859,Movie_2859,35401657.0,Crime,"Will Smith, Samuel L. Jackson, Tom Hanks",Greta Gerwig,77.0,2020-08-16,Columbia Pictures,French,USA,9.9,13720.0,85407118
525,Movie_525,4166813.0,Adventure,"Sam Star, Oscar Isaac",James Cameron,132.0,2008-09-11,Regency Enterprises,French,South Korea,8.1,9614.0,5410918
2456,Movie_2456,6006523.0,Drama,"Jake Gyllenhaal, Alex Actor, Awkwafina",John Smith,114.0,2015-06-17,DreamWorks,Korean,Australia,7.5,6507.0,4047013
921,Movie_921,38521629.0,Romance,"Cate Blanchett, Tom Holland, Emma Stone, Ana de Armas",Wes Anderson,118.0,2004-03-09,NEON,English,India,7.3,13492.0,130233038
1842,Movie_1842,8671078.0,Romance,"Scarlett Johansson, Christian Bale, Meryl Streep, Casey Celeb",Jane Doe,86.0,2018-06-14,Legendary Entertainment,English,Australia,6.8,5306.0,10242492
1891,Movie_1891,33470892.0,Fantasy,"Brie Larson, Dwayne Johnson",Casey Brown,123.0,2017-10-30,Paramount Pictures,English,Japan,8.7,8697.0,186589148
538,Movie_538,147718420.0,Drama,"Sandra Bullock, Natalie Portman, Jane Doe B",Drew White,122.0,2010-03-18,Warner Bros.,English,Canada,7.6,17366.0,354166594
1706,Movie_1706,30677900.0,War,"Alex Actor, Joaquin Phoenix, Amy Adams, Natalie Portman",Drew White,125.0,2010-02-16,DreamWorks,English,USA,7.1,11450.0,118686588
2961,Movie_2961,10867619.0,Sci-Fi,"Taylor Thespian, Timothée Chalamet, Meryl Streep, Leonardo DiCaprio",Taika Waititi,134.0,2013-12-06,Walt Disney Pictures,Italian,Australia,6.2,8997.0,36726972
246,Movie_246,11847762.0,Adventure,"Ryan Gosling, Riley Role, John Doe A, Awkwafina",Pat Quinn,110.0,2002-12-25,20th Century Studios,English,Brazil,7.3,10204.0,30730997
785,Movie_785,121113851.0,Mystery,"Oscar Isaac, Emma Stone, Pedro Pascal",Chris Park,,2019-06-06,Regency Enterprises,Spanish,Brazil,7.5,10995.0,108997497
1410,Movie_1410,334977893.0,Fantasy,"Anya Taylor-Joy, Brie Larson, Timothée Chalamet, Taylor Thespian",Taylor Green,60.0,2013-11-19,Metro-Goldwyn-Mayer,English,India,8.9,12513.0,839902105
2538,Movie_2538,7703352.0,Biography,"Idris Elba, Saoirse Ronan",Chris Park,87.0,2006-06-13,Lionsgate,English,France,6.5,16492.0,9314786
155,Movie_155,56157914.0,Documentary,"Zendaya, Benedict Cumberbatch, Joaquin Phoenix",Taylor Green,96.0,2016-05-05,Warner Bros.,English,India,8.8,8839.0,58602044
1687,Movie_1687,3587948.0,Family,"Alex Actor, Christian Bale",Denis Villeneuve,140.0,2017-12-11,20th Century Studios,English,USA,7.6,5184.0,12747502
626,Movie_626,176605826.0,Biography,"Anya Taylor-Joy, Jordan Talent",Ridley Scott,166.0,2021-03-09,DreamWorks,English,USA,6.3,16874.0,217206490
2906,Movie_2906,9353430.0,Drama,"Emma Stone, Benedict Cumberbatch, Charlize Theron, Florence Pugh",Chloe Zhao,117.0,2007-04-07,20th Century Studios,English,South Korea,9.2,6569.0,53022620
1347,Movie_1347,31443842.0,Animation,"Gal Gadot, Samuel L. Jackson",Kathryn Bigelow,131.0,2019-03-28,Searchlight Pictures,Japanese,China,6.7,8638.0,74177067
570,Movie_570,4964774.0,Sci-Fi,"Taylor Thespian, Pat Player",Taika Waititi,130.0,2000-12-24,20th Century Studios,Spanish,Canada,8.9,8565.0,4831758
2963,Movie_2963,46682787.0,Animation,"Chris Evans, Zendaya, Oscar Isaac, Dwayne Johnson",Barry Jenkins,97.0,2001-06-03,Blumhouse Productions,Spanish,Australia,7.8,7991.0,77731364
1759,Movie_1759,53896503.0,Horror,"Charlize Theron, Morgan Screen, Jane Doe B",John Smith,120.0,2005-02-14,Regency Enterprises,Hindi,France,6.8,16545.0,36400122
1817,Movie_1817,35023088.0,War,"Oscar Isaac, Ana de Armas, Jennifer Lawrence",Casey Brown,111.0,2003-06-20,Focus Features,Spanish,Brazil,5.7,9272.0,31886680
2066,Movie_2066,14029157.0,Mystery,"Anya Taylor-Joy, Natalie Portman",Chris Park,82.0,2020-09-03,Lionsgate,English,France,8.8,12449.0,43229984
128,Movie_128,77511081.0,Mystery,"Natalie Portman, Leonardo DiCaprio",Casey Brown,110.0,2025-07-18,Lionsgate,English,Brazil,8.9,8834.0,501929140
1374,Movie_1374,21114047.0,Biography,"Amy Adams, Ana de Armas",Sam Mendes,87.0,2025-11-18,New Line Cinema,Japanese,France,6.2,12436.0,17182069
2007,Movie_2007,25782459.0,Family,"Meryl Streep, Benedict Cumberbatch, Scarlett Johansson, Tom Holland",Alex Rivera,167.0,2002-10-22,Blumhouse Productions,English,Italy,9.0,11032.0,77736482
981,Movie_981,52228755.0,War,"Ryan Gosling, Robert Downey Jr., Jake Gyllenhaal, Leonardo DiCaprio",Sam Mendes,79.0,2013-10-24,New Line Cinema,French,Germany,6.5,8151.0,44300148
2801,Movie_2801,43080815.0,Thriller,"Viola Davis, Scarlett Johansson, Gal Gadot",Sofia Coppola,110.0,2010-12-27,Paramount Pictures,Japanese,Canada,7.0,14325.0,76696225
191,Movie_191,82306632.0,Comedy,"Viola Davis, Anya Taylor-Joy",Morgan Blake,145.0,2025-02-05,Columbia Pictures,English,China,7.4,14368.0,143095781
1140,Movie_1140,30961418.0,Adventure,"Amy Adams, Brie Larson, Pedro Pascal, Ryan Gosling",Patty Jenkins,60.0,2014-12-13,Annapurna Pictures,Hindi,Italy,7.5,13499.0,89618763
993,Movie_993,19823414.0,Documentary,"Joaquin Phoenix, Jordan Talent, Idris Elba",Steven Spielberg,136.0,2017-09-07,Focus Features,English,Canada,6.3,11943.0,32055151
700,Movie_700,89804461.0,Drama,"Chris Evans, Idris Elba, Zendaya, Viola Davis",Christopher Nolan,153.0,2001-07-23,Regency Enterprises,English,China,,14276.0,345916211
607,Movie_607,11301020.0,Mystery,"Taylor Thespian, Natalie Portman",Jordan Peele,133.0,2018-10-09,Lionsgate,English,Australia,7.6,11924.0,52007125
181,Movie_181,162600513.0,Musical,"Awkwafina, Dwayne Johnson",Jane Doe,106.0,2020-04-04,Focus Features,English,Brazil,5.8,12107.0,212866122
302,Movie_302,217487702.0,Sci-Fi,"Joaquin Phoenix, Oscar Isaac, Lupita Nyong'o, Pat Player",Peter Jackson,123.0,2009-01-23,Walt Disney Pictures,English,Italy,6.7,15506.0,647543186
2545,Movie_2545,5866469.0,Action,"Viola Davis, Casey Celeb, Joaquin Phoenix",Tim Burton,109.0,2013-10-16,DreamWorks,French,USA,6.9,10052.0,4726625
2805,Movie_2805,293631562.0,Sci-Fi,"Florence Pugh, Tom Holland, Pat Player",Casey Brown,134.0,2017-05-13,Legendary Entertainment,Spanish,USA,8.1,14200.0,158055137
1061,Movie_1061,56477372.0,Mystery,"Jane Doe B, Sam Star, Oscar Isaac, Riley Role",Alex Rivera,,2002-09-10,Regency Enterprises,English,Canada,7.4,9757.0,39287735
2849,Movie_2849,94539470.0,Action,"Pat Player, Benedict Cumberbatch",James Cameron,126.0,2009-06-07,Village Roadshow,Italian,Germany,8.0,17290.0,290913694
2908,Movie_2908,11202207.0,Western,"Charlize Theron, Awkwafina, Timothée Chalamet",Barry Jenkins,120.0,2013-07-23,Amblin Entertainment,Hindi,Japan,8.3,17562.0,10914091
2566,Movie_2566,13964038.0,Family,"Zendaya, Timothée Chalamet, Morgan Screen, Lupita Nyong'o",Guillermo del Toro,82.0,2019-11-29,Village Roadshow,English,Germany,5.3,9684.0,13426447
1070,Movie_1070,30339543.0,Horror,"Saoirse Ronan, Chris Evans",John Smith,111.0,2005-05-08,Blumhouse Productions,English,China,7.4,9911.0,84076381
2525,Movie_2525,25326432.0,Crime,"Will Smith, Natalie Portman, Pedro Pascal, John Doe A",Christopher Nolan,141.0,2014-03-29,Paramount Pictures,English,India,6.4,11312.0,64992519
2206,Movie_2206,2513308.0,Mystery,"Alex Actor, Pedro Pascal, Awkwafina, Dwayne Johnson",Taylor Green,144.0,2007-03-06,Searchlight Pictures,English,Germany,6.9,1474.0,5289767
1244,Movie_1244,30535225.0,Horror,"Viola Davis, Ryan Gosling",Chloe Zhao,152.0,2011-12-15,Walt Disney Pictures,Spanish,Japan,8.9,4149.0,41155780
17,Movie_17,3256830.0,Action,"Timothée Chalamet, Christian Bale",Greta Gerwig,154.0,2023-11-01,Regency Enterprises,English,France,8.2,9738.0,16414312
1007,Movie_1007,32495578.0,Drama,"Brie Larson, Robert Downey Jr., Lupita Nyong'o, Oscar Isaac",Patty Jenkins,88.0,2017-04-29,Walt Disney Pictures,English,UK,7.0,13145.0,80714830
547,Movie_547,11916542.0,Drama,"Benedict Cumberbatch, Jake Gyllenhaal",Barry Jenkins,145.0,2010-12-02,Walt Disney Pictures,Korean,China,8.6,4093.0,27172351
659,Movie_659,27933549.0,Drama,"Pat Player, Meryl Streep, Natalie Portman, Brie Larson",Guy Ritchie,120.0,2023-08-10,Walt Disney Pictures,English,China,7.9,14339.0,65606601
2733,Movie_2733,38153286.0,Mystery,"Zendaya, Amy Adams, Leonardo DiCaprio, Christian Bale",Ryan Coogler,85.0,2007-12-30,Regency Enterprises,English,USA,6.4,11667.0,181393272
2764,Movie_2764,18938701.0,Romance,"Meryl Streep, Samuel L. Jackson, Sandra Bullock, Christian Bale",Martin Scorsese,132.0,2017-02-05,Walt Disney Pictures,English,USA,5.5,10832.0,42835420
1505,Movie_1505,46341813.0,Documentary,"Morgan Screen, Meryl Streep, Viola Davis",Guillermo del Toro,91.0,2018-11-15,Warner Bros.,English,China,5.6,16059.0,44961379
960,Movie_960,23891284.0,Romance,"Chris Evans, Riley Role",Sam Mendes,118.0,2014-09-19,DreamWorks,English,Canada,6.6,6780.0,51541835
2332,Movie_2332,2411003.0,Musical,"Anya Taylor-Joy, Jennifer Lawrence",James Cameron,89.0,2023-11-11,Paramount Pictures,Japanese,South Korea,7.1,7662.0,5450827
798,Movie_798,8577434.0,Mystery,"Joaquin Phoenix, Will Smith, Denzel Washington",Patty Jenkins,99.0,2007-07-07,Regency Enterprises,Hindi,USA,7.8,11295.0,17523921
226,Movie_226,8659341.0,Sci-Fi,"Ana de Armas, Zendaya, John Doe A",Patty Jenkins,102.0,2008-02-25,Village Roadshow,English,China,6.2,7634.0,25008431
2075,Movie_2075,72499726.0,War,"Idris Elba, Meryl Streep",Steven Spielberg,91.0,2006-11-02,20th Century Studios,Japanese,UK,8.4,14094.0,69280204
1800,Movie_1800,400000000.0,Family,"Dwayne Johnson, Tom Hanks",Wes Anderson,116.0,2018-12-30,A24,Hindi,Canada,5.8,12703.0,1124568281
2486,Movie_2486,20693574.0,Crime,"Awkwafina, Amy Adams, Benedict Cumberbatch, Jordan Talent",Guy Ritchie,95.0,2014-04-26,A24,English,Germany,9.4,10540.0,53165251
2993,Movie_2993,68574224.0,Western,"Amy Adams, Natalie Portman",Christopher Nolan,130.0,2013-03-24,Amblin Entertainment,English,USA,5.7,12789.0,286942786
2278,Movie_2278,107406604.0,Thriller,"Zendaya, Alex Actor",Bong Joon-ho,108.0,2014-01-17,20th Century Studios,Portuguese,France,6.9,14138.0,105654951
2086,Movie_2086,107347160.0,Musical,"Meryl Streep, Tom Holland",Casey Brown,134.0,2002-12-14,Amblin Entertainment,French,France,9.4,12853.0,78138259
1694,Movie_1694,400000000.0,Documentary,"Dwayne Johnson, Riley Role",Pat Quinn,105.0,2012-07-22,Walt Disney Pictures,English,Japan,5.6,13941.0,328490189
1046,Movie_1046,9922509.0,Comedy,"Jane Doe B, Brad Pitt, Chris Evans",Denis Villeneuve,94.0,2003-12-26,A24,Japanese,Brazil,6.5,8972.0,13206850
470,Movie_470,25048447.0,Western,"Gal Gadot, Scarlett Johansson, Ryan Gosling, Emma Stone",Sofia Coppola,93.0,2025-11-25,Village Roadshow,Korean,France,5.9,8731.0,18535237
955,Movie_955,32896145.0,Documentary,"Pat Player, Ana de Armas",Drew White,101.0,2012-06-16,Paramount Pictures,French,Germany,7.0,8061.0,11423224
1935,Movie_1935,60716931.0,Sci-Fi,"Pedro Pascal, Ana de Armas, Riley Role, Dwayne Johnson",Peter Jackson,154.0,2012-10-17,Metro-Goldwyn-Mayer,English,South Korea,10.0,13696.0,210020248
640,Movie_640,6855379.0,Thriller,"Pedro Pascal, Chris Evans",Casey Brown,103.0,2011-12-27,Universal Pictures,English,Germany,7.2,5286.0,8779763
2808,Movie_2808,49936637.0,Comedy,"Natalie Portman, Jake Gyllenhaal, Jane Doe B, Cate Blanchett",Pat Quinn,76.0,2002-08-08,Paramount Pictures,English,China,6.4,15227.0,133681271
1219,Movie_1219,89598426.0,Mystery,"Margot Robbie, Idris Elba, Tom Holland, Alex Actor",Guy Ritchie,98.0,2006-12-24,A24,English,Germany,7.0,13013.0,241831987
1159,Movie_1159,29251818.0,War,"Ryan Gosling, Jane Doe B",Chris Park,142.0,2022-08-07,Blumhouse Productions,Spanish,India,7.5,3892.0,18332316
1416,Movie_1416,4624048.0,Crime,"Florence Pugh, Timothée Chalamet, Lupita Nyong'o",Guillermo del Toro,128.0,2012-01-04,20th Century Studios,Japanese,South Korea,6.8,2520.0,2623375
2742,Movie_2742,2003159.0,Comedy,"Leonardo DiCaprio, Christian Bale",Casey Brown,93.0,2001-05-27,Amblin Entertainment,English,Japan,6.5,10608.0,4540417
1528,Movie_1528,100052154.0,Family,"Jordan Talent, Riley Role",Pat Quinn,118.0,2020-09-01,20th Century Studios,French,Germany,7.5,17744.0,112242187
2951,Movie_2951,28557453.0,Animation,"Denzel Washington, Riley Role, Cate Blanchett",Taika Waititi,149.0,2024-12-23,Legendary Entertainment,Portuguese,India,6.5,7116.0,115230455
1301,Movie_1301,64609381.0,Biography,"Viola Davis, Awkwafina",Tim Burton,127.0,2017-12-20,Lionsgate,English,South Korea,8.0,13824.0,265168762
2896,Movie_2896,41479871.0,Documentary,"John Doe A, Zendaya, Awkwafina",David Fincher,129.0,2000-01-18,Universal Pictures,English,Japan,9.0,6694.0,108257924
1604,Movie_1604,90767274.0,Adventure,"Samuel L. Jackson, Will Smith",Damien Chazelle,116.0,2004-12-01,Paramount Pictures,German,Japan,9.1,13010.0,210560424
161,Movie_161,7408559.0,Action,"Scarlett Johansson, Amy Adams, Brad Pitt",James Cameron,103.0,2021-08-20,DreamWorks,Spanish,Australia,8.2,7937.0,19331188
1705,Movie_1705,34659736.0,Adventure,"Riley Role, John Doe A, Ryan Gosling, Amy Adams",Chris Park,90.0,2010-11-12,Metro-Goldwyn-Mayer,English,Japan,7.6,11566.0,147153035
957,Movie_957,32835659.0,War,"Saoirse Ronan, Morgan Screen, John Doe A, Gal Gadot",Alex Rivera,92.0,2018-09-01,Warner Bros.,Italian,South Korea,9.2,11977.0,42952858
2945,Movie_2945,10124093.0,Mystery,"Morgan Screen, Sam Star",Wes Anderson,108.0,2005-08-25,Metro-Goldwyn-Mayer,Korean,South Korea,8.6,10854.0,12683261
878,Movie_878,80075025.0,Western,"Leonardo DiCaprio, Saoirse Ronan, Brie Larson, Chris Evans",Taika Waititi,153.0,2002-10-06,Columbia Pictures,French,Canada,8.8,13417.0,152628573
1920,Movie_1920,9178921.0,Thriller,"John Doe A, Alex Actor",Alex Rivera,113.0,2010-04-04,NEON,English,Australia,5.5,9113.0,4913196
1885,Movie_1885,12401943.0,Fantasy,"Brad Pitt, Jennifer Lawrence, Leonardo DiCaprio, Cate Blanchett",Jordan Peele,149.0,2020-01-09,Blumhouse Productions,English,Japan,8.3,6625.0,61124537
2201,Movie_2201,35530946.0,Thriller,"Will Smith, Alex Actor, Tom Holland",Ava DuVernay,121.0,2001-07-03,Blumhouse Productions,French,Australia,7.2,9079.0,130647282
99,Movie_99,7873574.0,Romance,"Anya Taylor-Joy, Benedict Cumberbatch, Sam Star",Zack Snyder,125.0,2003-01-09,Searchlight Pictures,English,France,8.7,8867.0,14907661
2857,Movie_2857,19939149.0,War,"Sandra Bullock, Charlize Theron",Peter Jackson,114.0,2009-10-11,Searchlight Pictures,English,Germany,7.3,7356.0,45722260
2558,Movie_2558,82082252.0,Action,"Ana de Armas, Lupita Nyong'o, Natalie Portman",Steven Spielberg,149.0,2024-06-01,Metro-Goldwyn-Mayer,French,Germany,7.8,13318.0,195282964
254,Movie_254,6439204.0,Western,"Christian Bale, Riley Role, Brie Larson, Samuel L. Jackson",Pat Quinn,99.0,2005-05-06,Paramount Pictures,German,USA,8.8,9772.0,1689316
104,Movie_104,60770049.0,War,"Pat Player, Jordan Talent",Taylor Green,60.0,2023-06-18,Lionsgate,English,Brazil,6.8,12298.0,38365608
1446,Movie_1446,9106943.0,Sci-Fi,"Jane Doe B, Dwayne Johnson",Tim Burton,127.0,2015-10-26,Regency Enterprises,English,Canada,7.6,13103.0,42873921
1444,Movie_1444,22324014.0,Western,"Brie Larson, Margot Robbie, Alex Actor, Pedro Pascal",Patty Jenkins,90.0,2017-08-13,Warner Bros.,French,Australia,5.7,14763.0,35150597
1649,Movie_1649,44631548.0,Sci-Fi,"Jordan Talent, Natalie Portman, Denzel Washington",Kathryn Bigelow,126.0,2017-03-20,Universal Pictures,English,Australia,6.5,9832.0,191904930
587,Movie_587,9428097.0,Fantasy,"Will Smith, Taylor Thespian, Florence Pugh, Chris Evans",Morgan Blake,102.0,2018-03-29,Columbia Pictures,Hindi,Germany,6.6,12877.0,7282437
628,Movie_628,23363312.0,Documentary,"Tom Hanks, Samuel L. Jackson, Pedro Pascal",Denis Villeneuve,113.0,2016-12-28,Columbia Pictures,English,India,6.3,14104.0,35463962
1697,Movie_1697,188293219.0,Thriller,"Taylor Thespian, Margot Robbie, Charlize Theron",Guillermo del Toro,110.0,2011-07-13,20th Century Studios,German,Germany,4.7,22474.0,142836669
2102,Movie_2102,3511654.0,Western,"Amy Adams, Samuel L. Jackson, Pedro Pascal, Ryan Gosling",Kathryn Bigelow,110.0,2004-11-02,Amblin Entertainment,Chinese,Australia,7.1,8048.0,1109674
2200,Movie_2200,1538147.0,Thriller,"John Doe A, Denzel Washington, Natalie Portman",Steven Spielberg,134.0,2016-04-14,Annapurna Pictures,English,Japan,10.0,2314.0,8341312
404,Movie_404,15976283.0,Thriller,"Will Smith, Morgan Freeman",Sam Mendes,84.0,2024-04-29,Warner Bros.,English,Canada,8.1,14995.0,76946517
1155,Movie_1155,112651852.0,Fantasy,"Denzel Washington, Cate Blanchett",Damien Chazelle,86.0,2018-01-11,Warner Bros.,English,Brazil,6.6,10525.0,233854514
2256,Movie_2256,1924664.0,Comedy,"Dwayne Johnson, Tom Holland",Steven Spielberg,119.0,2012-11-27,Legendary Entertainment,English,South Korea,7.5,6562.0,8996341
1683,Movie_1683,266514696.0,Biography,"Tom Holland, Chris Evans",Martin Scorsese,89.0,2021-01-10,DreamWorks,Hindi,Germany,7.5,15247.0,202405911
2057,Movie_2057,24726205.0,Documentary,"Brad Pitt, Robert Downey Jr.",Ridley Scott,110.0,2023-05-12,Annapurna Pictures,English,USA,6.6,17972.0,41358591
2874,Movie_2874,400000000.0,Romance,"Leonardo DiCaprio, Tom Hanks, Lupita Nyong'o, Taylor Thespian",Wes Anderson,147.0,2024-05-23,Annapurna Pictures,Hindi,USA,7.2,12671.0,412252383
453,Movie_453,9215055.0,Biography,"John Doe A, Pat Player, Margot Robbie",Christopher Nolan,151.0,2004-06-07,Regency Enterprises,French,Italy,7.5,10837.0,20319642
2302,Movie_2302,9137196.0,Fantasy,"Meryl Streep, Pedro Pascal, Pat Player",Tim Burton,124.0,2011-02-24,Blumhouse Productions,English,USA,4.3,11900.0,7055530
1328,Movie_1328,14014283.0,Fantasy,"Denzel Washington, Emma Stone",James Cameron,100.0,2021-08-21,DreamWorks,English,Australia,5.7,9341.0,27583623
2050,Movie_2050,10148481.0,War,"Jane Doe B, Timothée Chalamet, Ryan Gosling, Benedict Cumberbatch",Wes Anderson,117.0,2001-10-03,Metro-Goldwyn-Mayer,English,UK,7.8,9481.0,8951108
881,Movie_881,25515005.0,Romance,"Robert Downey Jr., Sandra Bullock, Timothée Chalamet, Pedro Pascal",Kathryn Bigelow,128.0,2025-08-20,DreamWorks,Korean,India,5.6,14039.0,44219764
2948,Movie_2948,5462775.0,Comedy,"Christian Bale, Sandra Bullock",Casey Brown,109.0,2022-12-12,Blumhouse Productions,English,USA,7.2,2659.0,10415865
624,Movie_624,26108948.0,Thriller,"Dwayne Johnson, Pat Player, Zendaya",Chris Park,,2001-06-02,DreamWorks,English,China,7.0,6739.0,38555639
2394,Movie_2394,165249568.0,Biography,"Riley Role, Chris Evans",Kathryn Bigelow,123.0,2011-02-22,Legendary Entertainment,English,Japan,7.2,7548.0,379360151
2801,Movie_2801,43080815.0,Thriller,"Viola Davis, Scarlett Johansson, Gal Gadot",Sofia Coppola,110.0,2010-12-27,Paramount Pictures,Japanese,Canada,7.0,14325.0,76619606
1788,Movie_1788,93472420.0,Animation,"Zendaya, Morgan Screen, Margot Robbie",Kathryn Bigelow,60.0,2005-10-28,Columbia Pictures,Korean,Germany,6.2,13534.0,53484223
263,Movie_263,130486080.0,Documentary,"Scarlett Johansson, Morgan Screen",James Cameron,115.0,2000-02-20,Village Roadshow,English,South Korea,7.2,18331.0,300610538
1635,Movie_1635,38680881.0,Biography,"Natalie Portman, Jane Doe B, Oscar Isaac, Florence Pugh",Barry Jenkins,117.0,2019-09-27,New Line Cinema,English,South Korea,6.8,12735.0,99844657
1439,Movie_1439,303481224.0,War,"Jane Doe B, Samuel L. Jackson",Damien Chazelle,123.0,2009-04-07,Amblin Entertainment,Spanish,USA,8.1,12732.0,152197221
2199,Movie_2199,14806063.0,Comedy,"Casey Celeb, Pedro Pascal, Brad Pitt, Idris Elba",Bong Joon-ho,135.0,2023-02-07,Paramount Pictures,English,France,7.5,6856.0,51949903
1970,Movie_1970,106953179.0,Horror,"Morgan Screen, Cate Blanchett, Brad Pitt, Saoirse Ronan",Tim Burton,84.0,2003-03-24,Searchlight Pictures,Hindi,Australia,5.8,,152614595
2521,Movie_2521,45443111.0,Crime,"Cate Blanchett, Margot Robbie, Emma Stone, Meryl Streep",Tim Burton,113.0,2004-05-24,DreamWorks,English,Italy,8.7,11473.0,229139230
1803,Movie_1803,4135852.0,Fantasy,"Ana de Armas, Alex Actor",Peter Jackson,138.0,2009-12-16,Regency Enterprises,Italian,Brazil,8.4,9555.0,4127988
641,Movie_641,29314857.0,Thriller,"Jake Gyllenhaal, Dwayne Johnson",John Smith,106.0,2020-10-27,Warner Bros.,English,India,9.1,13488.0,100970787
2386,Movie_2386,28857945.0,Family,"Ana de Armas, Jane Doe B",Morgan Blake,96.0,2022-07-24,Metro-Goldwyn-Mayer,English,UK,7.5,10801.0,41844872
2599,Movie_2599,10415955.0,Adventure,"Morgan Freeman, Gal Gadot, Christian Bale, Joaquin Phoenix",Drew White,66.0,2022-08-16,Paramount Pictures,English,China,6.1,6347.0,28837405
2860,Movie_2860,5245370.0,Thriller,"Charlize Theron, Morgan Screen",Alex Rivera,125.0,2000-10-11,20th Century Studios,Japanese,Canada,5.8,5849.0,2442021
1960,Movie_1960,22872073.0,Mystery,"Jane Doe B, Benedict Cumberbatch, Samuel L. Jackson",Morgan Blake,97.0,2025-03-10,A24,English,South Korea,7.4,8642.0,31082193
489,Movie_489,10534502.0,Crime,"Zendaya, Pedro Pascal, Tom Holland",Ryan Coogler,126.0,2012-03-15,DreamWorks,English,France,5.5,5358.0,29065635
1844,Movie_1844,11949604.0,Adventure,"Meryl Streep, Amy Adams",Christopher Nolan,89.0,2017-05-21,Paramount Pictures,German,Italy,8.4,10792.0,19643541
1735,Movie_1735,41074162.0,Fantasy,"Gal Gadot, Joaquin Phoenix, Oscar Isaac, Morgan Freeman",Morgan Blake,117.0,2002-08-12,Annapurna Pictures,English,China,6.6,10870.0,58413571
147,Movie_147,9046434.0,Horror,"Sam Star, Anya Taylor-Joy, Jane Doe B",David Fincher,110.0,2019-01-04,Focus Features,Korean,Japan,7.5,9721.0,21784132
1535,Movie_1535,16277114.0,Adventure,"Morgan Screen, Jordan Talent",Pat Quinn,88.0,2022-06-07,Searchlight Pictures,English,China,7.0,12096.0,21205646
1987,Movie_1987,,Animation,"Brad Pitt, Saoirse Ronan",Ava DuVernay,60.0,2024-12-31,Warner Bros.,English,USA,6.5,13529.0,321702063
1370,Movie_1370,4436485.0,Comedy,"Riley Role, Christian Bale, Saoirse Ronan, Brie Larson",Alex Rivera,104.0,2001-04-18,Warner Bros.,English,Germany,7.5,4770.0,11690354
2451,Movie_2451,,Comedy,"Ana de Armas, Timothée Chalamet, Dwayne Johnson",Martin Scorsese,141.0,2019-03-12,Amblin Entertainment,French,France,7.4,12253.0,13555963
2966,Movie_2966,40748614.0,Animation,"Margot Robbie, Chris Evans",Bong Joon-ho,60.0,2008-06-26,Warner Bros.,Spanish,China,6.9,14144.0,54585650
660,Movie_660,24707954.0,Western,"Christian Bale, Timothée Chalamet",Ridley Scott,92.0,2013-01-19,Warner Bros.,Hindi,Germany,5.9,13647.0,28206015
1795,Movie_1795,101987224.0,Musical,"Zendaya, Robert Downey Jr., Saoirse Ronan, Viola Davis",Morgan Blake,121.0,2024-04-17,Walt Disney Pictures,Japanese,India,7.1,17693.0,92820197
2512,Movie_2512,19782658.0,Biography,"Lupita Nyong'o, Tom Holland",Sofia Coppola,71.0,2015-05-12,Universal Pictures,Hindi,France,6.3,14181.0,19449924
187,Movie_187,27498150.0,Biography,"Riley Role, Chris Evans, Pat Player",Ryan Coogler,66.0,2015-03-09,Focus Features,English,UK,4.9,11602.0,52533292
1148,Movie_1148,37405350.0,Western,"Saoirse Ronan, Leonardo DiCaprio",David Fincher,146.0,2018-07-08,NEON,English,Canada,7.8,10167.0,201766699
609,Movie_609,46756159.0,Drama,"Denzel Washington, Leonardo DiCaprio",Ava DuVernay,67.0,2001-01-03,Columbia Pictures,Spanish,China,5.6,,94392231
2192,Movie_2192,11190954.0,War,"Sandra Bullock, John Doe A, Jake Gyllenhaal, Dwayne Johnson",David Fincher,69.0,2004-03-12,Warner Bros.,English,China,7.5,10743.0,69662783
2800,Movie_2800,23031704.0,Western,"Scarlett Johansson, Cate Blanchett, John Doe A, Will Smith",Taylor Green,81.0,2007-02-02,NEON,Hindi,Japan,8.2,11215.0,20020865
1931,Movie_1931,12915684.0,Romance,"Sam Star, Margot Robbie",Wes Anderson,77.0,2025-04-22,Legendary Entertainment,English,France,6.8,12428.0,25927568
198,Movie_198,13785621.0,Sci-Fi,"Jennifer Lawrence, Pat Player",Sam Mendes,126.0,2021-03-01,Walt Disney Pictures,English,Australia,7.6,7807.0,45732433
2328,Movie_2328,27270732.0,War,"Taylor Thespian, Will Smith, Natalie Portman, Viola Davis",David Fincher,96.0,2006-07-01,20th Century Studios,English,China,8.5,11567.0,145431575
294,Movie_294,83778076.0,Horror,"Natalie Portman, Dwayne Johnson, Emma Stone, Robert Downey Jr.",Alex Rivera,60.0,2017-11-11,Regency Enterprises,English,Brazil,6.9,14036.0,309933161
767,Movie_767,28365649.0,Crime,"Tom Hanks, Pedro Pascal, Ana de Armas, Awkwafina",Quentin Tarantino,89.0,2010-06-12,NEON,Spanish,France,7.0,10951.0,70756088
401,Movie_401,12854816.0,Drama,"Riley Role, Pedro Pascal, Tom Hanks, Cate Blanchett",Damien Chazelle,99.0,2025-04-30,DreamWorks,Japanese,South Korea,5.6,8862.0,13515386
123,Movie_123,93940503.0,Documentary,"Pat Player, Lupita Nyong'o",Drew White,112.0,2021-02-26,New Line Cinema,English,USA,6.2,12639.0,111567039
203,Movie_203,103632794.0,Comedy,"Tom Holland, Will Smith, Ana de Armas",Steven Spielberg,101.0,2009-12-25,Searchlight Pictures,German,Brazil,7.5,9864.0,257471105
836,Movie_836,32841033.0,Thriller,"Riley Role, John Doe A, Benedict Cumberbatch, Robert Downey Jr.",John Smith,94.0,2015-12-10,Legendary Entertainment,French,South Korea,6.6,11350.0,53943315
2295,Movie_2295,70101031.0,Thriller,"Tom Hanks, Florence Pugh",Taika Waititi,100.0,2006-12-14,DreamWorks,English,UK,7.9,8472.0,422748629
1440,Movie_1440,39560201.0,Drama,"Ana de Armas, Scarlett Johansson, Gal Gadot, Riley Role",Taika Waititi,137.0,2000-04-23,NEON,Japanese,UK,7.4,9839.0,47692114
1734,Movie_1734,24692862.0,Musical,"Scarlett Johansson, Gal Gadot",Michael Bay,113.0,2017-06-06,Walt Disney Pictures,English,Canada,7.9,14740.0,84386956
1696,Movie_1696,78007625.0,Drama,"Tom Holland, Sam Star",Wes Anderson,96.0,2019-03-30,Focus Features,Spanish,France,6.9,12788.0,141655647
2958,Movie_2958,6472496.0,Fantasy,"Scarlett Johansson, Robert Downey Jr.",Zack Snyder,134.0,2006-09-30,Blumhouse Productions,English,USA,7.6,13402.0,15113664
1708,Movie_1708,61145273.0,Biography,"Idris Elba, Jennifer Lawrence, Lupita Nyong'o",Drew White,79.0,2021-08-06,Paramount Pictures,English,Brazil,7.0,11356.0,193610554
2943,Movie_2943,15678563.0,Musical,"Leonardo DiCaprio, Sam Star, Viola Davis",David Fincher,145.0,2008-05-01,NEON,English,Australia,9.1,10043.0,58996421
1154,Movie_1154,375348845.0,War,"Ana de Armas, Jake Gyllenhaal, Charlize Theron",Barry Jenkins,61.0,2010-06-14,Walt Disney Pictures,English,Germany,7.9,12697.0,1484814885
1662,Movie_1662,8778852.0,Crime,"Sandra Bullock, Emma Stone, Jordan Talent, Denzel Washington",Jamie Lee,123.0,2023-05-23,DreamWorks,English,South Korea,5.9,8212.0,15884450
2433,Movie_2433,13254717.0,Comedy,"Benedict Cumberbatch, Alex Actor",Chris Park,119.0,2023-08-14,Lionsgate,English,India,6.0,5830.0,13143831
1760,Movie_1760,400000000.0,Fantasy,"Will Smith, Meryl Streep",Greta Gerwig,98.0,2017-10-04,Regency Enterprises,Korean,South Korea,7.6,16443.0,303595647
855,Movie_855,29548710.0,Western,"Samuel L. Jackson, Morgan Screen, Lupita Nyong'o",Chris Park,127.0,2005-10-09,A24,English,USA,7.8,14546.0,49926381
1590,Movie_1590,80314879.0,Sci-Fi,"Zendaya, Robert Downey Jr., Gal Gadot, Taylor Thespian",Chloe Zhao,98.0,2017-06-08,Amblin Entertainment,English,India,8.8,10187.0,411976884
2268,Movie_2268,34125653.0,Biography,"Saoirse Ronan, Robert Downey Jr.",Tim Burton,83.0,2006-10-05,Regency Enterprises,English,Japan,7.8,4912.0,130282210
642,Movie_642,47776191.0,Animation,"Oscar Isaac, Ana de Armas, Ryan Gosling",Sofia Coppola,143.0,2005-01-18,Lionsgate,Italian,Japan,8.0,12177.0,29166168
2,Movie_2,39226418.0,Horror,"Benedict Cumberbatch, Denzel Washington, Idris Elba",Chloe Zhao,90.0,2015-02-25,New Line Cinema,Hindi,Germany,7.7,10157.0,116562920
2161,Movie_2161,2438469.0,Drama,"Christian Bale, Casey Celeb, Benedict Cumberbatch, Emma Stone",Quentin Tarantino,129.0,2018-07-16,DreamWorks,English,Brazil,7.2,2448.0,10871634
699,Movie_699,28766997.0,Animation,"Oscar Isaac, Meryl Streep, Brie Larson, Morgan Screen",Greta Gerwig,91.0,2020-01-21,Annapurna Pictures,Spanish,Germany,7.2,8917.0,52435785
1637,Movie_1637,15467733.0,Horror,"Sam Star, Samuel L. Jackson, Pat Player, Robert Downey Jr.",Ryan Coogler,119.0,2021-04-18,Searchlight Pictures,Chinese,Italy,7.3,10489.0,17493825
1292,Movie_1292,3071790.0,Comedy,"Florence Pugh, Jane Doe B, Lupita Nyong'o",Ryan Coogler,101.0,2024-05-24,NEON,English,USA,6.2,2028.0,10607726
2886,Movie_2886,30919235.0,Crime,"Zendaya, Morgan Screen, Jake Gyllenhaal, Ryan Gosling",Chloe Zhao,80.0,2016-03-28,Paramount Pictures,Spanish,South Korea,8.8,9020.0,111823982
2490,Movie_2490,,Mystery,"Riley Role, Idris Elba",Christopher Nolan,146.0,2021-04-14,NEON,English,Brazil,9.8,4639.0,98834048
1521,Movie_1521,1263127.0,Documentary,"Riley Role, Margot Robbie, Scarlett Johansson",David Fincher,147.0,2011-06-02,Lionsgate,Spanish,Canada,9.3,2330.0,825009
1854,Movie_1854,20095160.0,Thriller,"Riley Role, Cate Blanchett",Michael Bay,118.0,2004-01-16,Focus Features,French,China,6.1,11792.0,26046658
1137,Movie_1137,3603077.0,Mystery,"Gal Gadot, Oscar Isaac, Emma Stone",Jane Doe,122.0,2000-08-17,Walt Disney Pictures,English,USA,6.4,,7642249
2928,Movie_2928,23702804.0,Mystery,"Timothée Chalamet, Tom Holland, Amy Adams, Oscar Isaac",Quentin Tarantino,141.0,2006-09-13,Village Roadshow,English,USA,8.4,11537.0,83964063
1632,Movie_1632,5938491.0,Romance,"Brad Pitt, Scarlett Johansson, Florence Pugh, Morgan Screen",Quentin Tarantino,86.0,2004-07-15,Blumhouse Productions,English,Canada,7.7,13518.0,7969046
1999,Movie_1999,6444822.0,Biography,"Morgan Freeman, Anya Taylor-Joy",Pat Quinn,77.0,2005-04-16,20th Century Studios,French,UK,6.3,6789.0,5490049
664,Movie_664,35927854.0,Documentary,"Leonardo DiCaprio, Gal Gadot, Christian Bale",Martin Scorsese,107.0,2006-10-19,Paramount Pictures,English,Germany,8.5,7478.0,165740638
684,Movie_684,57567790.0,Animation,"Christian Bale, Pat Player, Denzel Washington",Taylor Green,76.0,2005-01-07,New Line Cinema,English,USA,7.2,8091.0,230904752
1258,Movie_1258,18399644.0,Western,"Jane Doe B, Lupita Nyong'o, Pat Player, Brie Larson",Christopher Nolan,116.0,2014-05-10,NEON,English,Germany,7.1,17965.0,24071479
318,Movie_318,44149392.0,Horror,"Samuel L. Jackson, Margot Robbie",Morgan Blake,75.0,2003-08-22,20th Century Studios,English,Brazil,5.6,8784.0,69300685
649,Movie_649,154546579.0,Thriller,"Florence Pugh, Casey Celeb, Jane Doe B",John Smith,113.0,2015-01-08,Lionsgate,Hindi,France,5.5,12112.0,120936287
1435,Movie_1435,36479916.0,Thriller,"Tom Holland, John Doe A, Viola Davis, Benedict Cumberbatch",Chloe Zhao,141.0,2005-02-11,Blumhouse Productions,Japanese,India,7.7,15907.0,75444905
1480,Movie_1480,11540992.0,Documentary,"Brad Pitt, Brie Larson, Alex Actor, Charlize Theron",Taika Waititi,117.0,2016-04-22,Blumhouse Productions,Korean,South Korea,7.5,8100.0,7859649
710,Movie_710,50080619.0,Family,"Zendaya, Benedict Cumberbatch, Sandra Bullock, Charlize Theron",John Smith,60.0,2007-09-22,Paramount Pictures,English,Australia,6.3,11684.0,54383165
1283,Movie_1283,400000000.0,Musical,"Denzel Washington, Gal Gadot, Sam Star, Robert Downey Jr.",Taylor Green,103.0,2010-02-18,Metro-Goldwyn-Mayer,English,Brazil,6.7,15934.0,627480254
1769,Movie_1769,120583545.0,Comedy,"Denzel Washington, Christian Bale, Robert Downey Jr., Pat Player",Peter Jackson,69.0,2001-11-11,Universal Pictures,Spanish,Canada,7.6,12278.0,184329112
973,Movie_973,8328740.0,Documentary,"Brie Larson, Samuel L. Jackson",Ava DuVernay,132.0,2022-06-01,Universal Pictures,Hindi,Italy,9.7,6140.0,9841669
2676,Movie_2676,19766364.0,Family,"Will Smith, Charlize Theron, Idris Elba, Brad Pitt",Chris Park,116.0,2001-11-11,Village Roadshow,English,Canada,7.7,15448.0,37688948
2681,Movie_2681,42822737.0,Animation,"Brie Larson, Timothée Chalamet, Viola Davis",Chloe Zhao,164.0,2011-09-09,Regency Enterprises,Chinese,Germany,7.7,11564.0,49678888
1307,Movie_1307,58175412.0,Biography,"Gal Gadot, John Doe A",Guillermo del Toro,123.0,2017-06-26,Columbia Pictures,English,Germany,5.0,8176.0,93734553
1401,Movie_1401,57496196.0,Documentary,"Awkwafina, Jane Doe B, Casey Celeb, Ana de Armas",Pat Quinn,105.0,2015-09-09,Universal Pictures,French,Canada,8.3,10776.0,33642516
1409,Movie_1409,76501812.0,Sci-Fi,"Morgan Screen, Pat Player, Sandra Bullock, Amy Adams",Jamie Lee,88.0,2013-05-08,Columbia Pictures,Spanish,India,6.6,15633.0,94971631
2238,Movie_2238,69175629.0,Action,"Ana de Armas, Scarlett Johansson, Charlize Theron, Brad Pitt",Michael Bay,97.0,2019-07-04,20th Century Studios,Spanish,Italy,7.2,7154.0,216989134
1497,Movie_1497,65450427.0,Animation,"Tom Hanks, Riley Role",Taika Waititi,174.0,2004-06-17,DreamWorks,English,South Korea,7.9,8120.0,383414884
2039,Movie_2039,12694776.0,Family,"Will Smith, Leonardo DiCaprio, Ana de Armas",John Smith,105.0,2012-05-06,Paramount Pictures,Korean,Brazil,6.5,12540.0,23498438
1530,Movie_1530,20998572.0,Biography,"Anya Taylor-Joy, Scarlett Johansson, Natalie Portman",David Fincher,114.0,2020-12-27,NEON,Hindi,France,6.8,10251.0,21788215
1664,Movie_1664,53267562.0,Documentary,"Denzel Washington, Awkwafina, Tom Hanks, Sandra Bullock",Guy Ritchie,99.0,2009-01-28,20th Century Studios,German,India,9.0,11190.0,54989307
1355,Movie_1355,84100262.0,Sci-Fi,"Saoirse Ronan, Ana de Armas, Jennifer Lawrence, Taylor Thespian",Bong Joon-ho,98.0,2004-04-22,Regency Enterprises,English,UK,8.9,17488.0,149707294
2954,Movie_2954,36538866.0,Thriller,"Pedro Pascal, Jordan Talent, Alex Actor, Christian Bale",Quentin Tarantino,,2003-03-04,Warner Bros.,English,India,8.0,13207.0,195492774
2974,Movie_2974,87308377.0,Documentary,"Jake Gyllenhaal, Cate Blanchett, Pat Player, Viola Davis",Christopher Nolan,117.0,2014-01-09,Amblin Entertainment,English,Australia,9.2,11403.0,275804546
1644,Movie_1644,22171698.0,Horror,"Morgan Freeman, Oscar Isaac, Benedict Cumberbatch, Gal Gadot",Greta Gerwig,106.0,2025-11-04,Lionsgate,Hindi,USA,9.4,11209.0,53516447
1052,Movie_1052,16308377.0,Animation,"Joaquin Phoenix, Cate Blanchett, Meryl Streep, Will Smith",Ava DuVernay,89.0,2004-01-24,Legendary Entertainment,English,Canada,6.5,7829.0,43223634
796,Movie_796,10066732.0,Musical,"Riley Role, Cate Blanchett, Oscar Isaac",John Smith,108.0,2007-05-01,Regency Enterprises,English,Japan,7.4,10501.0,18136838
2694,Movie_2694,23499283.0,Animation,"Will Smith, Morgan Screen",Drew White,132.0,2004-02-01,Focus Features,Spanish,Brazil,6.1,8490.0,24294961
1598,Movie_1598,76605443.0,Sci-Fi,"Zendaya, Gal Gadot, Cate Blanchett, Jennifer Lawrence",Chloe Zhao,118.0,2020-05-04,NEON,English,UK,8.5,17418.0,603637703
2605,Movie_2605,51360189.0,Documentary,"Brie Larson, Florence Pugh, Lupita Nyong'o, Natalie Portman",Jamie Lee,90.0,2014-06-24,Focus Features,English,USA,7.7,9845.0,48200649
2730,Movie_2730,8083936.0,Adventure,"Christian Bale, Jordan Talent",Kathryn Bigelow,125.0,2000-01-24,Columbia Pictures,English,India,5.7,10276.0,44323946
2626,Movie_2626,3702528.0,Documentary,"Viola Davis, Anya Taylor-Joy, Jane Doe B, Jordan Talent",Sam Mendes,89.0,2003-03-14,Paramount Pictures,German,India,7.2,8133.0,2329765
1820,Movie_1820,159886038.0,Documentary,"Margot Robbie, Ana de Armas",Morgan Blake,107.0,2001-04-25,Warner Bros.,German,Canada,7.2,15325.0,41565203
1723,Movie_1723,82833230.0,Adventure,"Saoirse Ronan, Alex Actor, Pat Player",Peter Jackson,105.0,2003-12-29,A24,Hindi,France,7.7,11695.0,92892189
1184,Movie_1184,23162452.0,Animation,"Tom Holland, Denzel Washington, Sam Star",Christopher Nolan,106.0,2020-07-13,Annapurna Pictures,Italian,Brazil,7.6,8414.0,26918435
2573,Movie_2573,74532487.0,Musical,"Pedro Pascal, Sandra Bullock, Samuel L. Jackson, Timothée Chalamet",Bong Joon-ho,147.0,2012-10-06,New Line Cinema,English,Brazil,8.9,11789.0,350891238
1060,Movie_1060,5971071.0,Fantasy,"Gal Gadot, Denzel Washington, Pedro Pascal",Chris Park,60.0,2001-07-10,Universal Pictures,German,Italy,6.5,9872.0,5247203
541,Movie_541,40998958.0,Biography,"Meryl Streep, Zendaya, Benedict Cumberbatch, John Doe A",Guillermo del Toro,113.0,2013-03-01,Focus Features,English,Brazil,4.6,13195.0,26145877
1679,Movie_1679,10338307.0,Drama,"Chris Evans, Gal Gadot, Scarlett Johansson, John Doe A",Wes Anderson,145.0,2008-09-18,Village Roadshow,English,South Korea,7.2,7955.0,50623442
2797,Movie_2797,21841588.0,Adventure,"Christian Bale, Ana de Armas",James Cameron,141.0,2022-07-16,Warner Bros.,English,Japan,5.8,8582.0,59241987
2918,Movie_2918,2415157.0,Drama,"Brad Pitt, Benedict Cumberbatch, Sandra Bullock",Quentin Tarantino,154.0,2017-07-08,Focus Features,German,India,7.4,8551.0,6127050
2533,Movie_2533,5824966.0,Thriller,"Robert Downey Jr., Oscar Isaac, Brad Pitt, Meryl Streep",David Fincher,138.0,2015-07-08,A24,English,France,6.2,5539.0,38781877
1758,Movie_1758,29097772.0,Drama,"Jane Doe B, Viola Davis, Alex Actor, Leonardo DiCaprio",Chris Park,130.0,2000-12-07,Walt Disney Pictures,English,Japan,6.5,8582.0,70778230
1924,Movie_1924,31417148.0,Family,"Ana de Armas, Charlize Theron, Zendaya",Jane Doe,72.0,2004-02-10,Regency Enterprises,English,Italy,6.2,9869.0,20804202
96,Movie_96,57192268.0,Adventure,"Samuel L. Jackson, Morgan Screen, Sam Star, Meryl Streep",Sofia Coppola,104.0,2013-03-06,NEON,English,India,6.0,10250.0,86093939
1021,Movie_1021,19634240.0,Western,"Tom Hanks, Riley Role, Emma Stone",Tim Burton,141.0,2005-09-26,New Line Cinema,English,Japan,8.5,10726.0,41725552
564,Movie_564,30618484.0,Sci-Fi,"Margot Robbie, Benedict Cumberbatch, Denzel Washington",Chris Park,115.0,2017-04-29,Blumhouse Productions,English,India,5.7,10297.0,72215065
2791,Movie_2791,121827872.0,Western,"Jennifer Lawrence, Morgan Screen, Will Smith",Bong Joon-ho,60.0,2017-05-15,Amblin Entertainment,Korean,Australia,8.7,16309.0,129806579
864,Movie_864,12906881.0,Action,"Lupita Nyong'o, Charlize Theron, Jordan Talent, Gal Gadot",Jamie Lee,122.0,2012-03-31,Annapurna Pictures,Spanish,UK,6.4,4290.0,16559281
1485,Movie_1485,9791320.0,Sci-Fi,"Meryl Streep, Leonardo DiCaprio, Morgan Screen, Chris Evans",Steven Spielberg,100.0,2000-12-03,Universal Pictures,German,Germany,7.6,11963.0,55403858
1882,Movie_1882,6798779.0,Family,"Awkwafina, Scarlett Johansson, Denzel Washington, Oscar Isaac",Kathryn Bigelow,105.0,2008-01-04,New Line Cinema,Spanish,UK,5.6,8804.0,18124067
1039,Movie_1039,1704762.0,Horror,"Timothée Chalamet, Will Smith, Casey Celeb, Brie Larson",John Smith,114.0,2008-04-20,Paramount Pictures,English,Canada,6.7,6026.0,3472023
207,Movie_207,71968567.0,War,"Pedro Pascal, Emma Stone, Oscar Isaac",Jordan Peele,107.0,2004-10-30,Universal Pictures,English,France,6.7,,195036628
393,Movie_393,78040027.0,Mystery,"Pat Player, Jane Doe B",Bong Joon-ho,120.0,2000-11-29,Columbia Pictures,English,Italy,6.4,10803.0,70081365
2843,Movie_2843,1724399.0,Biography,"Jordan Talent, Jake Gyllenhaal",Taylor Green,126.0,2016-07-11,Village Roadshow,English,UK,5.6,9868.0,2027714
871,Movie_871,24227644.0,Horror,"Anya Taylor-Joy, Idris Elba",Kathryn Bigelow,76.0,2002-05-27,Columbia Pictures,English,France,5.6,13282.0,38423886
398,Movie_398,15222616.0,Western,"Emma Stone, John Doe A, Jordan Talent, Lupita Nyong'o",Denis Villeneuve,115.0,2003-09-29,Lionsgate,Chinese,India,8.1,16417.0,47153233
2815,Movie_2815,19058379.0,Animation,"Scarlett Johansson, Casey Celeb",Alex Rivera,91.0,2016-06-22,Walt Disney Pictures,English,USA,7.5,8944.0,90687779
2912,Movie_2912,6590660.0,Family,"Brie Larson, Zendaya, Saoirse Ronan",Drew White,119.0,2007-02-28,Metro-Goldwyn-Mayer,English,France,6.5,3287.0,28671067
1029,Movie_1029,37836192.0,Adventure,"Chris Evans, Sam Star, Awkwafina",Taika Waititi,114.0,2021-11-26,Metro-Goldwyn-Mayer,English,Brazil,8.3,11070.0,192651101
2691,Movie_2691,10814311.0,Musical,"Ana de Armas, Dwayne Johnson, Casey Celeb",Wes Anderson,109.0,2012-11-22,Warner Bros.,French,Canada,8.4,10832.0,10236115
1486,Movie_1486,3237792.0,Biography,"Sam Star, Sandra Bullock, Ryan Gosling, Margot Robbie",Tim Burton,85.0,2020-06-01,Warner Bros.,French,France,6.4,11205.0,7140441
2661,Movie_2661,23633966.0,Musical,"Emma Stone, Ryan Gosling, Ana de Armas, Natalie Portman",Taika Waititi,81.0,2021-07-08,DreamWorks,English,India,8.9,10567.0,130461647
961,Movie_961,3098050.0,Family,"Brie Larson, Zendaya, Jane Doe B",Tim Burton,98.0,2010-11-23,DreamWorks,French,France,6.6,8572.0,3271135
1571,Movie_1571,19404908.0,Comedy,"Meryl Streep, Robert Downey Jr., Amy Adams",Morgan Blake,157.0,2005-04-29,Columbia Pictures,English,Brazil,6.3,5073.0,36135913
2774,Movie_2774,16910695.0,Crime,"Oscar Isaac, Emma Stone, Ryan Gosling, Lupita Nyong'o",Bong Joon-ho,108.0,2020-03-03,Village Roadshow,Chinese,India,8.6,12694.0,27566292
1896,Movie_1896,3128393.0,Sci-Fi,"Ana de Armas, Sandra Bullock",Taylor Green,128.0,2020-06-27,Legendary Entertainment,Japanese,France,6.8,5011.0,1803860
2732,Movie_2732,286124456.0,Family,"Natalie Portman, Morgan Freeman",Sam Mendes,80.0,2018-06-19,Paramount Pictures,English,Brazil,5.3,14001.0,851387998
2147,Movie_2147,15189777.0,Musical,"Alex Actor, Idris Elba",Quentin Tarantino,101.0,2016-10-01,Regency Enterprises,English,Canada,7.3,11638.0,13580695
805,Movie_805,54289935.0,Family,"Oscar Isaac, Tom Holland",Denis Villeneuve,100.0,2021-05-12,Paramount Pictures,Spanish,UK,7.2,13803.0,136981689
1752,Movie_1752,48018688.0,War,"Robert Downey Jr., Jennifer Lawrence",Christopher Nolan,78.0,2010-09-15,20th Century Studios,English,Brazil,6.3,12063.0,144143698
2455,Movie_2455,42315936.0,Family,"Alex Actor, Timothée Chalamet",Bong Joon-ho,154.0,2021-11-14,Universal Pictures,English,Germany,6.4,8743.0,73052736
503,Movie_503,14252605.0,Crime,"Ryan Gosling, Leonardo DiCaprio",Guillermo del Toro,79.0,2015-05-14,Annapurna Pictures,English,India,6.0,13021.0,43502569
780,Movie_780,,Thriller,"Joaquin Phoenix, Denzel Washington, Jane Doe B, Cate Blanchett",Chloe Zhao,139.0,2000-10-17,Annapurna Pictures,Spanish,Italy,8.1,16792.0,36962526
1864,Movie_1864,27909010.0,Romance,"Saoirse Ronan, Florence Pugh, Alex Actor, Jake Gyllenhaal",Greta Gerwig,96.0,2012-11-02,Columbia Pictures,Hindi,Canada,6.9,10679.0,63500040
201,Movie_201,111766742.0,War,"Florence Pugh, Joaquin Phoenix, Alex Actor",Guy Ritchie,111.0,2010-05-02,Columbia Pictures,English,Italy,8.2,14753.0,169746244
2183,Movie_2183,107668826.0,Western,"Jane Doe B, Tom Holland, Lupita Nyong'o",Ridley Scott,99.0,2021-10-18,New Line Cinema,Chinese,Japan,6.2,5948.0,108512591
2089,Movie_2089,135640974.0,Comedy,"Brie Larson, Gal Gadot, Taylor Thespian, Tom Holland",Casey Brown,124.0,2015-04-27,Legendary Entertainment,Hindi,China,6.5,9981.0,203315072
2279,Movie_2279,1515110.0,Crime,"Emma Stone, John Doe A",Guy Ritchie,109.0,2008-01-29,Searchlight Pictures,English,Canada,7.3,1081.0,4957788
1797,Movie_1797,66989474.0,Sci-Fi,"Pedro Pascal, Emma Stone, Brie Larson",Martin Scorsese,128.0,2015-06-15,A24,English,India,7.5,9772.0,271121014
379,Movie_379,34656999.0,Fantasy,"Brad Pitt, Sam Star, Natalie Portman",Jane Doe,98.0,2011-10-21,Columbia Pictures,English,China,8.0,10620.0,121361707
2337,Movie_2337,7742280.0,Western,"Natalie Portman, Brie Larson, Margot Robbie",Damien Chazelle,124.0,2023-09-14,Columbia Pictures,English,Australia,6.9,7295.0,19427212
419,Movie_419,7888596.0,Crime,"Brad Pitt, Awkwafina",Quentin Tarantino,156.0,2021-05-29,Walt Disney Pictures,English,Germany,8.0,7485.0,13877024
1699,Movie_1699,79872176.0,Mystery,"Anya Taylor-Joy, Brad Pitt, Natalie Portman, Riley Role",Peter Jackson,106.0,2006-01-11,New Line Cinema,Chinese,Germany,8.7,6108.0,174355747
392,Movie_392,4866962.0,Romance,"Robert Downey Jr., Samuel L. Jackson",Pat Quinn,118.0,2011-12-22,Walt Disney Pictures,Portuguese,Canada,5.4,4750.0,1564086
2641,Movie_2641,15608563.0,Western,"Awkwafina, Ryan Gosling",Drew White,134.0,2014-10-26,Regency Enterprises,Korean,USA,7.4,9860.0,16544708
1523,Movie_1523,3255656.0,Adventure,"Natalie Portman, Tom Holland, Sam Star, Gal Gadot",Quentin Tarantino,99.0,2013-09-14,Blumhouse Productions,English,France,7.5,2588.0,16982236
1163,Movie_1163,62628408.0,Action,"Lupita Nyong'o, Chris Evans",Zack Snyder,81.0,2023-12-25,A24,Hindi,UK,6.8,14017.0,93134860
1496,Movie_1496,42262540.0,Sci-Fi,"Benedict Cumberbatch, Saoirse Ronan, Chris Evans, Ryan Gosling",Ryan Coogler,108.0,2004-09-29,DreamWorks,English,Canada,5.1,18573.0,202402186
2696,Movie_2696,,Musical,"Will Smith, Meryl Streep",Taylor Green,81.0,2021-01-10,Lionsgate,Italian,Brazil,8.1,6681.0,11776043
2028,Movie_2028,12092118.0,War,"Charlize Theron, Joaquin Phoenix",Ryan Coogler,153.0,2023-05-27,Focus Features,English,USA,7.9,7765.0,57761167
1153,Movie_1153,62198522.0,Documentary,"Benedict Cumberbatch, John Doe A, Oscar Isaac, Idris Elba",Kathryn Bigelow,99.0,2024-12-27,20th Century Studios,English,Brazil,8.8,15535.0,127600217
1368,Movie_1368,25111348.0,Romance,"Riley Role, Pat Player",Tim Burton,99.0,2022-05-04,Metro-Goldwyn-Mayer,Japanese,Australia,8.4,9416.0,27031849
2569,Movie_2569,18323821.0,Thriller,"Jennifer Lawrence, Taylor Thespian",Tim Burton,109.0,2016-01-31,Walt Disney Pictures,Korean,France,8.7,4783.0,14036780
65,Movie_65,85634593.0,Family,"Will Smith, Ana de Armas",Zack Snyder,120.0,2001-11-10,Walt Disney Pictures,French,China,9.2,10098.0,102702678
2063,Movie_2063,14017121.0,Adventure,"Ryan Gosling, Margot Robbie, Anya Taylor-Joy, Jennifer Lawrence",Steven Spielberg,119.0,2007-01-04,NEON,German,China,7.5,5280.0,31259585
1181,Movie_1181,37704031.0,Comedy,"Joaquin Phoenix, Ryan Gosling, Will Smith",Denis Villeneuve,147.0,2025-10-15,Columbia Pictures,English,China,7.0,11165.0,215832910
493,Movie_493,17980474.0,Crime,"Tom Holland, Pedro Pascal",Martin Scorsese,124.0,2004-12-18,Columbia Pictures,English,France,6.8,13639.0,43547235
380,Movie_380,24654810.0,War,"Sandra Bullock, Meryl Streep, Pedro Pascal, Brie Larson",Taika Waititi,91.0,2006-08-19,Universal Pictures,Spanish,South Korea,8.2,8300.0,30823969
2236,Movie_2236,24120834.0,Mystery,"Viola Davis, Oscar Isaac, Jake Gyllenhaal",Barry Jenkins,88.0,2008-03-05,Blumhouse Productions,French,Brazil,6.4,4096.0,12442832
764,Movie_764,,Thriller,"Tom Hanks, Jordan Talent",Zack Snyder,90.0,2003-01-28,Paramount Pictures,English,South Korea,5.7,3584.0,11736608
2265,Movie_2265,385396559.0,Sci-Fi,"Brie Larson, Oscar Isaac",Chris Park,161.0,2013-02-27,NEON,Spanish,China,7.2,12324.0,594590535
792,Movie_792,17963791.0,Musical,"Idris Elba, Gal Gadot, Viola Davis, Dwayne Johnson",Alex Rivera,112.0,2017-05-31,Universal Pictures,Italian,South Korea,7.7,14280.0,36129669
1077,Movie_1077,13783626.0,Action,"Jane Doe B, Anya Taylor-Joy",Steven Spielberg,133.0,2006-10-20,Metro-Goldwyn-Mayer,Italian,Canada,6.5,11530.0,7668499
879,Movie_879,55475224.0,Family,"Jake Gyllenhaal, John Doe A, Tom Holland",James Cameron,96.0,2011-06-26,NEON,English,Brazil,9.0,,115576339
338,Movie_338,36893417.0,Mystery,"Florence Pugh, Scarlett Johansson, Ryan Gosling",Steven Spielberg,112.0,2000-07-20,Legendary Entertainment,Korean,India,7.5,13947.0,43708817
2768,Movie_2768,2470725.0,Family,"Brie Larson, Jane Doe B, Casey Celeb, Anya Taylor-Joy",John Smith,74.0,2021-09-09,Paramount Pictures,English,India,8.3,10159.0,3375796
2344,Movie_2344,14715524.0,Drama,"Jane Doe B, Idris Elba, Leonardo DiCaprio",John Smith,92.0,2008-10-09,Village Roadshow,Chinese,Brazil,8.6,14058.0,17441447
1017,Movie_1017,16409998.0,Crime,"Brie Larson, Robert Downey Jr.",John Smith,114.0,2018-08-10,Lionsgate,Korean,USA,7.3,9020.0,29665118
1276,Movie_1276,400000000.0,Comedy,"Idris Elba, Joaquin Phoenix, Jennifer Lawrence",Ridley Scott,140.0,2011-12-28,20th Century Studios,English,France,7.5,20923.0,1113836213
456,Movie_456,3746060.0,Crime,"Ana de Armas, Jennifer Lawrence",Guy Ritchie,130.0,2017-03-17,Amblin Entertainment,Portuguese,Brazil,7.5,2918.0,6193012
816,Movie_816,111181165.0,Animation,"Jake Gyllenhaal, Jane Doe B",Casey Brown,115.0,2007-07-12,NEON,English,Brazil,8.2,6837.0,279706087
2318,Movie_2318,43872426.0,Action,"Alex Actor, Emma Stone, Joaquin Phoenix",Denis Villeneuve,114.0,2023-07-05,DreamWorks,English,Australia,7.2,6547.0,183696302
996,Movie_996,50499242.0,Drama,"Anya Taylor-Joy, Jordan Talent, Morgan Screen",David Fincher,128.0,2015-10-17,Village Roadshow,Japanese,UK,6.9,11478.0,40457841
1982,Movie_1982,32811516.0,Horror,"Riley Role, Sam Star, Brad Pitt, Benedict Cumberbatch",Chris Park,100.0,2024-07-11,Blumhouse Productions,Spanish,Canada,5.7,8736.0,32497574
202,Movie_202,16858486.0,Animation,"Florence Pugh, Charlize Theron, Pedro Pascal",Martin Scorsese,109.0,2010-01-15,New Line Cinema,Korean,UK,7.3,12221.0,34181573
162,Movie_162,69168562.0,Family,"Emma Stone, Morgan Screen",Ava DuVernay,97.0,2020-01-09,Metro-Goldwyn-Mayer,English,Canada,8.2,9397.0,123149711
1580,Movie_1580,26055241.0,Documentary,"Scarlett Johansson, Riley Role",James Cameron,96.0,2001-06-19,Searchlight Pictures,Spanish,Japan,6.5,9609.0,28354109
2778,Movie_2778,83069878.0,Fantasy,"Ryan Gosling, Lupita Nyong'o, Jane Doe B",Guillermo del Toro,94.0,2002-07-07,Lionsgate,Korean,India,6.6,14486.0,48903994
2450,Movie_2450,121916858.0,Mystery,"Charlize Theron, Denzel Washington, Jane Doe B, Ana de Armas",Peter Jackson,119.0,2002-02-22,Village Roadshow,English,South Korea,8.5,11396.0,431023143
703,Movie_703,4625412.0,Adventure,"Taylor Thespian, Dwayne Johnson, Morgan Freeman, Awkwafina",Kathryn Bigelow,85.0,2017-11-03,Universal Pictures,Spanish,Japan,7.0,10101.0,10563134
1501,Movie_1501,399987747.0,Adventure,"Tom Hanks, Charlize Theron",Sofia Coppola,150.0,2019-06-26,Regency Enterprises,Portuguese,Japan,7.1,15627.0,754351526
1130,Movie_1130,10239855.0,Action,"Dwayne Johnson, Christian Bale, Timothée Chalamet, Benedict Cumberbatch",Quentin Tarantino,136.0,2011-05-04,Village Roadshow,Hindi,Italy,7.9,15168.0,37358866
2614,Movie_2614,400000000.0,Thriller,"Awkwafina, John Doe A, Robert Downey Jr.",Wes Anderson,106.0,2001-09-11,A24,English,China,7.8,15168.0,818178867
1022,Movie_1022,62288445.0,Biography,"Joaquin Phoenix, Chris Evans, Dwayne Johnson",James Cameron,100.0,2005-11-14,Paramount Pictures,English,South Korea,9.1,16457.0,274475689
1586,Movie_1586,11559536.0,Drama,"Charlize Theron, Pedro Pascal, Margot Robbie",Bong Joon-ho,60.0,2003-09-19,Focus Features,French,Australia,8.1,12423.0,20694556
1956,Movie_1956,38152052.0,Documentary,"Saoirse Ronan, Emma Stone, Scarlett Johansson",Denis Villeneuve,133.0,2014-09-21,Focus Features,English,Germany,8.9,10221.0,103930787
2254,Movie_2254,21058790.0,Biography,"Amy Adams, Riley Role, Casey Celeb",Patty Jenkins,113.0,2005-06-28,Village Roadshow,Italian,Italy,7.1,12063.0,12330786
35,Movie_35,189033060.0,Western,"Alex Actor, Sandra Bullock",James Cameron,83.0,2004-03-29,Annapurna Pictures,English,India,7.4,10099.0,681905660
776,Movie_776,8656821.0,Sci-Fi,"Alex Actor, Timothée Chalamet, Joaquin Phoenix, Jane Doe B",Pat Quinn,122.0,2025-04-30,NEON,English,China,6.2,3725.0,5965185
2557,Movie_2557,85335091.0,Animation,"Cate Blanchett, Zendaya, Jordan Talent, Lupita Nyong'o",Jane Doe,114.0,2016-08-04,Paramount Pictures,Italian,South Korea,6.6,14646.0,76136255
1479,Movie_1479,73056271.0,Sci-Fi,"Florence Pugh, Margot Robbie, Jane Doe B, Jennifer Lawrence",Ava DuVernay,116.0,2022-08-27,NEON,French,Australia,8.7,7921.0,95156985
1391,Movie_1391,2529397.0,Documentary,"Anya Taylor-Joy, Scarlett Johansson",James Cameron,137.0,2006-11-20,DreamWorks,Japanese,France,7.5,8052.0,1300575
2140,Movie_2140,6596038.0,Biography,"Lupita Nyong'o, Pedro Pascal",Taika Waititi,100.0,2022-07-31,Lionsgate,Chinese,China,8.0,9070.0,10742146
1364,Movie_1364,6056406.0,Romance,"Ryan Gosling, Margot Robbie",Barry Jenkins,98.0,2020-08-22,NEON,Hindi,Italy,8.0,12035.0,17512253
2946,Movie_2946,63366900.0,Crime,"Florence Pugh, Taylor Thespian, Scarlett Johansson",Greta Gerwig,129.0,2001-08-05,Blumhouse Productions,English,Canada,7.1,11191.0,229853309
2613,Movie_2613,295485331.0,Family,"Viola Davis, Florence Pugh, Tom Holland, Morgan Screen",Morgan Blake,109.0,2013-04-28,Walt Disney Pictures,Italian,Australia,7.2,14868.0,246524279
2825,Movie_2825,7094557.0,Mystery,"Leonardo DiCaprio, Morgan Freeman, Morgan Screen, John Doe A",Sam Mendes,105.0,2023-08-23,Legendary Entertainment,English,USA,6.6,7445.0,19588862
2042,Movie_2042,124139363.0,Action,"Joaquin Phoenix, Cate Blanchett, Riley Role",Zack Snyder,102.0,2009-10-15,Amblin Entertainment,Hindi,Japan,6.6,16206.0,256838217
242,Movie_242,19774006.0,Adventure,"Florence Pugh, Jordan Talent",John Smith,94.0,2014-03-13,New Line Cinema,Spanish,UK,6.7,16023.0,13554520
2062,Movie_2062,26366388.0,Thriller,"Chris Evans, Samuel L. Jackson",Morgan Blake,116.0,2004-06-05,20th Century Studios,Italian,USA,6.3,12225.0,22433815
2364,Movie_2364,5079553.0,Action,"Tom Holland, Riley Role",Ryan Coogler,80.0,2010-09-01,Walt Disney Pictures,English,Brazil,6.3,12615.0,3694135
601,Movie_601,30837047.0,Musical,"Idris Elba, Taylor Thespian, Riley Role",Drew White,85.0,2023-07-19,Searchlight Pictures,English,USA,6.7,10703.0,40771061
2436,Movie_2436,224838766.0,Family,"Will Smith, Robert Downey Jr.",Damien Chazelle,120.0,2008-12-07,Annapurna Pictures,Japanese,USA,7.8,20104.0,720925662
1298,Movie_1298,12641949.0,Thriller,"Awkwafina, Ryan Gosling, Sam Star, Viola Davis",Alex Rivera,138.0,2016-03-18,Amblin Entertainment,Italian,South Korea,6.8,9500.0,23697576
2215,Movie_2215,20614326.0,Family,"Ana de Armas, Pedro Pascal, Jordan Talent, Gal Gadot",Bong Joon-ho,87.0,2014-12-26,Village Roadshow,Spanish,South Korea,8.7,9165.0,20060786
2889,Movie_2889,50909117.0,Musical,"Morgan Freeman, Sam Star",Quentin Tarantino,71.0,2022-10-18,Regency Enterprises,English,Brazil,8.1,8622.0,284716665
2069,Movie_2069,32922593.0,Biography,"Morgan Screen, Robert Downey Jr., Lupita Nyong'o",Taika Waititi,81.0,2006-12-07,New Line Cinema,Italian,Brazil,6.6,8553.0,47201050
647,Movie_647,101225006.0,Action,"Margot Robbie, Lupita Nyong'o, Timothée Chalamet, Denzel Washington",Christopher Nolan,119.0,2000-08-06,Annapurna Pictures,English,China,8.5,9974.0,725159062
1529,Movie_1529,36380242.0,Family,"Pat Player, Anya Taylor-Joy, Lupita Nyong'o",Quentin Tarantino,71.0,2013-06-24,Legendary Entertainment,German,USA,9.4,14653.0,151419370
2880,Movie_2880,400000000.0,Comedy,"Morgan Screen, Alex Actor, Sandra Bullock",Drew White,93.0,2014-09-07,New Line Cinema,English,South Korea,8.9,11328.0,684877049
1268,Movie_1268,52538884.0,Adventure,"Taylor Thespian, Zendaya, Leonardo DiCaprio, Anya Taylor-Joy",Chloe Zhao,146.0,2024-04-10,Paramount Pictures,Spanish,Italy,7.4,14222.0,55608263
1900,Movie_1900,6221091.0,Romance,"Ana de Armas, Gal Gadot, Leonardo DiCaprio, Brad Pitt",Tim Burton,132.0,2023-08-14,Walt Disney Pictures,English,Germany,6.4,6220.0,15911417
563,Movie_563,17410850.0,Crime,"Natalie Portman, Margot Robbie, Jane Doe B",Sam Mendes,119.0,2005-10-20,Annapurna Pictures,Chinese,UK,8.3,12215.0,41047467
2735,Movie_2735,66254043.0,Fantasy,"Morgan Screen, Lupita Nyong'o, Robert Downey Jr.",Drew White,81.0,2015-03-09,Walt Disney Pictures,Chinese,India,7.2,6351.0,66971233
190,Movie_190,174529326.0,Crime,"Alex Actor, Dwayne Johnson, Oscar Isaac, Saoirse Ronan",Sam Mendes,141.0,2019-02-24,Legendary Entertainment,Italian,France,8.7,15779.0,239129638
1807,Movie_1807,12306132.0,Horror,"Natalie Portman, Saoirse Ronan",Chloe Zhao,109.0,2002-01-17,New Line Cinema,English,Germany,7.1,3474.0,91417028
976,Movie_976,7265114.0,Action,"Samuel L. Jackson, Margot Robbie",Morgan Blake,86.0,2020-10-04,Paramount Pictures,English,India,7.2,12558.0,27645825
2748,Movie_2748,126346980.0,Fantasy,"Chris Evans, Jake Gyllenhaal, Jordan Talent",Alex Rivera,115.0,2020-07-02,New Line Cinema,Korean,Germany,9.0,10185.0,82255230
2048,Movie_2048,103260620.0,Horror,"Sam Star, Awkwafina, Brad Pitt",Tim Burton,72.0,2012-08-25,DreamWorks,English,South Korea,8.4,15056.0,255212509
2559,Movie_2559,6547262.0,Crime,"Anya Taylor-Joy, Casey Celeb",Denis Villeneuve,132.0,2021-04-16,Focus Features,English,Germany,6.8,5309.0,19124244
1083,Movie_1083,5445486.0,Adventure,"Saoirse Ronan, Anya Taylor-Joy, Morgan Screen, Ryan Gosling",Sofia Coppola,122.0,2022-07-15,Blumhouse Productions,English,UK,5.2,7833.0,9714504
475,Movie_475,7303839.0,Musical,"Taylor Thespian, Samuel L. Jackson",Patty Jenkins,130.0,2011-01-21,Metro-Goldwyn-Mayer,English,UK,7.8,9111.0,27385496
2905,Movie_2905,8043872.0,Thriller,"Chris Evans, Sam Star, Christian Bale",Greta Gerwig,72.0,2000-09-27,Lionsgate,Japanese,India,7.3,10179.0,5869879
748,Movie_748,6700510.0,Documentary,"Leonardo DiCaprio, Brad Pitt, Charlize Theron, Amy Adams",Chloe Zhao,134.0,2023-08-04,Village Roadshow,English,Australia,9.5,8515.0,8328028
2301,Movie_2301,,Mystery,"Emma Stone, Samuel L. Jackson, Ryan Gosling",John Smith,143.0,2009-07-27,New Line Cinema,English,Italy,6.6,12704.0,16643456
22,Movie_22,5907396.0,Biography,"John Doe A, Casey Celeb, Joaquin Phoenix",Patty Jenkins,120.0,2011-10-21,A24,Hindi,China,8.0,10159.0,12054410
460,Movie_460,26742303.0,Comedy,"Riley Role, Natalie Portman, Pat Player, Lupita Nyong'o",John Smith,81.0,2015-10-16,Legendary Entertainment,Italian,Brazil,6.6,10599.0,23864406
1185,Movie_1185,34093346.0,War,"Riley Role, Jane Doe B, Samuel L. Jackson, Brad Pitt",Guy Ritchie,105.0,2009-03-16,Focus Features,Italian,France,7.6,12288.0,33816402
2325,Movie_2325,83856212.0,Musical,"Riley Role, Timothée Chalamet",Greta Gerwig,102.0,2019-03-17,Metro-Goldwyn-Mayer,English,Australia,6.7,17435.0,291074642
956,Movie_956,30560262.0,Thriller,"Jane Doe B, Taylor Thespian, Chris Evans, Natalie Portman",Bong Joon-ho,89.0,2024-06-10,Blumhouse Productions,French,USA,7.3,12453.0,108345395
1216,Movie_1216,123368385.0,Horror,"Ryan Gosling, Jake Gyllenhaal, Saoirse Ronan, Margot Robbie",David Fincher,,2007-05-11,Legendary Entertainment,Portuguese,Italy,7.4,13671.0,465821857
2434,Movie_2434,3956232.0,War,"Brad Pitt, Pat Player, Idris Elba",John Smith,164.0,2013-03-03,Legendary Entertainment,German,Canada,9.2,5907.0,9589036
2854,Movie_2854,26855190.0,Mystery,"Taylor Thespian, Riley Role, Pedro Pascal",Taylor Green,116.0,2019-03-12,Regency Enterprises,English,Brazil,7.7,6975.0,30106589
1516,Movie_1516,28171876.0,Biography,"Jordan Talent, Emma Stone, Morgan Screen",Alex Rivera,120.0,2018-12-06,DreamWorks,English,Canada,8.1,14499.0,57194943
2392,Movie_2392,400000000.0,Horror,"Alex Actor, Awkwafina, Jake Gyllenhaal, Brie Larson",Tim Burton,108.0,2007-04-10,Village Roadshow,English,France,8.4,17752.0,1064270582
770,Movie_770,21465255.0,Fantasy,"Jake Gyllenhaal, Viola Davis, Anya Taylor-Joy",Jordan Peele,83.0,2009-06-17,Walt Disney Pictures,English,Canada,8.2,10640.0,148548538
1686,Movie_1686,35078741.0,Documentary,"Jennifer Lawrence, Timothée Chalamet",Taylor Green,161.0,2016-08-31,Village Roadshow,Spanish,Japan,7.4,11166.0,12557338
131,Movie_131,32822384.0,Thriller,"John Doe A, Gal Gadot, Pat Player",Alex Rivera,110.0,2009-11-29,Focus Features,English,Japan,6.7,14583.0,73988854
2920,Movie_2920,190657124.0,Biography,"Timothée Chalamet, Scarlett Johansson, Cate Blanchett, Chris Evans",Kathryn Bigelow,60.0,2022-06-27,Blumhouse Productions,English,Italy,7.5,13226.0,565303709
2136,Movie_2136,42000916.0,Romance,"Tom Hanks, Chris Evans, Jane Doe B, Benedict Cumberbatch",Damien Chazelle,85.0,2019-03-03,Focus Features,German,Japan,7.7,11321.0,17244192
1483,Movie_1483,228453869.0,Documentary,"Alex Actor, Saoirse Ronan, Benedict Cumberbatch, Chris Evans",James Cameron,146.0,2000-10-04,A24,Spanish,Japan,8.7,11395.0,240913347
331,Movie_331,,War,"Margot Robbie, Jordan Talent",Steven Spielberg,121.0,2007-01-04,20th Century Studios,Portuguese,Brazil,7.3,18051.0,1455204816
1239,Movie_1239,11553984.0,Drama,"Robert Downey Jr., Taylor Thespian",Kathryn Bigelow,138.0,2005-07-23,Searchlight Pictures,English,UK,9.0,4550.0,19793313
467,Movie_467,10889986.0,Documentary,"Christian Bale, Tom Holland, Charlize Theron",Ridley Scott,146.0,2011-10-23,Paramount Pictures,French,Australia,7.5,13087.0,8869499
2170,Movie_2170,62482572.0,Crime,"Christian Bale, Jane Doe B",John Smith,95.0,2020-04-30,Metro-Goldwyn-Mayer,German,India,7.1,13084.0,15341631
1639,Movie_1639,1750097.0,Romance,"Pedro Pascal, Brad Pitt, Viola Davis, Leonardo DiCaprio",David Fincher,128.0,2015-06-16,Village Roadshow,French,Brazil,7.6,7961.0,5505862
1096,Movie_1096,21801528.0,Biography,"John Doe A, Florence Pugh, Zendaya, Viola Davis",Zack Snyder,147.0,2018-02-22,Paramount Pictures,English,UK,6.7,8369.0,34893422
1131,Movie_1131,19111008.0,Western,"Ana de Armas, Joaquin Phoenix, Timothée Chalamet",Damien Chazelle,103.0,2002-11-28,Walt Disney Pictures,English,Brazil,6.3,4309.0,19787221
1295,Movie_1295,10241683.0,Biography,"Anya Taylor-Joy, Tom Hanks, Dwayne Johnson",Ridley Scott,116.0,2004-07-07,DreamWorks,English,France,8.3,6642.0,26586500
861,Movie_861,82365206.0,Horror,"Idris Elba, Anya Taylor-Joy, Emma Stone",Chris Park,89.0,2012-10-03,Amblin Entertainment,Hindi,Italy,8.6,9968.0,14200696
